DATE_TIME,SOURCE_KEY,DC_POWER,AC_POWER,DAILY_YIELD,TOTAL_YIELD
10-06-2020 19:00,uHbuxQJl8lW7ozc,0,0,6645,7240508.000
28-05-2020 00:15,rGa61gmuvPhdLxV,0,0,0,7206549.000
17-05-2020 15:15,sjndEbLyjtCKgGv,7333.88,718.062,6442,7036055.000
01-06-2020 04:15,ih0vzX44oOqAx2f,0,0,0,6308232.000
17-05-2020 09:00,z9Y9gH1T5YWrNuG,7665.5,750.438,961.375,7021701.375
11-06-2020 20:30,ih0vzX44oOqAx2f,0,0,5521,6386553.000
22-05-2020 01:30,ih0vzX44oOqAx2f,0,0,0,6233543.000
31-05-2020 13:45,1BY6WEcLGh8j5v7,3661.14,358.714,4605.86,6376733.857
10-06-2020 14:45,zVJPv84UY57bAof,962.875,93.5125,5609.75,7316065.750
21-05-2020 16:00,adLQvlD726eNBSB,4058.75,398.688,7573.12,6321188.125
14-06-2020 17:45,3PZuoBAID5Wc2HD,568,54.9625,7480.12,7218199.125
26-05-2020 12:15,bvBOhCH3iADSZry,11830.1,1153.83,4028.14,6396364.143
11-06-2020 07:00,pkci93gMrogZuBj,822.857,79.8571,35.1429,7369329.143
01-06-2020 19:45,ZoEaEvLYb1n2sOq,0,0,5796,7228440.000
01-06-2020 08:00,uHbuxQJl8lW7ozc,6027.71,590.614,482.143,7165835.143
22-05-2020 20:15,ZnxXDlPa8U1GXgE,0,0,7275,6579139.000
22-05-2020 06:45,sjndEbLyjtCKgGv,1182,114.943,55.1429,7065941.143
31-05-2020 07:45,3PZuoBAID5Wc2HD,2253.12,220.887,197.875,7109685.875
15-05-2020 22:45,WRmjgnKYAwPKWDb,0,0,0,7034815.000
19-05-2020 13:30,rGa61gmuvPhdLxV,7763.43,759.929,4325.29,7141227.286
31-05-2020 01:15,1IF53ai7Xc0U56Y,0,0,0,6305543.000
29-05-2020 19:00,WRmjgnKYAwPKWDb,0,0,8038,7140899.000
15-05-2020 01:15,McdE0feGgRqW7Ca,0,0,0,7158964.000
08-06-2020 18:15,zBIq5rxdHJRwDNY,453.625,43.875,8350.5,6523261.500
17-06-2020 04:30,ih0vzX44oOqAx2f,0,0,0,6420371.000
04-06-2020 18:00,WRmjgnKYAwPKWDb,780.857,75.7714,8022,7182649.000
27-05-2020 13:00,1BY6WEcLGh8j5v7,7683,751.625,4121.38,6347790.375
25-05-2020 20:30,pkci93gMrogZuBj,0,0,8812,7250519.000
04-06-2020 05:00,wCURE6d3bPkepu2,0,0,0,6930776.000
08-06-2020 20:00,McdE0feGgRqW7Ca,0,0,8580,7346782.000
02-06-2020 14:00,pkci93gMrogZuBj,6763.88,662.487,5415.62,7305715.625
30-05-2020 03:30,uHbuxQJl8lW7ozc,0,0,0,7151932.000
19-05-2020 19:30,ZoEaEvLYb1n2sOq,0,0,6805,7130332.000
16-06-2020 10:45,WRmjgnKYAwPKWDb,8655.29,846.471,2375.14,7263690.143
27-05-2020 23:30,ih0vzX44oOqAx2f,0,0,6564,6278855.000
23-05-2020 02:45,bvBOhCH3iADSZry,0,0,0,6368908.000
14-06-2020 03:00,iCRJl6heRkivqQ3,0,0,0,7399855.000
08-06-2020 05:15,zVJPv84UY57bAof,0,0,0,7293790.000
23-05-2020 07:45,bvBOhCH3iADSZry,3447.86,338.957,214.571,6369122.571
27-05-2020 04:45,1IF53ai7Xc0U56Y,0,0,0,6274638.000
15-06-2020 22:15,1IF53ai7Xc0U56Y,0,0,6846,6421214.000
12-06-2020 04:15,wCURE6d3bPkepu2,0,0,0,6988054.000
17-05-2020 12:30,3PZuoBAID5Wc2HD,7456.12,729.225,4564.5,7005253.500
31-05-2020 07:30,ZoEaEvLYb1n2sOq,1954.29,191.571,142.143,7216990.143
25-05-2020 02:00,zVJPv84UY57bAof,0,0,0,7188796.000
13-06-2020 23:30,3PZuoBAID5Wc2HD,0,0,8633,7210719.000
15-06-2020 14:30,wCURE6d3bPkepu2,10571.3,1032.07,5366.57,7015064.571
28-05-2020 08:30,zBIq5rxdHJRwDNY,6311.43,618.343,652,6434735.000
25-05-2020 10:15,z9Y9gH1T5YWrNuG,11050.1,1079.86,2174.29,7082812.286
11-06-2020 12:00,uHbuxQJl8lW7ozc,9306,910.257,2308,7242816.000
11-06-2020 15:00,wCURE6d3bPkepu2,7624.5,746.325,4481.75,6986884.750
17-06-2020 23:30,McdE0feGgRqW7Ca,0,0,5992,7408587.000
12-06-2020 17:15,VHMLBKoKgIrUVDU,1816.14,178,5757.43,7420768.429
02-06-2020 14:45,WRmjgnKYAwPKWDb,8506.14,831.429,5969.86,7165669.857
17-06-2020 14:15,1BY6WEcLGh8j5v7,5533.86,542.457,4516.43,6484314.429
23-05-2020 08:45,uHbuxQJl8lW7ozc,7643.57,748.3,825.143,7096078.143
17-05-2020 10:15,1BY6WEcLGh8j5v7,9028.14,883.186,1888.71,6273493.714
07-06-2020 20:30,wCURE6d3bPkepu2,0,0,6433,6959527.000
11-06-2020 16:00,1IF53ai7Xc0U56Y,4941.5,484.725,5173.25,6391793.250
16-05-2020 20:15,WRmjgnKYAwPKWDb,0,0,6615,7041430.000
29-05-2020 15:15,McdE0feGgRqW7Ca,7511.62,735.425,7099.5,7272055.500
24-05-2020 14:30,bvBOhCH3iADSZry,6492,635.7,6034.71,6382806.714
05-06-2020 06:45,1IF53ai7Xc0U56Y,1527.86,149.371,43.8571,6340898.857
16-06-2020 20:30,VHMLBKoKgIrUVDU,0,0,6332,7450201.000
09-06-2020 18:00,pkci93gMrogZuBj,869.714,84.4429,8216.57,7362692.571
14-06-2020 21:15,WRmjgnKYAwPKWDb,0,0,7405,7254584.000
06-06-2020 10:15,McdE0feGgRqW7Ca,9571.71,934.929,2044.43,7326725.429
16-06-2020 09:15,adLQvlD726eNBSB,6755.86,661.7,1084.14,6513086.143
31-05-2020 22:45,sjndEbLyjtCKgGv,0,0,5987,7142242.000
17-05-2020 23:15,iCRJl6heRkivqQ3,0,0,7519,7198367.000
09-06-2020 19:30,pkci93gMrogZuBj,0,0,8240,7362716.000
16-05-2020 23:45,ZnxXDlPa8U1GXgE,0,0,6676,6535152.000
13-06-2020 11:30,7JYdWkrLSPkdwr4,11094.5,1082.44,3570.25,7815987.250
16-05-2020 10:30,YxYtjZvoooNbGkE,9287.29,908.371,1870.43,7188127.429
07-06-2020 10:00,VHMLBKoKgIrUVDU,6926.88,678.4,1511.5,7379500.500
19-05-2020 16:45,McdE0feGgRqW7Ca,3799.29,373.386,6804.14,7191895.143
07-06-2020 13:00,VHMLBKoKgIrUVDU,12663.4,1234.69,4976.71,7382965.714
17-06-2020 17:00,VHMLBKoKgIrUVDU,1340,130.4,5868,7456069.000
01-06-2020 17:15,ih0vzX44oOqAx2f,976.429,94.8571,5685.86,6313917.857
13-06-2020 04:45,adLQvlD726eNBSB,0,0,0,6488722.000
02-06-2020 08:45,1BY6WEcLGh8j5v7,7080.57,693.329,833.143,6384272.143
19-05-2020 16:30,VHMLBKoKgIrUVDU,4654.38,456.712,6685.75,7239239.750
02-06-2020 09:30,ZnxXDlPa8U1GXgE,9799,957.386,1488.29,6656931.286
05-06-2020 20:30,z9Y9gH1T5YWrNuG,0,0,7739,7171001.000
24-05-2020 09:30,1BY6WEcLGh8j5v7,8408.12,822.65,1285.12,6321688.125
03-06-2020 12:30,pkci93gMrogZuBj,11015.4,1075.59,3758.14,7311408.143
26-05-2020 04:30,VHMLBKoKgIrUVDU,0,0,0,7289525.000
18-05-2020 12:30,uHbuxQJl8lW7ozc,8626.12,844.062,2056.62,7060849.625
15-06-2020 09:00,WRmjgnKYAwPKWDb,8168.12,799.325,1120.5,7255704.500
21-05-2020 21:15,ih0vzX44oOqAx2f,0,0,0,6233543.000
07-06-2020 16:15,iCRJl6heRkivqQ3,6557.25,642.3,7691.88,7355925.875
13-06-2020 04:45,zBIq5rxdHJRwDNY,0,0,0,6549387.000
11-06-2020 03:45,iCRJl6heRkivqQ3,0,0,0,7379779.000
06-06-2020 13:45,7JYdWkrLSPkdwr4,9546.5,932.575,4960.5,7769100.500
02-06-2020 17:15,wCURE6d3bPkepu2,1572,153.657,7450,6922794.000
08-06-2020 18:00,uHbuxQJl8lW7ozc,855.143,82.9857,8380.86,7225529.857
20-05-2020 08:00,bvBOhCH3iADSZry,4833.12,474.125,375,6347282.000
12-06-2020 23:30,ih0vzX44oOqAx2f,0,0,5710,6392263.000
13-06-2020 03:45,adLQvlD726eNBSB,0,0,0,6488722.000
11-06-2020 14:30,uHbuxQJl8lW7ozc,9690.29,946.843,4114.43,7244622.429
31-05-2020 03:45,z9Y9gH1T5YWrNuG,0,0,0,7127597.000
30-05-2020 20:30,VHMLBKoKgIrUVDU,0,0,7270,7328329.000
21-05-2020 23:15,1BY6WEcLGh8j5v7,0,0,7243,6305589.000
31-05-2020 15:45,ih0vzX44oOqAx2f,3019.29,296.586,5540.57,6307807.571
07-06-2020 06:15,7JYdWkrLSPkdwr4,415,40.125,5.625,7770462.625
09-06-2020 16:15,z9Y9gH1T5YWrNuG,5627.14,551.457,7064.86,7198488.857
06-06-2020 04:45,pkci93gMrogZuBj,0,0,0,7331487.000
17-05-2020 20:15,3PZuoBAID5Wc2HD,0,0,7794,7008483.000
14-06-2020 01:45,bvBOhCH3iADSZry,0,0,0,6517642.000
06-06-2020 15:30,pkci93gMrogZuBj,4472.38,438.975,6063.75,7337550.750
16-05-2020 08:30,WRmjgnKYAwPKWDb,5936.86,581.757,580.714,7035395.714
05-06-2020 19:45,pkci93gMrogZuBj,0,0,7796,7331487.000
27-05-2020 15:15,3PZuoBAID5Wc2HD,5357,525.229,5719.14,7084430.143
16-06-2020 10:30,wCURE6d3bPkepu2,8568,838.343,2143.71,7018587.714
08-06-2020 05:30,adLQvlD726eNBSB,0,0,0,6453384.000
05-06-2020 05:15,adLQvlD726eNBSB,0,0,0,6430581.000
04-06-2020 03:30,ZoEaEvLYb1n2sOq,0,0,0,7243501.000
26-05-2020 14:00,sjndEbLyjtCKgGv,9399.62,917.875,6021.62,7104132.625
01-06-2020 14:00,bvBOhCH3iADSZry,2696.57,264.086,4654.71,6437921.714
09-06-2020 06:45,3PZuoBAID5Wc2HD,1618.62,158.238,55.625,7175788.625
16-05-2020 03:00,z9Y9gH1T5YWrNuG,0,0,0,7014252.000
14-06-2020 00:30,zBIq5rxdHJRwDNY,0,0,0,6557822.000
16-06-2020 08:30,ZnxXDlPa8U1GXgE,5789.29,567.386,590.429,6759094.429
23-05-2020 17:15,sjndEbLyjtCKgGv,2882.29,282.843,8316.86,7081278.857
06-06-2020 04:45,YxYtjZvoooNbGkE,0,0,0,7342489.000
02-06-2020 10:30,uHbuxQJl8lW7ozc,7532,737.3,2311,7173253.000
17-06-2020 07:15,adLQvlD726eNBSB,2119.57,207.829,61.4286,6518459.429
05-06-2020 01:00,wCURE6d3bPkepu2,0,0,0,6939021.000
21-05-2020 09:00,wCURE6d3bPkepu2,8051.25,788.05,962.625,6825206.625
21-05-2020 14:15,VHMLBKoKgIrUVDU,8533,833.529,6248.14,7254772.143
16-06-2020 10:45,sjndEbLyjtCKgGv,9520.38,930.538,2346.5,7251885.500
17-05-2020 11:15,1BY6WEcLGh8j5v7,10160.1,991.829,2945.14,6274550.143
26-05-2020 08:00,ih0vzX44oOqAx2f,4994.86,489.729,407.714,6264986.714
03-06-2020 05:15,ZoEaEvLYb1n2sOq,0,0,0,7235727.000
29-05-2020 08:45,1IF53ai7Xc0U56Y,5765.86,565.057,680.143,6290638.143
07-06-2020 13:00,ZnxXDlPa8U1GXgE,12618.8,1230.31,4942.12,6697996.125
29-05-2020 15:45,McdE0feGgRqW7Ca,7475,731.862,7445.5,7272401.500
22-05-2020 22:00,iCRJl6heRkivqQ3,0,0,0,7234593.000
05-06-2020 13:00,ih0vzX44oOqAx2f,8035.25,786.462,3961,6340980.000
17-06-2020 06:45,VHMLBKoKgIrUVDU,471,45.7,0,7450201.000
04-06-2020 22:00,uHbuxQJl8lW7ozc,0,0,0,7194535.000
17-06-2020 06:00,pkci93gMrogZuBj,0,0,0,7409478.000
03-06-2020 13:45,uHbuxQJl8lW7ozc,9056.5,885.95,5009,7183414.000
24-05-2020 23:45,ZoEaEvLYb1n2sOq,0,0,7985,7170169.000
25-05-2020 13:45,ZnxXDlPa8U1GXgE,11796.1,1150.13,6383.29,6602139.286
11-06-2020 04:15,1IF53ai7Xc0U56Y,0,0,0,6386620.000
09-06-2020 09:15,WRmjgnKYAwPKWDb,7182.12,703.075,1311.75,7214312.750
28-05-2020 15:00,ih0vzX44oOqAx2f,9909.75,968.987,7045.62,6285900.625
20-05-2020 05:15,1IF53ai7Xc0U56Y,0,0,0,6216430.000
06-06-2020 09:45,YxYtjZvoooNbGkE,7203.25,704.737,1529.62,7344018.625
05-06-2020 07:00,1BY6WEcLGh8j5v7,1306.62,127.225,70.25,6405450.250
21-05-2020 07:45,z9Y9gH1T5YWrNuG,3321,326.28,312.6,7049573.600
18-05-2020 12:00,ZnxXDlPa8U1GXgE,8239.75,806.362,1634,6544372.000
01-06-2020 00:45,iCRJl6heRkivqQ3,0,0,0,7304567.000
30-05-2020 16:15,adLQvlD726eNBSB,5647.25,553.45,6912.5,6394264.500
19-05-2020 23:45,z9Y9gH1T5YWrNuG,0,0,6892,7040465.000
06-06-2020 11:30,sjndEbLyjtCKgGv,7884.38,770.05,3101.12,7182378.125
14-06-2020 09:15,3PZuoBAID5Wc2HD,8665.12,847.812,1088.5,7211807.500
11-06-2020 00:30,7JYdWkrLSPkdwr4,0,0,0,7801091.000
16-05-2020 05:45,ih0vzX44oOqAx2f,0,0,0,6191360.000
15-05-2020 22:45,zVJPv84UY57bAof,0,0,5965,7122116.000
13-06-2020 07:30,pkci93gMrogZuBj,3245.88,318.85,187.625,7380994.625
02-06-2020 22:15,ih0vzX44oOqAx2f,0,0,0,6321311.000
30-05-2020 17:00,7JYdWkrLSPkdwr4,3250.86,319.543,6952.29,7721787.286
16-05-2020 06:00,WRmjgnKYAwPKWDb,55.375,5.35,0,7034815.000
15-06-2020 00:45,WRmjgnKYAwPKWDb,0,0,0,7254584.000
16-05-2020 17:30,z9Y9gH1T5YWrNuG,1176.38,114.375,6443.75,7020695.750
22-05-2020 03:15,adLQvlD726eNBSB,0,0,0,6321573.000
27-05-2020 13:45,sjndEbLyjtCKgGv,4185.75,411.188,4883.62,7110772.625
21-05-2020 13:00,z9Y9gH1T5YWrNuG,12289.9,1198.67,4912.57,7054173.571
16-06-2020 22:00,WRmjgnKYAwPKWDb,0,0,6264,7267579.000
13-06-2020 19:15,1BY6WEcLGh8j5v7,0,0,7984,6463663.000
06-06-2020 16:45,z9Y9gH1T5YWrNuG,1283.88,124.912,6214.12,7177215.125
29-05-2020 10:00,zVJPv84UY57bAof,9679.75,945.625,1600.88,7222073.875
23-05-2020 08:00,1IF53ai7Xc0U56Y,4667.14,457.986,346.143,6240880.143
02-06-2020 10:15,ZnxXDlPa8U1GXgE,7320.29,716.686,2188.71,6657631.714
11-06-2020 08:30,7JYdWkrLSPkdwr4,3018.88,296.462,326.25,7801417.250
08-06-2020 08:45,uHbuxQJl8lW7ozc,7230.38,707.987,701,7217850.000
16-05-2020 13:45,McdE0feGgRqW7Ca,7624.62,746.325,4768.75,7170203.750
17-05-2020 00:00,bvBOhCH3iADSZry,0,0,0,6328648.000
11-06-2020 17:30,iCRJl6heRkivqQ3,1441.5,140.613,5626.88,7385405.875
03-06-2020 20:30,zBIq5rxdHJRwDNY,0,0,7888,6484342.000
16-06-2020 09:45,uHbuxQJl8lW7ozc,8998.14,880.243,1414.14,7276157.143
11-06-2020 18:00,VHMLBKoKgIrUVDU,630.5,61.05,5700.38,7414995.375
17-06-2020 13:45,YxYtjZvoooNbGkE,8591.57,840.014,4492,7424048.000
29-05-2020 11:45,1BY6WEcLGh8j5v7,11271.5,1100.04,3223.75,6361033.750
15-06-2020 20:00,bvBOhCH3iADSZry,0,0,6192,6527792.000
02-06-2020 09:00,ih0vzX44oOqAx2f,6324.71,619.6,1044.14,6315027.143
22-05-2020 16:00,WRmjgnKYAwPKWDb,3257,320.271,6912.29,7084270.286
14-06-2020 07:45,VHMLBKoKgIrUVDU,4609.57,452.271,310.571,7429876.571
30-05-2020 10:30,uHbuxQJl8lW7ozc,5310.75,520.575,1404.25,7153336.250
17-05-2020 22:45,1BY6WEcLGh8j5v7,0,0,7045,6278650.000
03-06-2020 15:00,z9Y9gH1T5YWrNuG,12308.6,1201.16,6376.71,7153650.714
24-05-2020 05:45,McdE0feGgRqW7Ca,0,0,0,7224636.000
02-06-2020 12:45,sjndEbLyjtCKgGv,11006.1,1075.01,4129.43,7152137.429
04-06-2020 13:45,ih0vzX44oOqAx2f,10719.6,1047.07,5275.43,6334285.429
02-06-2020 23:45,wCURE6d3bPkepu2,0,0,2821.88,6922869.000
05-06-2020 21:15,McdE0feGgRqW7Ca,0,0,7920,7324681.000
11-06-2020 21:15,3PZuoBAID5Wc2HD,0,0,5717,7196186.000
24-05-2020 00:45,pkci93gMrogZuBj,0,0,0,7233675.000
20-05-2020 21:30,VHMLBKoKgIrUVDU,0,0,8982,7248524.000
16-05-2020 04:45,1IF53ai7Xc0U56Y,0,0,0,6190002.000
28-05-2020 10:15,zBIq5rxdHJRwDNY,10181.2,995.35,2113.12,6436196.125
09-06-2020 16:30,rGa61gmuvPhdLxV,5310.12,520.513,7792.38,7303756.375
10-06-2020 06:45,wCURE6d3bPkepu2,1310.29,127.7,46.5714,6976026.571
17-05-2020 00:30,ZnxXDlPa8U1GXgE,0,0,0,6535152.000
15-06-2020 19:15,pkci93gMrogZuBj,0,0,6795,7403217.000
15-06-2020 09:15,uHbuxQJl8lW7ozc,8879.88,868.712,1309.88,7269146.875
12-06-2020 07:00,rGa61gmuvPhdLxV,941.429,91.4714,40.5714,7316472.571
26-05-2020 02:30,VHMLBKoKgIrUVDU,0,0,0,7289525.000
02-06-2020 18:15,pkci93gMrogZuBj,290.625,28.0875,7344.5,7307644.500
18-05-2020 22:15,zVJPv84UY57bAof,0,0,5390,7141405.000
24-05-2020 05:30,ZnxXDlPa8U1GXgE,0,0,0,6587728.000
31-05-2020 04:00,zBIq5rxdHJRwDNY,0,0,0,6457301.000
12-06-2020 22:45,VHMLBKoKgIrUVDU,0,0,5903,7420914.000
31-05-2020 16:30,sjndEbLyjtCKgGv,1812.43,177.643,5745,7142000.000
12-06-2020 15:30,McdE0feGgRqW7Ca,5915.43,579.657,5275.86,7372648.857
18-05-2020 00:45,ZoEaEvLYb1n2sOq,0,0,0,7118208.000
23-05-2020 20:45,WRmjgnKYAwPKWDb,0,0,8431,7093026.000
20-05-2020 22:45,ih0vzX44oOqAx2f,0,0,8664,6225941.000
02-06-2020 11:30,7JYdWkrLSPkdwr4,6328.75,620.025,3004.38,7736628.375
27-05-2020 17:45,sjndEbLyjtCKgGv,620.429,60.0714,6665.14,7112554.143
19-05-2020 08:00,sjndEbLyjtCKgGv,1944.14,190.457,319.714,7042724.714
15-06-2020 04:15,VHMLBKoKgIrUVDU,0,0,0,7437055.000
16-05-2020 04:00,McdE0feGgRqW7Ca,0,0,0,7165435.000
17-06-2020 09:00,YxYtjZvoooNbGkE,5087.43,498.729,689.714,7420245.714
10-06-2020 14:15,VHMLBKoKgIrUVDU,9083.14,888.471,5245.43,7408061.429
11-06-2020 12:00,z9Y9gH1T5YWrNuG,9448,924.071,2273.29,7207738.286
13-06-2020 08:15,1BY6WEcLGh8j5v7,5900.88,578.212,518.875,6456197.875
04-06-2020 20:30,sjndEbLyjtCKgGv,0,0,0,7171518.000
10-06-2020 01:30,zBIq5rxdHJRwDNY,0,0,0,6531405.000
19-05-2020 03:15,bvBOhCH3iADSZry,0,0,0,6340538.000
19-05-2020 17:15,ZoEaEvLYb1n2sOq,1815.86,177.914,6738.71,7130265.714
22-05-2020 01:15,bvBOhCH3iADSZry,0,0,0,6362148.000
21-05-2020 16:45,ZoEaEvLYb1n2sOq,2599.12,254.938,7510.5,7146578.500
27-05-2020 00:30,z9Y9gH1T5YWrNuG,0,0,0,7097183.000
27-05-2020 08:45,YxYtjZvoooNbGkE,7634.12,747.4,822.875,7270155.875
10-06-2020 09:15,1BY6WEcLGh8j5v7,6528,639.529,971.857,6440041.857
23-05-2020 19:15,z9Y9gH1T5YWrNuG,0,0,8543,7072762.000
14-06-2020 14:45,ih0vzX44oOqAx2f,6361.5,623.2,5832.12,6406350.125
20-05-2020 10:45,zVJPv84UY57bAof,11063.3,1081.14,2693.14,7151030.143
11-06-2020 23:00,wCURE6d3bPkepu2,0,0,5651,6988054.000
28-05-2020 14:45,7JYdWkrLSPkdwr4,7921.71,775.2,6811.43,7705361.429
22-05-2020 04:15,wCURE6d3bPkepu2,0,0,0,6832055.000
30-05-2020 03:30,zVJPv84UY57bAof,0,0,0,7228687.000
04-06-2020 12:00,pkci93gMrogZuBj,13048.6,1272.21,3585.86,7319021.857
06-06-2020 08:45,iCRJl6heRkivqQ3,6326.86,619.814,925,7342728.000
13-06-2020 02:00,bvBOhCH3iADSZry,0,0,0,6509779.000
21-05-2020 15:30,1IF53ai7Xc0U56Y,7926.12,775.737,7150.62,6232577.625
06-06-2020 14:45,pkci93gMrogZuBj,2457.86,241.1,5740.57,7337227.571
16-05-2020 22:45,zVJPv84UY57bAof,0,0,6419,7128535.000
07-06-2020 19:15,ih0vzX44oOqAx2f,0,0,8019,6358692.000
26-05-2020 05:00,zVJPv84UY57bAof,0,0,0,7197609.000
18-05-2020 10:15,uHbuxQJl8lW7ozc,2257.75,221.375,680.125,7059473.125
14-06-2020 13:30,ZoEaEvLYb1n2sOq,9934.29,971.357,4606.71,7320369.714
28-05-2020 03:30,sjndEbLyjtCKgGv,0,0,0,7112565.000
15-06-2020 12:15,adLQvlD726eNBSB,5961.29,584.114,4142.57,6509228.571
08-06-2020 04:00,adLQvlD726eNBSB,0,0,0,6453384.000
07-06-2020 05:00,zBIq5rxdHJRwDNY,0,0,0,6506728.000
15-06-2020 13:30,ih0vzX44oOqAx2f,3468.62,340.462,4728.62,6412411.625
21-05-2020 17:45,ZnxXDlPa8U1GXgE,438.375,42.3875,7806.62,6571851.625
13-06-2020 19:30,bvBOhCH3iADSZry,0,0,7863,6517642.000
03-06-2020 21:00,ZoEaEvLYb1n2sOq,0,0,7774,7243501.000
05-06-2020 16:30,uHbuxQJl8lW7ozc,6255.43,612.829,7234.14,7201769.143
05-06-2020 05:00,zVJPv84UY57bAof,0,0,0,7271273.000
26-05-2020 08:30,z9Y9gH1T5YWrNuG,6734.71,659.671,695.286,7090135.286
31-05-2020 08:15,bvBOhCH3iADSZry,3302,324.35,308.75,6427989.750
21-05-2020 16:30,1BY6WEcLGh8j5v7,3912.12,384.212,7058.25,6305404.250
06-06-2020 11:45,zBIq5rxdHJRwDNY,5812.5,568.225,3262.75,6503564.750
04-06-2020 21:45,7JYdWkrLSPkdwr4,0,0,7999,7756621.000
29-05-2020 16:15,1BY6WEcLGh8j5v7,5846.57,572.943,7132.14,6364942.143
13-06-2020 00:15,3PZuoBAID5Wc2HD,0,0,0,7202086.000
28-05-2020 18:15,uHbuxQJl8lW7ozc,280.429,27.1,8370.43,7143628.429
03-06-2020 07:15,1IF53ai7Xc0U56Y,2287.25,224.262,108.75,6324892.750
20-05-2020 18:15,WRmjgnKYAwPKWDb,347.375,33.5875,8788.5,7069720.500
22-05-2020 02:00,YxYtjZvoooNbGkE,0,0,0,7229034.000
12-06-2020 15:15,uHbuxQJl8lW7ozc,4921.71,482.557,5081.43,7251287.429
22-05-2020 15:30,sjndEbLyjtCKgGv,4268.38,418.913,6545,7072431.000
14-06-2020 14:45,wCURE6d3bPkepu2,6499.14,636.643,5953.29,7008322.286
31-05-2020 05:30,3PZuoBAID5Wc2HD,0,0,0,7109488.000
22-05-2020 06:15,ZoEaEvLYb1n2sOq,564.143,54.5857,11.4286,7146696.429
11-06-2020 13:45,adLQvlD726eNBSB,6528.5,639.513,3614.12,6480558.125
12-06-2020 04:45,ih0vzX44oOqAx2f,0,0,0,6386553.000
13-06-2020 16:15,wCURE6d3bPkepu2,3241.5,317.975,8123,7002031.000
06-06-2020 02:45,uHbuxQJl8lW7ozc,0,0,0,7202373.000
13-06-2020 16:15,McdE0feGgRqW7Ca,3289,322.65,8250.12,7381578.125
20-05-2020 08:15,adLQvlD726eNBSB,6322.25,619.375,582.5,6305095.500
17-06-2020 19:00,1IF53ai7Xc0U56Y,0,0,6034,6433566.000
28-05-2020 18:30,3PZuoBAID5Wc2HD,81.1429,7.82857,8527.71,7093978.714
21-05-2020 17:00,iCRJl6heRkivqQ3,1067.38,103.75,7770.5,7227375.500
16-05-2020 14:00,z9Y9gH1T5YWrNuG,6762.14,662.229,4904.86,7019156.857
17-06-2020 13:15,7JYdWkrLSPkdwr4,9432.14,922.171,4024.29,7844989.286
25-05-2020 15:00,sjndEbLyjtCKgGv,10245.6,1001.69,7558,7096909.000
17-06-2020 19:45,1IF53ai7Xc0U56Y,0,0,6034,6433566.000
19-05-2020 11:15,7JYdWkrLSPkdwr4,7358.43,719.514,2326.29,7630698.286
25-05-2020 13:00,rGa61gmuvPhdLxV,12427,1211.64,5413.5,7188708.500
10-06-2020 05:00,iCRJl6heRkivqQ3,0,0,0,7373220.000
05-06-2020 17:30,uHbuxQJl8lW7ozc,3849.86,378.329,7685.29,7202220.286
10-06-2020 10:30,adLQvlD726eNBSB,7217.38,706.25,1987.5,6472264.500
25-05-2020 04:45,VHMLBKoKgIrUVDU,0,0,0,7280512.000
31-05-2020 21:00,zBIq5rxdHJRwDNY,0,0,0,6463239.000
17-05-2020 18:45,3PZuoBAID5Wc2HD,0,0,7794,7008483.000
07-06-2020 00:45,uHbuxQJl8lW7ozc,0,0,0,7208855.000
07-06-2020 14:15,ZoEaEvLYb1n2sOq,9206.57,899.271,6122.86,7271490.857
24-05-2020 20:45,1BY6WEcLGh8j5v7,0,0,7537,6327940.000
16-05-2020 17:00,sjndEbLyjtCKgGv,1964.38,192.55,6309.5,7029491.500
23-05-2020 18:30,ZoEaEvLYb1n2sOq,31.375,3.0125,8470.88,7162183.875
13-06-2020 20:45,rGa61gmuvPhdLxV,0,0,8389,7330670.000
22-05-2020 17:30,rGa61gmuvPhdLxV,708.25,68.625,6714.5,7167113.500
13-06-2020 19:45,zBIq5rxdHJRwDNY,0,0,8435,6557822.000
29-05-2020 06:45,adLQvlD726eNBSB,1596.38,156.062,51,6379060.000
15-06-2020 05:15,WRmjgnKYAwPKWDb,0,0,0,7254584.000
05-06-2020 10:45,adLQvlD726eNBSB,11010.8,1074.97,2515.5,6433096.500
22-05-2020 11:30,rGa61gmuvPhdLxV,13087.3,1276,2691.67,7163013.000
17-06-2020 18:15,McdE0feGgRqW7Ca,344,33.2375,5985.38,7408580.375
02-06-2020 02:15,z9Y9gH1T5YWrNuG,0,0,0,7139828.000
02-06-2020 10:30,zBIq5rxdHJRwDNY,6970.29,682.529,2250.71,6471283.714
05-06-2020 16:30,rGa61gmuvPhdLxV,6669.29,653.243,7133.43,7272482.429
23-05-2020 20:45,sjndEbLyjtCKgGv,0,0,8487,7081449.000
21-05-2020 17:30,uHbuxQJl8lW7ozc,599.125,57.975,7835.88,7087946.875
13-06-2020 07:00,3PZuoBAID5Wc2HD,2039,199.871,80.5714,7202166.571
28-05-2020 07:00,3PZuoBAID5Wc2HD,2186.5,214.387,98.375,7085549.375
18-05-2020 00:00,1BY6WEcLGh8j5v7,0,0,0,6278650.000
05-06-2020 01:15,rGa61gmuvPhdLxV,0,0,0,7265349.000
12-06-2020 11:00,3PZuoBAID5Wc2HD,6257.57,613.057,1789.14,7197975.143
29-05-2020 17:00,pkci93gMrogZuBj,3366.88,330.875,8113.12,7281371.125
31-05-2020 12:30,7JYdWkrLSPkdwr4,7417.57,725.429,3495.14,7725473.143
22-05-2020 08:30,iCRJl6heRkivqQ3,2633.62,258.275,678.125,7228120.125
18-05-2020 16:15,1IF53ai7Xc0U56Y,4213.43,413.8,5079.71,6209432.714
31-05-2020 07:30,z9Y9gH1T5YWrNuG,1985.5,194.637,141.75,7127738.750
17-06-2020 23:15,z9Y9gH1T5YWrNuG,0,0,5819,7251204.000
06-06-2020 17:00,WRmjgnKYAwPKWDb,892.75,86.6875,6288.75,7196558.750
28-05-2020 12:30,sjndEbLyjtCKgGv,10861.1,1059.77,4682.29,7117247.286
14-06-2020 17:00,iCRJl6heRkivqQ3,1774.88,173.95,7249.38,7407104.375
14-06-2020 09:30,pkci93gMrogZuBj,7766.71,760.314,1252.86,7390413.857
10-06-2020 21:30,1IF53ai7Xc0U56Y,0,0,6598,6386620.000
04-06-2020 07:30,pkci93gMrogZuBj,2426.57,237.971,191.714,7315627.714
13-06-2020 03:00,uHbuxQJl8lW7ozc,0,0,0,7252094.000
25-05-2020 01:45,zBIq5rxdHJRwDNY,0,0,0,6411758.000
17-05-2020 20:00,zVJPv84UY57bAof,0,0,7480,7136015.000
22-05-2020 17:45,WRmjgnKYAwPKWDb,510.5,49.3875,7221.38,7084579.375
22-05-2020 04:15,7JYdWkrLSPkdwr4,0,0,0,7651635.000
22-05-2020 11:15,McdE0feGgRqW7Ca,7530,736.263,2125.5,7211180.500
05-06-2020 08:30,ih0vzX44oOqAx2f,6685.57,654.871,491,6337510.000
17-05-2020 16:30,VHMLBKoKgIrUVDU,4341.5,425.875,7412.25,7226792.250
15-06-2020 09:45,McdE0feGgRqW7Ca,9134,893.157,1812.71,7391170.714
05-06-2020 12:15,1BY6WEcLGh8j5v7,3853.5,378.5,3493,6408873.000
09-06-2020 23:00,WRmjgnKYAwPKWDb,0,0,7977,7220978.000
27-05-2020 01:45,McdE0feGgRqW7Ca,0,0,0,7249560.000
12-06-2020 08:45,sjndEbLyjtCKgGv,4084.14,401.214,370.286,7221624.286
22-05-2020 20:15,ih0vzX44oOqAx2f,0,0,7000,6240543.000
01-06-2020 02:45,rGa61gmuvPhdLxV,0,0,0,7236332.000
17-05-2020 21:30,z9Y9gH1T5YWrNuG,0,0,7486,7028226.000
27-05-2020 09:15,ih0vzX44oOqAx2f,7342,718.76,1183.6,6273478.667
31-05-2020 03:00,YxYtjZvoooNbGkE,0,0,0,7299769.000
06-06-2020 00:00,bvBOhCH3iADSZry,0,0,0,6467251.000
09-06-2020 20:00,VHMLBKoKgIrUVDU,0,0,8120,7402816.000
16-05-2020 06:15,iCRJl6heRkivqQ3,332.75,32.15,3.75,7184413.750
05-06-2020 06:00,wCURE6d3bPkepu2,99.5714,9.61429,0,6939021.000
26-05-2020 09:45,wCURE6d3bPkepu2,10161.2,993.475,1719.62,6866369.625
02-06-2020 02:45,ih0vzX44oOqAx2f,0,0,0,6313983.000
06-06-2020 07:45,adLQvlD726eNBSB,5015,491.643,398,6438826.000
28-05-2020 05:45,z9Y9gH1T5YWrNuG,0,0,0,7103885.000
07-06-2020 00:45,pkci93gMrogZuBj,0,0,0,7337918.000
06-06-2020 12:45,iCRJl6heRkivqQ3,9894.5,966.075,4122.25,7345925.250
29-05-2020 07:15,7JYdWkrLSPkdwr4,1990.88,195.175,141.375,7706969.375
15-05-2020 19:45,YxYtjZvoooNbGkE,0,0,6291,7186257.000
01-06-2020 17:45,sjndEbLyjtCKgGv,697.143,67.5571,5736.86,7147978.857
02-06-2020 21:15,1BY6WEcLGh8j5v7,0,0,7029,6390468.000
15-06-2020 23:45,ih0vzX44oOqAx2f,0,0,6564,6414247.000
16-06-2020 14:00,zVJPv84UY57bAof,6645.29,650.771,4624.43,7355724.429
28-05-2020 01:15,rGa61gmuvPhdLxV,0,0,0,7206549.000
15-05-2020 05:00,sjndEbLyjtCKgGv,0,0,0,7016832.000
07-06-2020 16:45,3PZuoBAID5Wc2HD,5013.14,491.543,7908.43,7166890.429
21-05-2020 15:00,zBIq5rxdHJRwDNY,9491.25,927.8,6729.12,6387591.125
30-05-2020 01:45,WRmjgnKYAwPKWDb,0,0,0,7140899.000
07-06-2020 00:30,adLQvlD726eNBSB,0,0,0,6445031.000
15-06-2020 01:30,WRmjgnKYAwPKWDb,0,0,0,7254584.000
30-05-2020 21:00,wCURE6d3bPkepu2,0,0,7278,6903158.000
15-06-2020 04:15,ZnxXDlPa8U1GXgE,0,0,0,6751747.000
01-06-2020 08:15,iCRJl6heRkivqQ3,6093.12,597.062,633.5,7305200.500
11-06-2020 09:30,adLQvlD726eNBSB,4589.88,450.413,726.25,6477670.250
17-05-2020 14:00,adLQvlD726eNBSB,7420.25,725.625,5915.38,6290358.375
17-05-2020 13:45,uHbuxQJl8lW7ozc,7982.88,780.175,5310,7056649.000
07-06-2020 21:30,1IF53ai7Xc0U56Y,0,0,8239,6363338.000
17-06-2020 03:30,ZnxXDlPa8U1GXgE,0,0,0,6764808.000
06-06-2020 15:30,iCRJl6heRkivqQ3,4378.5,429.775,6065.25,7347868.250
21-05-2020 15:45,uHbuxQJl8lW7ozc,5287.57,518.443,7367,7087478.000
04-06-2020 00:30,wCURE6d3bPkepu2,0,0,0,6930776.000
13-06-2020 03:00,adLQvlD726eNBSB,0,0,0,6488722.000
31-05-2020 14:00,ZnxXDlPa8U1GXgE,11248.1,1097.79,5038.75,6648421.750
01-06-2020 01:00,7JYdWkrLSPkdwr4,0,0,0,7727821.000
22-05-2020 23:30,sjndEbLyjtCKgGv,0,0,0,7072962.000
09-06-2020 14:45,z9Y9gH1T5YWrNuG,7729.71,756.5,5933.86,7197357.857
13-06-2020 20:45,adLQvlD726eNBSB,0,0,8774,6497496.000
09-06-2020 13:00,zBIq5rxdHJRwDNY,10314.4,1006.93,4950.14,6528219.143
09-06-2020 12:15,1BY6WEcLGh8j5v7,8553.5,835.462,3960.38,6435574.375
15-05-2020 11:00,rGa61gmuvPhdLxV,10648.9,1039.53,2089.29,7113582.286
02-06-2020 11:15,ZnxXDlPa8U1GXgE,7024.29,687.829,2986.86,6658429.857
09-06-2020 01:30,wCURE6d3bPkepu2,0,0,0,6967970.000
27-05-2020 21:45,7JYdWkrLSPkdwr4,0,0,6638,7698550.000
17-05-2020 10:15,bvBOhCH3iADSZry,8921.57,872.829,1861.86,6330509.857
09-06-2020 07:45,7JYdWkrLSPkdwr4,2536.38,248.925,294.5,7787087.500
08-06-2020 23:00,zVJPv84UY57bAof,0,0,8377,7302167.000
29-05-2020 16:00,7JYdWkrLSPkdwr4,6745.14,660.671,7389.14,7714217.143
14-06-2020 22:30,zVJPv84UY57bAof,0,0,7320,7344280.000
21-05-2020 23:00,McdE0feGgRqW7Ca,0,0,7993,7209055.000
26-05-2020 07:30,ih0vzX44oOqAx2f,3285.43,322.871,202,6264781.000
11-06-2020 14:00,wCURE6d3bPkepu2,6695.75,655.812,3664.62,6986067.625
10-06-2020 06:45,iCRJl6heRkivqQ3,1300.75,126.525,47.75,7373267.750
16-06-2020 20:00,z9Y9gH1T5YWrNuG,0,0,6201,7245385.000
05-06-2020 04:30,WRmjgnKYAwPKWDb,0,0,0,7182665.000
27-05-2020 12:00,ZnxXDlPa8U1GXgE,10654,1040.22,3711.88,6616360.875
08-06-2020 01:45,YxYtjZvoooNbGkE,0,0,0,7356967.000
29-05-2020 08:45,WRmjgnKYAwPKWDb,5657.71,554.486,670.857,7133531.857
26-05-2020 07:15,wCURE6d3bPkepu2,2418.62,237.175,128.75,6864778.750
20-05-2020 21:45,1IF53ai7Xc0U56Y,0,0,8997,6225427.000
08-06-2020 16:30,McdE0feGgRqW7Ca,5275.71,517.3,8109.71,7346311.714
12-06-2020 06:45,z9Y9gH1T5YWrNuG,690.714,66.9286,20.1429,7211084.143
06-06-2020 16:45,uHbuxQJl8lW7ozc,1329.43,129.371,6406.86,7208779.857
20-05-2020 19:30,sjndEbLyjtCKgGv,0,0,8777,7058061.000
25-05-2020 12:15,1IF53ai7Xc0U56Y,12899,1257.66,4689,6262169.000
22-05-2020 01:30,McdE0feGgRqW7Ca,0,0,0,7209055.000
07-06-2020 16:30,ZnxXDlPa8U1GXgE,3471.57,340.743,7767.43,6700821.429
07-06-2020 03:00,YxYtjZvoooNbGkE,0,0,0,7348812.000
13-06-2020 05:15,ih0vzX44oOqAx2f,0,0,0,6392263.000
21-05-2020 11:45,zVJPv84UY57bAof,12390.9,1208.47,3589.75,7160768.750
06-06-2020 18:00,WRmjgnKYAwPKWDb,231.714,22.3571,6336,7196606.000
28-05-2020 20:30,WRmjgnKYAwPKWDb,0,0,8323,7132861.000
08-06-2020 07:30,adLQvlD726eNBSB,2755.86,270.371,187.714,6453571.714
12-06-2020 03:30,YxYtjZvoooNbGkE,0,0,0,7385279.000
03-06-2020 01:45,iCRJl6heRkivqQ3,0,0,0,7317813.000
08-06-2020 12:15,zBIq5rxdHJRwDNY,8525.86,834.129,4273.86,6519184.857
02-06-2020 19:15,bvBOhCH3iADSZry,0,0,6842,6445487.000
08-06-2020 22:00,YxYtjZvoooNbGkE,0,0,8343,7365310.000
27-05-2020 17:45,ih0vzX44oOqAx2f,614.714,59.5143,6546.29,6278837.286
20-05-2020 10:00,pkci93gMrogZuBj,10207.2,997.938,1881.12,7203230.125
16-05-2020 21:45,uHbuxQJl8lW7ozc,0,0,6271,7051339.000
26-05-2020 10:45,adLQvlD726eNBSB,12155.8,1185.91,2949,6358243.000
18-05-2020 09:00,iCRJl6heRkivqQ3,1754.71,172,471.714,7198838.714
25-05-2020 09:15,McdE0feGgRqW7Ca,9138.62,893.987,1214.62,7233905.625
26-05-2020 00:00,uHbuxQJl8lW7ozc,0,0,0,7120696.000
29-05-2020 08:30,ZoEaEvLYb1n2sOq,5019.12,492.175,523,7202061.000
23-05-2020 22:15,YxYtjZvoooNbGkE,0,0,8559,7244680.000
28-05-2020 15:15,sjndEbLyjtCKgGv,9106,890.775,7278.5,7119843.500
22-05-2020 18:45,VHMLBKoKgIrUVDU,0,0,7360,7263721.000
26-05-2020 10:45,z9Y9gH1T5YWrNuG,12196.4,1189.83,2826.12,7092266.125
11-06-2020 08:00,YxYtjZvoooNbGkE,2555.62,250.625,186,7379873.000
10-06-2020 07:00,3PZuoBAID5Wc2HD,2226.38,218.287,97.875,7184016.875
16-05-2020 21:45,iCRJl6heRkivqQ3,0,0,6438,7190848.000
21-05-2020 11:45,pkci93gMrogZuBj,12264.8,1196.19,3542.75,7213740.750
14-06-2020 17:30,1IF53ai7Xc0U56Y,1050.62,102.237,7443.25,6414324.250
24-05-2020 20:30,1IF53ai7Xc0U56Y,0,0,8273,6257480.000
23-05-2020 15:30,wCURE6d3bPkepu2,8893,870.075,7467.5,6846692.500
23-05-2020 23:15,pkci93gMrogZuBj,0,0,8475,7233675.000
08-06-2020 12:45,7JYdWkrLSPkdwr4,6412.71,628.114,4784.57,7783294.571
03-06-2020 05:00,ZoEaEvLYb1n2sOq,0,0,0,7235727.000
25-05-2020 00:15,uHbuxQJl8lW7ozc,0,0,0,7111852.000
13-06-2020 16:30,iCRJl6heRkivqQ3,3595.25,353.1,8234.75,7399593.750
30-05-2020 08:30,YxYtjZvoooNbGkE,3543.75,348.363,478.875,7292981.875
25-05-2020 14:00,YxYtjZvoooNbGkE,11448.4,1117.55,6597.5,7259248.500
08-06-2020 11:45,1BY6WEcLGh8j5v7,9205.71,900.343,3585.43,6427335.429
18-05-2020 22:45,McdE0feGgRqW7Ca,0,0,5464,7185091.000
16-06-2020 13:30,wCURE6d3bPkepu2,8425.25,824.125,4323.12,7020767.125
31-05-2020 18:45,7JYdWkrLSPkdwr4,0,0,5843,7727821.000
15-05-2020 10:15,ZnxXDlPa8U1GXgE,7869.86,769.843,1494.86,6523666.857
17-05-2020 17:45,7JYdWkrLSPkdwr4,855.143,82.9857,7506.71,7623043.714
01-06-2020 11:30,1IF53ai7Xc0U56Y,13064.9,1274.53,3526.71,6314958.714
13-06-2020 07:30,VHMLBKoKgIrUVDU,3515.57,345.6,208.571,7421122.571
02-06-2020 04:00,7JYdWkrLSPkdwr4,0,0,0,7733624.000
31-05-2020 17:00,WRmjgnKYAwPKWDb,1972.29,193.357,5685,7153714.000
15-05-2020 13:15,z9Y9gH1T5YWrNuG,6558.29,642.414,3836,7011702.000
04-06-2020 22:15,zBIq5rxdHJRwDNY,0,0,0,6492579.000
17-05-2020 05:00,wCURE6d3bPkepu2,0,0,0,6795470.000
27-05-2020 21:00,iCRJl6heRkivqQ3,0,0,0,7274692.000
27-05-2020 18:45,ih0vzX44oOqAx2f,0,0,6564,6278855.000
26-05-2020 01:00,VHMLBKoKgIrUVDU,0,0,0,7289525.000
15-06-2020 15:00,1BY6WEcLGh8j5v7,6067,594.5,5336,6473011.000
14-06-2020 18:45,wCURE6d3bPkepu2,0,0,7329,7009698.000
08-06-2020 15:45,1IF53ai7Xc0U56Y,6095.62,597.025,7703.38,6371041.375
17-06-2020 12:30,rGa61gmuvPhdLxV,10173.5,993.913,3441.75,7354388.750
16-06-2020 23:00,pkci93gMrogZuBj,0,0,6261,7409478.000
22-05-2020 13:00,uHbuxQJl8lW7ozc,9309.14,908.914,4425.57,7092401.571
25-05-2020 12:15,3PZuoBAID5Wc2HD,12885.4,1256.34,4711.71,7066279.714
17-05-2020 21:30,ZnxXDlPa8U1GXgE,0,0,7586,6542738.000
16-05-2020 07:00,YxYtjZvoooNbGkE,1531,149.55,70,7186327.000
27-05-2020 10:45,zVJPv84UY57bAof,9090.25,888.038,2324.88,7207707.875
31-05-2020 22:00,YxYtjZvoooNbGkE,0,0,5970,7305739.000
20-05-2020 17:30,7JYdWkrLSPkdwr4,1805,176.9,8702,7643910.000
11-06-2020 18:45,z9Y9gH1T5YWrNuG,0,0,5599,7211064.000
21-05-2020 22:00,7JYdWkrLSPkdwr4,0,0,0,7651635.000
02-06-2020 13:15,bvBOhCH3iADSZry,11322,1105.09,4316.75,6442961.750
17-06-2020 19:00,uHbuxQJl8lW7ozc,0,0,5967,7287002.000
10-06-2020 06:00,uHbuxQJl8lW7ozc,87.125,8.4,0.5,7233863.500
21-05-2020 14:00,YxYtjZvoooNbGkE,9593.25,936.775,5927,7227221.000
01-06-2020 23:00,iCRJl6heRkivqQ3,0,0,5781,7310348.000
18-05-2020 04:15,wCURE6d3bPkepu2,0,0,0,6803000.000
12-06-2020 21:00,1IF53ai7Xc0U56Y,0,0,5903,6398227.000
31-05-2020 22:15,3PZuoBAID5Wc2HD,0,0,5816,7115304.000
15-05-2020 10:15,zBIq5rxdHJRwDNY,7940,776.375,1551.75,6340931.750
15-05-2020 05:30,uHbuxQJl8lW7ozc,0,0,0,7038681.000
02-06-2020 08:45,z9Y9gH1T5YWrNuG,7483.29,732.586,885,7140713.000
24-05-2020 10:45,wCURE6d3bPkepu2,11412,1113.42,2295.62,6850125.625
24-05-2020 02:15,ZnxXDlPa8U1GXgE,0,0,0,6587728.000
01-06-2020 06:30,bvBOhCH3iADSZry,892.625,86.6625,21.375,6433288.375
06-06-2020 05:15,3PZuoBAID5Wc2HD,0,0,0,7152486.000
05-06-2020 15:45,bvBOhCH3iADSZry,8329.29,815.114,6064.71,6466250.714
10-06-2020 23:00,YxYtjZvoooNbGkE,0,0,6419,7379687.000
11-06-2020 20:45,3PZuoBAID5Wc2HD,0,0,5717,7196186.000
01-06-2020 14:00,WRmjgnKYAwPKWDb,2602.14,254.943,5033.57,7158899.571
17-06-2020 01:30,WRmjgnKYAwPKWDb,0,0,0,7267579.000
10-06-2020 08:15,bvBOhCH3iADSZry,2748.86,269.929,460.571,6493807.571
18-05-2020 19:30,WRmjgnKYAwPKWDb,0,0,5348,7054452.000
28-05-2020 10:30,rGa61gmuvPhdLxV,9549.62,933.3,2426,7208975.000
31-05-2020 05:30,sjndEbLyjtCKgGv,0,0,0,7136255.000
12-06-2020 15:45,ZnxXDlPa8U1GXgE,4629,454.188,5340.75,6735242.750
07-06-2020 18:15,sjndEbLyjtCKgGv,309.714,29.8857,6892.29,7192548.286
18-05-2020 06:00,ZnxXDlPa8U1GXgE,92.75,8.95,0.625,6542738.625
30-05-2020 17:45,iCRJl6heRkivqQ3,1038.71,100.943,7309,7298562.000
31-05-2020 01:00,wCURE6d3bPkepu2,0,0,0,6903158.000
03-06-2020 04:45,ZnxXDlPa8U1GXgE,0,0,0,6662968.000
10-06-2020 12:15,ZnxXDlPa8U1GXgE,9920.57,968.886,3292.14,6721064.143
06-06-2020 04:45,7JYdWkrLSPkdwr4,0,0,0,7764140.000
10-06-2020 06:00,wCURE6d3bPkepu2,95.625,9.2375,0.375,6975980.375
15-05-2020 07:45,iCRJl6heRkivqQ3,2000.14,196.086,222.714,7178214.714
19-05-2020 17:00,wCURE6d3bPkepu2,2700.25,265.012,6835.12,6815228.125
30-05-2020 18:00,YxYtjZvoooNbGkE,663.25,64.2375,7250.38,7299753.375
28-05-2020 05:15,bvBOhCH3iADSZry,0,0,0,6405833.000
23-05-2020 07:30,zVJPv84UY57bAof,3245.86,319.057,148.143,7172442.143
16-05-2020 12:30,ZoEaEvLYb1n2sOq,10442.9,1020.66,3474.14,7107834.143
04-06-2020 01:45,sjndEbLyjtCKgGv,0,0,0,7163293.000
17-05-2020 19:00,z9Y9gH1T5YWrNuG,0,0,7486,7028226.000
08-06-2020 11:45,adLQvlD726eNBSB,10296.4,1005.54,3987.57,6457371.571
05-06-2020 04:45,zBIq5rxdHJRwDNY,0,0,0,6492579.000
07-06-2020 11:30,WRmjgnKYAwPKWDb,11819.6,1153.6,3069,7199680.000
30-05-2020 20:00,1IF53ai7Xc0U56Y,0,0,7332,6305543.000
25-05-2020 17:45,wCURE6d3bPkepu2,488.375,47.2375,8836.75,6864627.750
17-06-2020 15:30,sjndEbLyjtCKgGv,846.429,82.1286,5448.86,7261242.857
23-05-2020 20:00,rGa61gmuvPhdLxV,0,0,8152,7175293.000
17-06-2020 03:00,ih0vzX44oOqAx2f,0,0,0,6420371.000
11-06-2020 05:15,adLQvlD726eNBSB,0,0,0,6476944.000
17-05-2020 12:30,adLQvlD726eNBSB,7258.88,710.388,4622.25,6289065.250
16-06-2020 05:15,wCURE6d3bPkepu2,0,0,0,7016444.000
04-06-2020 11:15,iCRJl6heRkivqQ3,9839.71,961.071,2874,7328570.000
28-05-2020 08:45,zBIq5rxdHJRwDNY,7130.62,698.288,822.125,6434905.125
01-06-2020 15:00,WRmjgnKYAwPKWDb,3005.57,295.014,5387.71,7159253.714
21-05-2020 08:15,zBIq5rxdHJRwDNY,5642.88,553.038,475.875,6381337.875
05-06-2020 20:45,ih0vzX44oOqAx2f,0,0,0,6344476.000
12-06-2020 10:00,z9Y9gH1T5YWrNuG,5799.38,568.312,1046.75,7212110.750
04-06-2020 23:15,zVJPv84UY57bAof,0,0,0,7271273.000
18-05-2020 19:30,pkci93gMrogZuBj,0,0,5364,7194411.000
18-05-2020 07:45,adLQvlD726eNBSB,1814.86,177.786,285.429,6292595.429
15-06-2020 06:45,z9Y9gH1T5YWrNuG,1475.5,144.025,53.375,7232521.375
30-05-2020 15:00,VHMLBKoKgIrUVDU,9569.71,935.914,5825.57,7326884.571
10-06-2020 14:15,wCURE6d3bPkepu2,9190,898.913,5203.38,6981183.375
16-06-2020 14:15,wCURE6d3bPkepu2,4477.29,439.5,4781.14,7021225.143
18-05-2020 05:45,zVJPv84UY57bAof,0,0,0,7136015.000
05-06-2020 06:45,iCRJl6heRkivqQ3,1372.29,133.757,37,7334037.000
15-05-2020 07:15,YxYtjZvoooNbGkE,2022,198.225,125.25,7180091.250
07-06-2020 13:00,z9Y9gH1T5YWrNuG,0,0,4021,7181310.000
31-05-2020 18:00,zVJPv84UY57bAof,677.714,65.7,6032.57,7242009.571
14-06-2020 17:00,zBIq5rxdHJRwDNY,1789.38,175.363,7196.12,6565018.125
19-05-2020 19:15,1BY6WEcLGh8j5v7,0,0,6449,6290097.000
31-05-2020 19:15,uHbuxQJl8lW7ozc,0,0,6081,7165353.000
29-05-2020 20:30,WRmjgnKYAwPKWDb,0,0,8038,7140899.000
30-05-2020 23:00,1BY6WEcLGh8j5v7,0,0,6754,6372128.000
17-06-2020 09:45,ih0vzX44oOqAx2f,5563.88,545.312,1095.38,6421466.375
22-05-2020 09:00,zBIq5rxdHJRwDNY,5259.38,515.575,869.125,6389468.125
17-06-2020 05:45,1BY6WEcLGh8j5v7,0,0,0,6479798.000
22-05-2020 13:00,wCURE6d3bPkepu2,9934.14,969.8,4309,6836364.000
13-06-2020 02:30,z9Y9gH1T5YWrNuG,0,0,0,7216867.000
31-05-2020 14:15,zVJPv84UY57bAof,7180,701.686,5210.57,7241187.571
12-06-2020 18:45,VHMLBKoKgIrUVDU,0,0,5903,7420914.000
30-05-2020 05:30,ZnxXDlPa8U1GXgE,0,0,0,6636066.000
28-05-2020 01:15,WRmjgnKYAwPKWDb,0,0,0,7124538.000
23-05-2020 18:45,YxYtjZvoooNbGkE,0,0,8559,7244680.000
02-06-2020 16:45,sjndEbLyjtCKgGv,3160.25,310.188,7242.5,7155250.500
29-05-2020 16:30,ih0vzX44oOqAx2f,4015.71,394.571,7615.86,6294785.857
24-05-2020 19:00,WRmjgnKYAwPKWDb,0,0,8091,7101117.000
22-05-2020 13:15,ZoEaEvLYb1n2sOq,10332.6,1008.71,4495.43,7151180.429
11-06-2020 04:15,ih0vzX44oOqAx2f,0,0,0,6381032.000
08-06-2020 05:45,sjndEbLyjtCKgGv,0,0,0,7192554.000
12-06-2020 00:15,z9Y9gH1T5YWrNuG,0,0,0,7211064.000
06-06-2020 23:30,3PZuoBAID5Wc2HD,0,0,6496,7158982.000
15-05-2020 17:15,zBIq5rxdHJRwDNY,2371.62,232.55,6318.38,6345698.375
12-06-2020 18:45,uHbuxQJl8lW7ozc,0,0,5888,7252094.000
19-05-2020 19:45,YxYtjZvoooNbGkE,0,0,6878,7212476.000
15-05-2020 22:15,McdE0feGgRqW7Ca,0,0,6471,7165435.000
08-06-2020 00:45,adLQvlD726eNBSB,0,0,0,6453384.000
17-05-2020 02:15,WRmjgnKYAwPKWDb,0,0,0,7041430.000
17-06-2020 17:30,McdE0feGgRqW7Ca,1369.8,133.32,5920.4,7408515.400
03-06-2020 21:00,McdE0feGgRqW7Ca,0,0,8010,7308369.000
02-06-2020 22:00,zBIq5rxdHJRwDNY,0,0,7421,6476454.000
17-05-2020 16:30,z9Y9gH1T5YWrNuG,4057.5,398.062,7185.25,7027925.250
16-06-2020 16:45,7JYdWkrLSPkdwr4,2157.71,211.543,5964.71,7840763.714
03-06-2020 01:45,wCURE6d3bPkepu2,0,0,0,6922869.000
19-05-2020 06:00,wCURE6d3bPkepu2,0,0,0,6808393.000
22-05-2020 20:00,ZnxXDlPa8U1GXgE,0,0,7275,6579139.000
24-05-2020 14:45,ih0vzX44oOqAx2f,8336,815.562,6426.25,6255364.250
02-06-2020 14:30,pkci93gMrogZuBj,9965.25,973.075,5780.62,7306080.625
13-06-2020 19:45,7JYdWkrLSPkdwr4,0,0,8435,7820852.000
20-05-2020 05:30,ZoEaEvLYb1n2sOq,0,0,0,7130332.000
22-05-2020 13:00,sjndEbLyjtCKgGv,9814.29,1044.9,4280,7070166.000
04-06-2020 09:15,adLQvlD726eNBSB,7417.25,725.975,1180,6423447.000
03-06-2020 23:15,McdE0feGgRqW7Ca,0,0,8010,7308369.000
22-05-2020 18:15,bvBOhCH3iADSZry,104,10.0125,6758.88,6368906.875
22-05-2020 11:00,3PZuoBAID5Wc2HD,8699.86,849.986,2279.57,7039580.571
07-06-2020 00:00,bvBOhCH3iADSZry,0,0,0,6473124.000
17-06-2020 00:00,WRmjgnKYAwPKWDb,0,0,0,7267579.000
31-05-2020 00:00,YxYtjZvoooNbGkE,0,0,908.25,7299769.000
06-06-2020 01:30,1IF53ai7Xc0U56Y,0,0,0,6348557.000
09-06-2020 16:15,WRmjgnKYAwPKWDb,5357,525.1,7436.38,7220437.375
18-05-2020 19:00,1IF53ai7Xc0U56Y,0,0,5453,6209806.000
30-05-2020 07:00,sjndEbLyjtCKgGv,1702,166.614,74.4286,7129103.429
15-05-2020 01:15,z9Y9gH1T5YWrNuG,0,0,0,7007866.000
09-06-2020 07:45,1BY6WEcLGh8j5v7,2376.71,233.2,266.857,6431880.857
25-05-2020 19:15,zBIq5rxdHJRwDNY,0,0,8443,6420201.000
15-06-2020 21:30,pkci93gMrogZuBj,0,0,6795,7403217.000
19-05-2020 01:15,wCURE6d3bPkepu2,0,0,0,6808393.000
17-06-2020 22:00,pkci93gMrogZuBj,0,0,5952,7415430.000
03-06-2020 11:15,ih0vzX44oOqAx2f,9167.71,896.771,2413.29,6323724.286
28-05-2020 00:15,1IF53ai7Xc0U56Y,0,0,0,6281462.000
26-05-2020 17:00,ih0vzX44oOqAx2f,4187.57,410.743,7607.14,6272186.143
07-06-2020 02:00,3PZuoBAID5Wc2HD,0,0,0,7158982.000
09-06-2020 15:00,1IF53ai7Xc0U56Y,8264.38,808.775,6724.62,6378557.625
24-05-2020 03:00,z9Y9gH1T5YWrNuG,0,0,0,7072762.000
23-05-2020 14:30,7JYdWkrLSPkdwr4,7499.29,734.2,6672,7665442.000
03-06-2020 14:15,YxYtjZvoooNbGkE,9647.14,943.414,5630.57,7324559.571
03-06-2020 02:00,z9Y9gH1T5YWrNuG,0,0,0,7147274.000
16-06-2020 07:45,uHbuxQJl8lW7ozc,3635.12,357.075,249,7274992.000
11-06-2020 23:15,1IF53ai7Xc0U56Y,0,0,5704,6392324.000
08-06-2020 18:45,rGa61gmuvPhdLxV,0,0,8291,7295964.000
30-05-2020 23:30,VHMLBKoKgIrUVDU,0,0,7270,7328329.000
31-05-2020 16:30,3PZuoBAID5Wc2HD,1840.71,180.429,5570.14,7115058.143
17-05-2020 04:30,ZoEaEvLYb1n2sOq,0,0,0,7110744.000
15-06-2020 12:15,VHMLBKoKgIrUVDU,5811.86,569.514,4094.86,7441149.857
16-05-2020 10:45,ZoEaEvLYb1n2sOq,8363.62,818.35,2074.5,7106434.500
24-05-2020 13:15,1IF53ai7Xc0U56Y,12267.7,1196.09,5411.43,6254618.429
20-05-2020 21:00,z9Y9gH1T5YWrNuG,0,0,8796,7049261.000
18-05-2020 15:00,z9Y9gH1T5YWrNuG,7691.43,752.971,4129.43,7032355.429
20-05-2020 20:15,7JYdWkrLSPkdwr4,0,0,8772,7643980.000
15-05-2020 22:45,wCURE6d3bPkepu2,0,0,6329,6788927.000
17-06-2020 18:30,zBIq5rxdHJRwDNY,74.8571,7.22857,5816.14,6583368.143
30-05-2020 13:00,1BY6WEcLGh8j5v7,8013.43,784.329,3431.57,6368805.571
10-06-2020 11:00,WRmjgnKYAwPKWDb,5167.14,506.543,2211.71,7223189.714
23-05-2020 17:45,uHbuxQJl8lW7ozc,1622.43,158.871,8424.71,7103677.714
01-06-2020 01:15,1BY6WEcLGh8j5v7,0,0,0,6377931.000
16-05-2020 20:45,ih0vzX44oOqAx2f,0,0,6450,6197810.000
15-05-2020 22:00,iCRJl6heRkivqQ3,0,0,6418,7184410.000
13-06-2020 13:45,iCRJl6heRkivqQ3,9233,902.686,5914.43,7397273.429
03-06-2020 16:15,z9Y9gH1T5YWrNuG,4170.5,409.1,7296.88,7154570.875
24-05-2020 11:30,McdE0feGgRqW7Ca,11529.6,1124.97,3154.71,7227790.714
04-06-2020 20:00,7JYdWkrLSPkdwr4,0,0,7999,7756621.000
22-05-2020 07:30,bvBOhCH3iADSZry,4205.88,413.175,232.875,6362380.875
22-05-2020 00:30,sjndEbLyjtCKgGv,0,0,0,7065886.000
24-05-2020 19:00,ih0vzX44oOqAx2f,0,0,7556,6256494.000
16-05-2020 17:15,pkci93gMrogZuBj,1610.29,157.543,6093.86,7181570.857
15-06-2020 13:00,3PZuoBAID5Wc2HD,10453.1,1020.9,4594.43,7222817.429
17-05-2020 19:30,zVJPv84UY57bAof,0,0,7480,7136015.000
06-06-2020 00:45,YxYtjZvoooNbGkE,0,0,0,7342489.000
13-06-2020 20:00,rGa61gmuvPhdLxV,0,0,8389,7330670.000
16-05-2020 23:15,McdE0feGgRqW7Ca,0,0,6586,7172021.000
25-05-2020 09:45,z9Y9gH1T5YWrNuG,10197.5,996.987,1671.88,7082309.875
30-05-2020 06:30,ZnxXDlPa8U1GXgE,716.25,69.425,17.75,6636083.750
21-05-2020 17:00,bvBOhCH3iADSZry,992.375,96.4375,7048.12,6362086.125
24-05-2020 08:30,McdE0feGgRqW7Ca,7403,724.843,670.857,7225306.857
01-06-2020 10:45,YxYtjZvoooNbGkE,11344.6,1106.86,2500.25,7308239.250
28-05-2020 08:15,sjndEbLyjtCKgGv,5782.14,566.614,541.429,7113106.429
04-06-2020 06:00,ZoEaEvLYb1n2sOq,66.5714,6.42857,0.142857,7243501.143
22-05-2020 00:00,adLQvlD726eNBSB,0,0,0,6321573.000
06-06-2020 02:00,zVJPv84UY57bAof,0,0,0,7279090.000
15-06-2020 03:30,zVJPv84UY57bAof,0,0,0,7344280.000
02-06-2020 22:30,3PZuoBAID5Wc2HD,0,0,0,7128614.000
04-06-2020 18:00,z9Y9gH1T5YWrNuG,882.571,85.6857,8131.57,7163244.571
31-05-2020 13:30,adLQvlD726eNBSB,5175.75,506.95,4442.5,6399213.500
08-06-2020 01:30,VHMLBKoKgIrUVDU,0,0,0,7386208.000
17-05-2020 03:00,VHMLBKoKgIrUVDU,0,0,0,7219380.000
24-05-2020 04:45,adLQvlD726eNBSB,0,0,0,6337734.000
18-05-2020 17:15,zBIq5rxdHJRwDNY,1668.38,163.287,5309.5,6364966.500
04-06-2020 15:45,iCRJl6heRkivqQ3,9108.88,891.038,7222.25,7332918.250
28-05-2020 02:15,wCURE6d3bPkepu2,0,0,0,6879195.000
30-05-2020 11:30,pkci93gMrogZuBj,7394.14,724,2080.71,7283615.714
15-06-2020 17:00,7JYdWkrLSPkdwr4,2761.71,271.171,6470.71,7834628.714
25-05-2020 16:00,uHbuxQJl8lW7ozc,7474.86,731.729,8474.43,7120326.429
06-06-2020 12:00,1IF53ai7Xc0U56Y,7979.29,779.614,3574.86,6352131.857
17-06-2020 03:30,zBIq5rxdHJRwDNY,0,0,0,6577552.000
29-05-2020 14:30,VHMLBKoKgIrUVDU,8037.14,786.657,6400.43,7319287.429
07-06-2020 06:15,VHMLBKoKgIrUVDU,420.5,40.65,5.5,7377994.500
18-05-2020 03:15,YxYtjZvoooNbGkE,0,0,0,7200229.000
15-06-2020 02:30,ZoEaEvLYb1n2sOq,0,0,0,7323052.000
27-05-2020 17:15,ZnxXDlPa8U1GXgE,1763,172.45,6660.88,6619309.875
26-05-2020 10:15,ih0vzX44oOqAx2f,8728.29,852.971,2194.14,6266773.143
15-06-2020 09:45,iCRJl6heRkivqQ3,8585.38,840.013,1763,7408987.000
30-05-2020 18:45,sjndEbLyjtCKgGv,0,0,7226,7136255.000
13-06-2020 00:15,wCURE6d3bPkepu2,0,0,0,6993908.000
07-06-2020 05:00,sjndEbLyjtCKgGv,0,0,0,7185656.000
01-06-2020 01:00,ZoEaEvLYb1n2sOq,0,0,0,7222644.000
08-06-2020 09:45,3PZuoBAID5Wc2HD,11790.5,1150.82,1696.17,7168920.167
30-05-2020 21:15,ZnxXDlPa8U1GXgE,0,0,7317,6643383.000
17-05-2020 07:30,zBIq5rxdHJRwDNY,2800.14,274.971,156.429,6352306.429
15-06-2020 10:30,iCRJl6heRkivqQ3,10234.1,998.862,2494.5,7409718.500
19-05-2020 18:45,7JYdWkrLSPkdwr4,0,0,6836,7635208.000
08-06-2020 03:15,7JYdWkrLSPkdwr4,0,0,0,7778510.000
24-05-2020 04:45,1IF53ai7Xc0U56Y,0,0,0,6249207.000
15-05-2020 14:00,YxYtjZvoooNbGkE,10150.7,992.414,4338.43,7184304.429
01-06-2020 14:00,1BY6WEcLGh8j5v7,2878.57,281.929,4787.57,6382718.571
23-05-2020 14:30,wCURE6d3bPkepu2,7614.38,745.487,6719,6845944.000
24-05-2020 04:00,uHbuxQJl8lW7ozc,0,0,0,7103746.000
16-06-2020 17:15,rGa61gmuvPhdLxV,1761.71,172.671,6132.86,7350836.857
24-05-2020 13:45,zVJPv84UY57bAof,11762.4,1147.19,5642.14,7186480.143
02-06-2020 00:15,zVJPv84UY57bAof,0,0,0,7247766.000
04-06-2020 21:45,sjndEbLyjtCKgGv,0,0,0,7171518.000
20-05-2020 00:00,bvBOhCH3iADSZry,0,0,0,6346907.000
15-06-2020 19:45,rGa61gmuvPhdLxV,0,0,6732,7344704.000
14-06-2020 10:45,zVJPv84UY57bAof,11137.4,1087.79,2318.86,7339278.857
06-06-2020 06:45,VHMLBKoKgIrUVDU,1564.57,152.829,48.1429,7371602.143
01-06-2020 00:45,z9Y9gH1T5YWrNuG,0,0,0,7133897.000
24-05-2020 16:45,1IF53ai7Xc0U56Y,3876,380.3,7971.88,6257178.875
08-06-2020 10:45,adLQvlD726eNBSB,12051.9,1175.5,2858.14,6456242.143
01-06-2020 02:45,adLQvlD726eNBSB,0,0,0,6400704.000
16-06-2020 06:00,z9Y9gH1T5YWrNuG,0,0,0,7239184.000
23-05-2020 11:15,wCURE6d3bPkepu2,13006.6,1268.15,3057.62,6842282.625
24-05-2020 18:15,sjndEbLyjtCKgGv,382.75,36.9875,7892.62,7089341.625
16-06-2020 14:30,1IF53ai7Xc0U56Y,10074.3,983.914,4998.29,6426212.286
19-05-2020 11:30,McdE0feGgRqW7Ca,4099.25,402.775,2490.5,7187581.500
04-06-2020 04:15,ih0vzX44oOqAx2f,0,0,0,6329010.000
19-05-2020 23:45,VHMLBKoKgIrUVDU,0,0,6988,7239542.000
30-05-2020 19:30,z9Y9gH1T5YWrNuG,0,0,7142,7127597.000
04-06-2020 17:15,sjndEbLyjtCKgGv,3943.43,387.457,8022.14,7171315.143
17-06-2020 10:15,iCRJl6heRkivqQ3,6762,662.325,1436.5,7421742.500
27-05-2020 09:15,zBIq5rxdHJRwDNY,7728.29,756.486,1136.57,6428838.571
26-05-2020 00:15,pkci93gMrogZuBj,0,0,0,7250519.000
29-05-2020 23:00,ZoEaEvLYb1n2sOq,0,0,0,7209600.000
25-05-2020 22:00,WRmjgnKYAwPKWDb,0,0,8879,7109996.000
27-05-2020 20:30,uHbuxQJl8lW7ozc,0,0,0,7135258.000
11-06-2020 04:15,wCURE6d3bPkepu2,0,0,0,6982403.000
14-06-2020 02:00,1BY6WEcLGh8j5v7,0,0,0,6463663.000
15-06-2020 11:00,zBIq5rxdHJRwDNY,11527.6,1124.97,2946.5,6568083.500
11-06-2020 00:45,z9Y9gH1T5YWrNuG,0,0,0,7205465.000
04-06-2020 04:00,uHbuxQJl8lW7ozc,0,0,0,7186255.000
31-05-2020 17:30,WRmjgnKYAwPKWDb,1402.43,136.914,5772.29,7153801.286
02-06-2020 20:15,WRmjgnKYAwPKWDb,0,0,0,7166917.000
26-05-2020 19:45,sjndEbLyjtCKgGv,0,0,0,7105889.000
15-05-2020 11:45,z9Y9gH1T5YWrNuG,8481.29,828.9,2652.43,7010518.429
11-06-2020 16:30,adLQvlD726eNBSB,3797.12,373.175,5468.12,6482412.125
09-06-2020 23:45,VHMLBKoKgIrUVDU,0,0,8120,7402816.000
14-06-2020 04:45,WRmjgnKYAwPKWDb,0,0,0,7247179.000
27-05-2020 17:45,McdE0feGgRqW7Ca,628,60.8286,6817.71,7256377.714
02-06-2020 15:45,ih0vzX44oOqAx2f,7208.38,705.65,6607.38,6320590.375
05-06-2020 03:30,iCRJl6heRkivqQ3,0,0,0,7334000.000
08-06-2020 00:30,ZoEaEvLYb1n2sOq,0,0,0,7273453.000
16-05-2020 19:15,iCRJl6heRkivqQ3,0,0,6438,7190848.000
13-06-2020 17:00,iCRJl6heRkivqQ3,1674.88,163.925,8353.75,7399712.750
24-05-2020 01:15,ZoEaEvLYb1n2sOq,0,0,0,7162184.000
13-06-2020 13:45,zVJPv84UY57bAof,8999,879.95,5870,7334420.000
20-05-2020 04:45,adLQvlD726eNBSB,0,0,0,6304513.000
16-06-2020 17:00,sjndEbLyjtCKgGv,1944.71,190.614,6098.57,7255637.571
31-05-2020 17:45,ih0vzX44oOqAx2f,1040.71,101.143,5930.71,6308197.714
15-05-2020 09:45,McdE0feGgRqW7Ca,7631.62,746.962,1167,7160131.000
14-06-2020 07:45,1IF53ai7Xc0U56Y,4595.57,450.986,310.571,6407191.571
11-06-2020 19:45,pkci93gMrogZuBj,0,0,5662,7374956.000
24-05-2020 01:30,wCURE6d3bPkepu2,0,0,0,6847830.000
16-06-2020 10:30,adLQvlD726eNBSB,8756.38,856.763,2239.5,6514241.500
11-06-2020 15:00,zVJPv84UY57bAof,7455.71,729.829,4484.71,7321500.714
13-06-2020 23:15,adLQvlD726eNBSB,0,0,8774,6497496.000
11-06-2020 00:30,pkci93gMrogZuBj,0,0,0,7369294.000
10-06-2020 02:15,bvBOhCH3iADSZry,0,0,0,6493347.000
02-06-2020 22:45,7JYdWkrLSPkdwr4,0,0,0,7740873.000
27-05-2020 20:30,ZnxXDlPa8U1GXgE,0,0,6727,6619376.000
17-06-2020 20:15,sjndEbLyjtCKgGv,0,0,5887,7261681.000
05-06-2020 22:45,sjndEbLyjtCKgGv,0,0,7759,7179277.000
27-05-2020 14:00,VHMLBKoKgIrUVDU,4304.43,422.629,5004.43,7302619.429
02-06-2020 12:00,adLQvlD726eNBSB,8525.71,834.257,3425.57,6410256.571
10-06-2020 20:30,adLQvlD726eNBSB,0,0,6667,6476944.000
28-05-2020 13:30,zBIq5rxdHJRwDNY,6591,645.2,5526.75,6439609.750
01-06-2020 16:15,z9Y9gH1T5YWrNuG,1926,188.8,5718.25,7139615.250
26-05-2020 19:45,ih0vzX44oOqAx2f,0,0,0,6272291.000
06-06-2020 20:00,ZoEaEvLYb1n2sOq,0,0,0,7265368.000
10-06-2020 20:45,zVJPv84UY57bAof,0,0,6560,7317016.000
18-05-2020 17:00,z9Y9gH1T5YWrNuG,2241.12,219.713,5217.5,7033443.500
18-05-2020 13:30,zVJPv84UY57bAof,11172.1,1090.87,2919.43,7138934.429
27-05-2020 13:00,WRmjgnKYAwPKWDb,7968.12,779.487,4332.62,7122212.625
31-05-2020 00:30,ZoEaEvLYb1n2sOq,0,0,0,7216848.000
09-06-2020 03:00,sjndEbLyjtCKgGv,0,0,0,7200925.000
03-06-2020 10:45,ZoEaEvLYb1n2sOq,10687.5,1044.22,1942.5,7237669.500
26-05-2020 13:00,1IF53ai7Xc0U56Y,7681.71,751.114,5331.71,6271859.714
22-05-2020 17:30,pkci93gMrogZuBj,790.375,76.65,7192.62,7225168.625
15-05-2020 01:30,1IF53ai7Xc0U56Y,0,0,0,6183645.000
10-06-2020 07:15,1IF53ai7Xc0U56Y,2820.29,276.857,156.143,6380178.143
12-06-2020 13:45,adLQvlD726eNBSB,9945.43,972.471,4141.14,6486875.143
17-06-2020 03:30,rGa61gmuvPhdLxV,0,0,0,7350947.000
04-06-2020 04:45,ih0vzX44oOqAx2f,0,0,0,6329010.000
06-06-2020 11:00,1IF53ai7Xc0U56Y,11159.9,1089.56,2771.25,6351328.250
24-05-2020 02:00,zBIq5rxdHJRwDNY,0,0,0,6404481.000
04-06-2020 10:00,iCRJl6heRkivqQ3,8622.75,842.513,1618.25,7327314.250
15-06-2020 16:30,rGa61gmuvPhdLxV,3503.5,344.413,6378.88,7344350.875
18-05-2020 19:00,YxYtjZvoooNbGkE,0,0,5369,7205598.000
13-06-2020 17:45,uHbuxQJl8lW7ozc,971.143,94.3714,8402.43,7260496.429
22-05-2020 02:00,VHMLBKoKgIrUVDU,0,0,0,7256361.000
23-05-2020 15:45,ih0vzX44oOqAx2f,7633.86,747.357,7476.14,6248019.143
08-06-2020 02:45,VHMLBKoKgIrUVDU,0,0,0,7386208.000
12-06-2020 13:00,1BY6WEcLGh8j5v7,7438.75,728.35,3174.75,6453412.750
26-05-2020 09:30,adLQvlD726eNBSB,9992,977.014,1604.71,6356898.714
25-05-2020 05:00,ZnxXDlPa8U1GXgE,0,0,0,6595756.000
02-06-2020 23:00,1IF53ai7Xc0U56Y,0,0,0,6324784.000
14-06-2020 08:00,VHMLBKoKgIrUVDU,4318.5,424.062,419,7429985.000
12-06-2020 17:15,7JYdWkrLSPkdwr4,1786.29,175.086,5608,7812272.000
17-06-2020 16:15,ih0vzX44oOqAx2f,3507.14,344.486,5497.86,6425868.857
09-06-2020 00:30,iCRJl6heRkivqQ3,0,0,0,7364955.000
17-05-2020 01:00,ih0vzX44oOqAx2f,0,0,0,6197810.000
15-05-2020 21:45,pkci93gMrogZuBj,0,0,6375,7175477.000
26-05-2020 01:15,wCURE6d3bPkepu2,0,0,0,6864650.000
13-06-2020 20:15,ZoEaEvLYb1n2sOq,0,0,8378,7315763.000
25-05-2020 02:15,ih0vzX44oOqAx2f,0,0,0,6256494.000
28-05-2020 14:00,ZnxXDlPa8U1GXgE,9801.83,956.617,6523.5,6625899.500
02-06-2020 22:00,z9Y9gH1T5YWrNuG,0,0,7446,7147274.000
16-06-2020 01:15,3PZuoBAID5Wc2HD,0,0,0,7225042.000
01-06-2020 12:30,bvBOhCH3iADSZry,6133.86,600.943,3716.14,6436983.143
26-05-2020 23:30,ZnxXDlPa8U1GXgE,0,0,0,6612649.000
17-06-2020 10:30,z9Y9gH1T5YWrNuG,7476.86,732.029,1592.29,7246977.286
11-06-2020 09:30,uHbuxQJl8lW7ozc,4527,444.35,710.375,7241218.375
27-05-2020 06:45,pkci93gMrogZuBj,1453.75,141.875,47.125,7258341.125
26-05-2020 01:45,WRmjgnKYAwPKWDb,0,0,0,7109996.000
07-06-2020 05:15,WRmjgnKYAwPKWDb,0,0,0,7196611.000
04-06-2020 01:15,iCRJl6heRkivqQ3,0,0,0,7325696.000
12-06-2020 03:15,3PZuoBAID5Wc2HD,0,0,0,7196186.000
13-06-2020 18:45,z9Y9gH1T5YWrNuG,0,0,8363,7225230.000
09-06-2020 07:15,VHMLBKoKgIrUVDU,2872.38,281.9,165.625,7394861.625
15-05-2020 15:45,McdE0feGgRqW7Ca,5024,492.4,5780.71,7164744.714
26-05-2020 04:00,YxYtjZvoooNbGkE,0,0,0,7261464.000
19-05-2020 11:15,sjndEbLyjtCKgGv,7425.86,726.386,2359.14,7044764.143
28-05-2020 09:15,McdE0feGgRqW7Ca,9006.29,881.114,1304.43,7257693.429
28-05-2020 02:45,McdE0feGgRqW7Ca,0,0,0,7256389.000
15-06-2020 03:15,sjndEbLyjtCKgGv,0,0,0,7242811.000
31-05-2020 08:45,zVJPv84UY57bAof,7239.62,708.625,563.25,7236540.250
15-06-2020 10:45,iCRJl6heRkivqQ3,11262.9,1099.46,2713.57,7409937.571
25-05-2020 21:45,1BY6WEcLGh8j5v7,0,0,8268,6336208.000
16-06-2020 07:15,uHbuxQJl8lW7ozc,2371,232.463,107.25,7274850.250
10-06-2020 06:00,McdE0feGgRqW7Ca,100.625,9.7,0.875,7355017.875
23-05-2020 00:45,VHMLBKoKgIrUVDU,0,0,0,7263721.000
11-06-2020 04:00,ZoEaEvLYb1n2sOq,0,0,0,7296071.000
29-05-2020 15:15,rGa61gmuvPhdLxV,7329.25,717.625,7083,7221898.000
18-05-2020 07:15,adLQvlD726eNBSB,2786,273.357,133,6292443.000
21-05-2020 15:15,ih0vzX44oOqAx2f,5485.25,537.675,6805.38,6232746.375
05-06-2020 20:30,1BY6WEcLGh8j5v7,0,0,7162,6412542.000
07-06-2020 03:30,zBIq5rxdHJRwDNY,0,0,0,6506728.000
07-06-2020 04:00,pkci93gMrogZuBj,0,0,0,7337918.000
01-06-2020 03:15,rGa61gmuvPhdLxV,0,0,0,7236332.000
27-05-2020 11:00,VHMLBKoKgIrUVDU,8034.12,785.525,2684.38,7300299.375
01-06-2020 14:30,pkci93gMrogZuBj,5180.86,507.9,4894.86,7299685.857
18-05-2020 07:30,rGa61gmuvPhdLxV,3490.29,342.857,207.571,7131744.571
30-05-2020 04:45,7JYdWkrLSPkdwr4,0,0,0,7714835.000
19-05-2020 21:00,wCURE6d3bPkepu2,0,0,6956,6815349.000
31-05-2020 22:15,zVJPv84UY57bAof,0,0,6047,7242024.000
03-06-2020 05:30,WRmjgnKYAwPKWDb,0,0,0,7166917.000
25-05-2020 15:30,zVJPv84UY57bAof,7894.86,772.786,8039,7196835.000
07-06-2020 18:15,uHbuxQJl8lW7ozc,314.714,30.4429,8288.86,7217143.857
17-06-2020 16:15,iCRJl6heRkivqQ3,3519.29,345.714,5693.57,7425999.571
27-05-2020 15:30,WRmjgnKYAwPKWDb,7771.38,760.675,5812.12,7123692.125
13-06-2020 11:00,sjndEbLyjtCKgGv,11604.4,1132.09,2851.12,7229952.125
15-05-2020 11:45,zBIq5rxdHJRwDNY,6566.12,643.1,2611.62,6341991.625
15-05-2020 21:15,ZnxXDlPa8U1GXgE,0,0,0,6528476.000
21-05-2020 13:15,ZnxXDlPa8U1GXgE,13269.7,1293.8,5198.5,6569243.500
02-06-2020 20:30,wCURE6d3bPkepu2,0,0,7525,6922869.000
09-06-2020 14:30,McdE0feGgRqW7Ca,9175.12,896.825,6305.25,7353087.250
11-06-2020 00:00,bvBOhCH3iADSZry,0,0,0,6499210.000
15-06-2020 06:45,ZnxXDlPa8U1GXgE,1482,144.65,53.75,6751800.750
30-05-2020 10:45,YxYtjZvoooNbGkE,5344.5,523.85,1509,7294012.000
19-05-2020 07:15,VHMLBKoKgIrUVDU,2711.12,266.012,119.125,7232673.125
23-05-2020 17:30,WRmjgnKYAwPKWDb,1981.12,194.2,8323.62,7092918.625
25-05-2020 16:30,1BY6WEcLGh8j5v7,1868.43,182.871,8127.71,6336067.714
20-05-2020 08:45,zVJPv84UY57bAof,6897.62,675.587,854.75,7149191.750
15-06-2020 17:15,adLQvlD726eNBSB,2320.75,227.55,6799.62,6511885.625
14-06-2020 16:15,sjndEbLyjtCKgGv,4213.29,413.7,6991.57,7242495.571
16-06-2020 02:15,7JYdWkrLSPkdwr4,0,0,0,7834799.000
15-05-2020 09:30,zBIq5rxdHJRwDNY,3741.88,367.462,1034.5,6340414.500
02-06-2020 04:45,VHMLBKoKgIrUVDU,0,0,0,7340314.000
21-05-2020 07:45,rGa61gmuvPhdLxV,3203.6,314.76,302.2,7152935.200
30-05-2020 21:30,7JYdWkrLSPkdwr4,0,0,7143,7721978.000
17-05-2020 11:30,sjndEbLyjtCKgGv,12412.7,1210.67,3351.14,7032964.143
29-05-2020 23:00,VHMLBKoKgIrUVDU,0,0,8172,7321059.000
26-05-2020 01:00,rGa61gmuvPhdLxV,0,0,0,7192102.000
28-05-2020 15:45,VHMLBKoKgIrUVDU,5835,571.7,7836.71,7312214.714
11-06-2020 14:45,3PZuoBAID5Wc2HD,5857.12,573.975,4386.75,7194855.750
26-05-2020 03:30,7JYdWkrLSPkdwr4,0,0,0,7684020.000
13-06-2020 00:15,adLQvlD726eNBSB,0,0,0,6488722.000
30-05-2020 15:00,pkci93gMrogZuBj,9737.29,952.2,5814,7287349.000
16-05-2020 09:15,3PZuoBAID5Wc2HD,5961.38,584.15,1070,6995103.000
01-06-2020 09:30,3PZuoBAID5Wc2HD,6396,626.538,1509.5,7116813.500
09-06-2020 08:15,VHMLBKoKgIrUVDU,6553.5,641.975,550.375,7395246.375
06-06-2020 21:15,sjndEbLyjtCKgGv,0,0,0,7185656.000
08-06-2020 18:30,pkci93gMrogZuBj,130.25,12.575,8343,7354475.000
23-05-2020 16:30,VHMLBKoKgIrUVDU,5539.75,543.013,8161.38,7271882.375
15-06-2020 17:00,zVJPv84UY57bAof,2840.71,278.914,6644.86,7350924.857
20-05-2020 11:00,wCURE6d3bPkepu2,11715.9,1142.9,2985.5,6818334.500
15-05-2020 21:30,wCURE6d3bPkepu2,0,0,6329,6788927.000
10-06-2020 00:00,wCURE6d3bPkepu2,0,0,0,6975980.000
07-06-2020 13:15,zBIq5rxdHJRwDNY,12720.3,1240.23,5193.86,6511921.857
28-05-2020 04:30,zVJPv84UY57bAof,0,0,0,7212082.000
15-06-2020 14:00,3PZuoBAID5Wc2HD,4190.86,411.543,5083,7223306.000
22-05-2020 22:00,WRmjgnKYAwPKWDb,0,0,7237,7084595.000
27-05-2020 05:45,iCRJl6heRkivqQ3,0,0,0,7267996.000
28-05-2020 10:00,pkci93gMrogZuBj,9731.29,951.486,1954,7266939.000
10-06-2020 02:45,WRmjgnKYAwPKWDb,0,0,0,7220978.000
21-05-2020 08:00,zBIq5rxdHJRwDNY,4822.2,472.82,298.4,6381222.333
14-06-2020 16:30,ih0vzX44oOqAx2f,2868.75,281.663,6938.75,6407456.750
14-06-2020 22:45,ZnxXDlPa8U1GXgE,0,0,7404,6751747.000
27-05-2020 07:00,sjndEbLyjtCKgGv,1892.12,185.463,90.375,7105979.375
29-05-2020 22:30,sjndEbLyjtCKgGv,0,0,0,7129029.000
15-06-2020 18:30,7JYdWkrLSPkdwr4,15.25,1.475,6641,7834799.000
28-05-2020 12:30,VHMLBKoKgIrUVDU,11344.3,1106.94,4965.43,7309343.429
24-05-2020 21:30,1IF53ai7Xc0U56Y,0,0,8273,6257480.000
22-05-2020 22:45,1IF53ai7Xc0U56Y,0,0,7287,6240534.000
30-05-2020 06:45,ZoEaEvLYb1n2sOq,1183,115.029,38.1429,7209638.143
22-05-2020 08:45,1BY6WEcLGh8j5v7,3656.43,359.243,724.286,6306313.286
02-06-2020 04:45,1BY6WEcLGh8j5v7,0,0,0,6383439.000
30-05-2020 11:45,sjndEbLyjtCKgGv,8529.43,834.214,2300.43,7131329.429
16-06-2020 07:45,z9Y9gH1T5YWrNuG,3485.12,342.262,243.625,7239427.625
17-05-2020 23:30,adLQvlD726eNBSB,0,0,7867,6292310.000
18-05-2020 15:15,wCURE6d3bPkepu2,8128.62,795.55,4360.12,6807360.125
14-06-2020 04:15,1BY6WEcLGh8j5v7,0,0,0,6463663.000
09-06-2020 23:00,1BY6WEcLGh8j5v7,0,0,7456,6439070.000
09-06-2020 19:15,z9Y9gH1T5YWrNuG,0,0,7629,7199053.000
18-05-2020 20:45,ZnxXDlPa8U1GXgE,0,0,5424,6548162.000
13-06-2020 14:30,rGa61gmuvPhdLxV,9310.62,910.087,6637,7328918.000
17-06-2020 02:15,z9Y9gH1T5YWrNuG,0,0,0,7245385.000
10-06-2020 03:15,bvBOhCH3iADSZry,0,0,0,6493347.000
22-05-2020 01:15,VHMLBKoKgIrUVDU,0,0,0,7256361.000
05-06-2020 22:15,7JYdWkrLSPkdwr4,0,0,0,7764140.000
07-06-2020 03:45,ih0vzX44oOqAx2f,0,0,0,6350673.000
24-05-2020 19:45,ZnxXDlPa8U1GXgE,0,0,8028,6595756.000
16-06-2020 23:30,bvBOhCH3iADSZry,0,0,5757,6533549.000
05-06-2020 15:45,wCURE6d3bPkepu2,8552.88,836.8,6641.75,6945662.750
20-05-2020 09:00,adLQvlD726eNBSB,8305.57,812.829,1122.29,6305635.286
08-06-2020 08:00,ih0vzX44oOqAx2f,4033.12,396.175,355.375,6359047.375
22-05-2020 03:00,pkci93gMrogZuBj,0,0,0,7217976.000
13-06-2020 08:45,1BY6WEcLGh8j5v7,6928.75,678.625,837.875,6456516.875
05-06-2020 17:15,7JYdWkrLSPkdwr4,3764.25,369.637,7294,7763915.000
06-06-2020 23:00,zBIq5rxdHJRwDNY,0,0,0,6506728.000
02-06-2020 12:30,adLQvlD726eNBSB,8756.12,856.288,3849.25,6410680.250
13-06-2020 13:45,1BY6WEcLGh8j5v7,6757.71,661.714,5614.29,6461293.286
12-06-2020 10:00,ZnxXDlPa8U1GXgE,5884.5,576.625,1055.38,6730957.375
27-05-2020 05:45,1IF53ai7Xc0U56Y,0,0,0,6274638.000
07-06-2020 13:00,zVJPv84UY57bAof,12688.5,1237.11,4939.12,7290469.125
02-06-2020 03:45,sjndEbLyjtCKgGv,0,0,0,7148008.000
31-05-2020 11:00,pkci93gMrogZuBj,11849.9,1156.21,2397.62,7291273.625
03-06-2020 04:30,uHbuxQJl8lW7ozc,0,0,0,7178405.000
19-05-2020 15:15,7JYdWkrLSPkdwr4,6051.71,593.014,5838.57,7634210.571
30-05-2020 07:15,z9Y9gH1T5YWrNuG,2186,214.314,122.143,7120577.143
01-06-2020 12:15,YxYtjZvoooNbGkE,7261,710.457,3792,7309531.000
03-06-2020 00:45,rGa61gmuvPhdLxV,0,0,0,7249330.000
31-05-2020 20:00,iCRJl6heRkivqQ3,0,0,5969,7304567.000
16-06-2020 08:45,zVJPv84UY57bAof,5816.43,570,735.857,7351835.857
20-05-2020 05:30,iCRJl6heRkivqQ3,0,0,0,7210718.000
14-06-2020 20:45,ZnxXDlPa8U1GXgE,0,0,7404,6751747.000
10-06-2020 08:00,rGa61gmuvPhdLxV,4375.57,429.486,399.857,7304603.857
23-05-2020 10:45,wCURE6d3bPkepu2,8335.5,814.9,2528.5,6841753.500
25-05-2020 16:45,uHbuxQJl8lW7ozc,1346.12,131,8729.25,7120581.250
14-06-2020 17:00,bvBOhCH3iADSZry,1626.88,159.312,3850.12,6521492.125
17-06-2020 23:00,pkci93gMrogZuBj,0,0,5952,7415430.000
11-06-2020 07:15,WRmjgnKYAwPKWDb,1208.25,117.5,57.25,7227424.250
15-06-2020 14:45,pkci93gMrogZuBj,7302.43,714.886,5573.29,7401995.286
21-05-2020 16:30,ih0vzX44oOqAx2f,4292.86,421.414,7406.86,6233347.857
17-06-2020 04:45,iCRJl6heRkivqQ3,0,0,0,7420306.000
10-06-2020 10:15,1BY6WEcLGh8j5v7,6561.71,642.786,1591.71,6440661.714
16-06-2020 19:45,bvBOhCH3iADSZry,0,0,5757,6533549.000
04-06-2020 14:45,1IF53ai7Xc0U56Y,10267.4,1002.79,6269.14,6338928.143
24-05-2020 08:45,sjndEbLyjtCKgGv,4841.38,474.988,806.125,7082255.125
24-05-2020 01:30,uHbuxQJl8lW7ozc,0,0,0,7103746.000
04-06-2020 06:00,iCRJl6heRkivqQ3,48.1429,4.65714,0,7325696.000
07-06-2020 01:15,VHMLBKoKgIrUVDU,0,0,0,7377989.000
10-06-2020 15:30,YxYtjZvoooNbGkE,4724.71,463.6,5685,7378953.000
04-06-2020 22:45,iCRJl6heRkivqQ3,0,0,0,7334000.000
22-05-2020 16:45,YxYtjZvoooNbGkE,1950,191.162,6951.25,7235985.250
09-06-2020 18:00,sjndEbLyjtCKgGv,867.143,84.1571,8147.43,7209072.429
12-06-2020 05:30,YxYtjZvoooNbGkE,0,0,0,7385279.000
18-05-2020 22:45,sjndEbLyjtCKgGv,0,0,5351,7042405.000
31-05-2020 18:45,1BY6WEcLGh8j5v7,0,0,5803,6377931.000
25-05-2020 10:00,ZnxXDlPa8U1GXgE,10733,1049.01,1937.88,6597693.875
10-06-2020 13:15,wCURE6d3bPkepu2,7833.75,766.263,4288.88,6980268.875
25-05-2020 13:15,ih0vzX44oOqAx2f,11737.7,1144.43,5093,6261587.000
17-05-2020 20:00,pkci93gMrogZuBj,0,0,7397,7189047.000
15-05-2020 12:30,uHbuxQJl8lW7ozc,8398,821.2,3270.57,7041951.571
12-06-2020 13:45,ZnxXDlPa8U1GXgE,9648.75,943.587,4037.88,6733939.875
04-06-2020 18:00,sjndEbLyjtCKgGv,921.429,89.4714,8206.86,7171499.857
26-05-2020 10:45,7JYdWkrLSPkdwr4,11801,1151.28,2813.25,7686833.250
04-06-2020 05:00,iCRJl6heRkivqQ3,0,0,0,7325696.000
31-05-2020 18:30,z9Y9gH1T5YWrNuG,24.5,2.3625,6300,7133897.000
02-06-2020 10:15,uHbuxQJl8lW7ozc,6763.12,662.312,2150.62,7173092.625
04-06-2020 18:30,rGa61gmuvPhdLxV,46.25,4.45,8212,7265349.000
28-05-2020 16:30,VHMLBKoKgIrUVDU,4097.62,401.675,8162.88,7312540.875
17-06-2020 05:45,zVJPv84UY57bAof,0,0,0,7357362.000
05-06-2020 02:00,YxYtjZvoooNbGkE,0,0,0,7334886.000
01-06-2020 10:15,iCRJl6heRkivqQ3,9235.75,902.45,1955.25,7306522.250
07-06-2020 20:45,YxYtjZvoooNbGkE,0,0,8155,7356967.000
11-06-2020 11:15,WRmjgnKYAwPKWDb,7782.86,761.871,1700,7229067.000
25-05-2020 16:30,zBIq5rxdHJRwDNY,1932.57,189.186,8296.71,6420054.714
23-05-2020 08:15,7JYdWkrLSPkdwr4,6818.57,667.7,464.286,7659234.286
22-05-2020 16:30,iCRJl6heRkivqQ3,2250.25,220.637,6964.12,7234406.125
25-05-2020 20:30,wCURE6d3bPkepu2,0,0,8859,6864650.000
27-05-2020 10:15,WRmjgnKYAwPKWDb,5927.12,580.65,2082.62,7119962.625
11-06-2020 03:45,1BY6WEcLGh8j5v7,0,0,0,6444981.000
06-06-2020 11:45,rGa61gmuvPhdLxV,5380.88,526.425,3230.25,7276320.250
15-05-2020 02:30,bvBOhCH3iADSZry,0,0,0,6316803.000
15-06-2020 04:15,uHbuxQJl8lW7ozc,0,0,0,7267837.000
21-05-2020 10:15,ih0vzX44oOqAx2f,5802.71,568.486,1974.86,6227915.857
17-05-2020 14:30,WRmjgnKYAwPKWDb,5169.38,506.512,6058.75,7047488.750
11-06-2020 13:45,iCRJl6heRkivqQ3,6617.25,648.188,3533.75,7383312.750
25-05-2020 21:30,rGa61gmuvPhdLxV,0,0,8807,7192102.000
25-05-2020 00:00,zBIq5rxdHJRwDNY,0,0,909.625,6411758.000
10-06-2020 16:00,ZnxXDlPa8U1GXgE,4201.57,412.643,5890.43,6723662.429
10-06-2020 05:45,adLQvlD726eNBSB,0,0,0,6470277.000
21-05-2020 11:30,WRmjgnKYAwPKWDb,11656,1137.33,3376.57,7073101.571
04-06-2020 21:15,bvBOhCH3iADSZry,0,0,7462,6460186.000
25-05-2020 12:15,pkci93gMrogZuBj,12587.6,1227.3,4467.43,7246174.429
05-06-2020 04:30,bvBOhCH3iADSZry,0,0,0,6460186.000
15-06-2020 14:00,bvBOhCH3iADSZry,3896.38,382.863,4620.38,6526220.375
31-05-2020 06:15,ZoEaEvLYb1n2sOq,458.375,44.3375,6.875,7216854.875
27-05-2020 15:00,YxYtjZvoooNbGkE,4398.14,431.829,5547,7274880.000
30-05-2020 03:45,3PZuoBAID5Wc2HD,0,0,0,7102189.000
14-06-2020 20:15,YxYtjZvoooNbGkE,0,0,7263,7406702.000
06-06-2020 19:45,1BY6WEcLGh8j5v7,0,0,5940,6418482.000
12-06-2020 19:15,sjndEbLyjtCKgGv,0,0,5847,7227101.000
22-05-2020 19:45,1BY6WEcLGh8j5v7,0,0,6848,6312437.000
07-06-2020 19:30,z9Y9gH1T5YWrNuG,0,0,6342,7183631.000
28-05-2020 10:00,7JYdWkrLSPkdwr4,10414.1,1017.96,2009.62,7700559.625
30-05-2020 08:30,McdE0feGgRqW7Ca,3607.12,354.562,483.625,7273696.625
17-05-2020 02:30,zBIq5rxdHJRwDNY,0,0,0,6352150.000
30-05-2020 19:30,ZnxXDlPa8U1GXgE,0,0,7317,6643383.000
17-06-2020 11:15,McdE0feGgRqW7Ca,8201.14,802.671,2149.29,7404744.286
29-05-2020 14:00,rGa61gmuvPhdLxV,6619.43,648.414,6057.29,7220872.286
07-06-2020 03:30,7JYdWkrLSPkdwr4,0,0,0,7770457.000
23-05-2020 09:30,WRmjgnKYAwPKWDb,9069.5,887.2,1493.38,7086088.375
09-06-2020 01:30,7JYdWkrLSPkdwr4,0,0,0,7786793.000
24-05-2020 22:15,rGa61gmuvPhdLxV,0,0,8002,7183295.000
13-06-2020 05:00,VHMLBKoKgIrUVDU,0,0,0,7420914.000
11-06-2020 00:45,ZnxXDlPa8U1GXgE,0,0,0,6724210.000
11-06-2020 16:45,YxYtjZvoooNbGkE,3137,308.071,5365.57,7385052.571
30-05-2020 03:30,z9Y9gH1T5YWrNuG,0,0,0,7120455.000
27-05-2020 23:15,7JYdWkrLSPkdwr4,0,0,6638,7698550.000
13-06-2020 09:15,7JYdWkrLSPkdwr4,9493.62,928.462,1319.88,7813736.875
01-06-2020 20:15,1BY6WEcLGh8j5v7,0,0,5508,6383439.000
17-06-2020 19:45,zVJPv84UY57bAof,0,0,5910,7363272.000
15-05-2020 01:00,McdE0feGgRqW7Ca,0,0,0,7158964.000
15-06-2020 07:45,z9Y9gH1T5YWrNuG,3683,361.571,260.571,7232728.571
15-05-2020 06:15,z9Y9gH1T5YWrNuG,312.714,30.1857,3.42857,7007869.429
05-06-2020 17:00,z9Y9gH1T5YWrNuG,4219.38,413.75,7398.75,7170660.750
25-05-2020 14:30,McdE0feGgRqW7Ca,10213,998.343,7262.57,7239953.571
04-06-2020 12:45,zBIq5rxdHJRwDNY,8205.5,802.237,4326.38,6488668.375
03-06-2020 16:45,ih0vzX44oOqAx2f,3893.88,382.1,7330.88,6328641.875
04-06-2020 23:15,McdE0feGgRqW7Ca,0,0,0,7316761.000
31-05-2020 16:15,iCRJl6heRkivqQ3,2179.57,213.657,5676.86,7304274.857
16-06-2020 01:30,ZoEaEvLYb1n2sOq,0,0,0,7329691.000
07-06-2020 14:15,wCURE6d3bPkepu2,10590.4,1033.95,4435.25,6957529.250
16-06-2020 08:30,3PZuoBAID5Wc2HD,6262.43,613.471,615.429,7225657.429
17-06-2020 05:45,zBIq5rxdHJRwDNY,0,0,0,6577552.000
01-06-2020 14:00,zVJPv84UY57bAof,2950.71,288.986,4964.86,7246988.857
10-06-2020 11:00,1BY6WEcLGh8j5v7,4566.5,447.975,2036.5,6441106.500
25-05-2020 03:15,1IF53ai7Xc0U56Y,0,0,0,6257480.000
07-06-2020 03:30,McdE0feGgRqW7Ca,0,0,0,7331160.000
12-06-2020 12:30,zBIq5rxdHJRwDNY,7135.25,698.725,3015.62,6546565.625
03-06-2020 14:45,z9Y9gH1T5YWrNuG,9851.38,962.663,6097.38,7153371.375
19-05-2020 10:45,7JYdWkrLSPkdwr4,7851,768.186,1873,7630245.000
22-05-2020 05:30,uHbuxQJl8lW7ozc,0,0,0,7087976.000
18-05-2020 19:30,3PZuoBAID5Wc2HD,0,0,5435,7013918.000
09-06-2020 07:00,McdE0feGgRqW7Ca,2221,217.743,95.7143,7346877.714
29-05-2020 22:15,iCRJl6heRkivqQ3,0,0,0,7291253.000
24-05-2020 15:30,ZnxXDlPa8U1GXgE,3859.71,378.671,7220.71,6594948.714
07-06-2020 20:45,zBIq5rxdHJRwDNY,0,0,8183,6514911.000
01-06-2020 02:00,sjndEbLyjtCKgGv,0,0,0,7142242.000
13-06-2020 16:45,ZoEaEvLYb1n2sOq,2153.71,211.043,8193.43,7315578.429
31-05-2020 15:30,3PZuoBAID5Wc2HD,3342.57,328.529,5303.57,7114791.571
13-06-2020 21:30,ih0vzX44oOqAx2f,0,0,8255,6400518.000
10-06-2020 19:45,McdE0feGgRqW7Ca,0,0,6606,7361623.000
14-06-2020 04:30,adLQvlD726eNBSB,0,0,0,6497496.000
26-05-2020 05:00,rGa61gmuvPhdLxV,0,0,0,7192102.000
03-06-2020 18:45,3PZuoBAID5Wc2HD,0,0,7874,7136488.000
31-05-2020 16:45,YxYtjZvoooNbGkE,1813.38,177.75,5772.12,7305541.125
16-06-2020 05:00,zBIq5rxdHJRwDNY,0,0,0,6571833.000
04-06-2020 10:00,YxYtjZvoooNbGkE,8104.62,792.337,1592.88,7328348.875
25-05-2020 15:30,1BY6WEcLGh8j5v7,8066.43,789.529,7544.71,6335484.714
19-05-2020 11:00,ih0vzX44oOqAx2f,10343.1,1009.73,2071.57,6212558.571
18-05-2020 02:30,iCRJl6heRkivqQ3,0,0,0,7198367.000
02-06-2020 13:30,wCURE6d3bPkepu2,10834.7,1058.26,4996,6920340.000
25-05-2020 02:45,7JYdWkrLSPkdwr4,0,0,0,7675241.000
04-06-2020 06:00,ih0vzX44oOqAx2f,78.125,7.525,0.75,6329010.750
24-05-2020 01:45,1BY6WEcLGh8j5v7,0,0,0,6320403.000
31-05-2020 22:30,uHbuxQJl8lW7ozc,0,0,6081,7165353.000
20-05-2020 22:45,1IF53ai7Xc0U56Y,0,0,8997,6225427.000
01-06-2020 10:15,ZoEaEvLYb1n2sOq,9376.12,916.675,1950,7224594.000
18-05-2020 07:45,1BY6WEcLGh8j5v7,1606.57,157.057,253.429,6278903.429
15-05-2020 03:15,VHMLBKoKgIrUVDU,0,0,0,7206408.000
06-06-2020 20:45,wCURE6d3bPkepu2,0,0,0,6953094.000
07-06-2020 12:30,1BY6WEcLGh8j5v7,0,0,3634,6422116.000
29-05-2020 16:15,VHMLBKoKgIrUVDU,6219.5,609.337,7705.75,7320592.750
30-05-2020 13:00,rGa61gmuvPhdLxV,9507,929.65,3674.5,7226748.500
12-06-2020 19:00,YxYtjZvoooNbGkE,0,0,5780,7391059.000
01-06-2020 12:15,iCRJl6heRkivqQ3,9067.43,885.714,3768.71,7308335.714
25-05-2020 11:30,uHbuxQJl8lW7ozc,12262,1195.54,3593.38,7115445.375
17-06-2020 10:00,3PZuoBAID5Wc2HD,6346.29,621.729,1302.43,7232675.429
27-05-2020 01:00,uHbuxQJl8lW7ozc,0,0,0,7128538.000
28-05-2020 09:30,rGa61gmuvPhdLxV,9397.86,919.2,1482.86,7208031.857
02-06-2020 04:00,1BY6WEcLGh8j5v7,0,0,0,6383439.000
27-05-2020 05:00,ZnxXDlPa8U1GXgE,0,0,0,6612649.000
31-05-2020 05:45,pkci93gMrogZuBj,0,0,0,7288876.000
26-05-2020 08:15,bvBOhCH3iADSZry,5507.12,539.763,509.5,6392845.500
17-06-2020 02:00,zVJPv84UY57bAof,0,0,0,7357362.000
24-05-2020 13:45,McdE0feGgRqW7Ca,11971.1,1167.17,5813.14,7230449.143
20-05-2020 11:15,1BY6WEcLGh8j5v7,11327.1,1106.59,3088.43,6293185.429
29-05-2020 09:15,ih0vzX44oOqAx2f,8691.43,850.371,996.286,6288166.286
13-06-2020 04:45,7JYdWkrLSPkdwr4,0,0,0,7812417.000
07-06-2020 10:15,adLQvlD726eNBSB,7913.57,774.629,1705.14,6446736.143
27-05-2020 11:15,zVJPv84UY57bAof,11079.7,1081.11,2741.43,7208124.429
18-05-2020 11:15,1BY6WEcLGh8j5v7,6454.75,632.325,1092.62,6279742.625
21-05-2020 07:45,wCURE6d3bPkepu2,3253,319.6,304,6824548.000
03-06-2020 10:45,z9Y9gH1T5YWrNuG,10924.9,1067.37,1969.86,7149243.857
19-05-2020 02:30,1BY6WEcLGh8j5v7,0,0,0,6283648.000
27-05-2020 04:30,VHMLBKoKgIrUVDU,0,0,0,7297615.000
27-05-2020 01:30,ZnxXDlPa8U1GXgE,0,0,0,6612649.000
06-06-2020 03:45,YxYtjZvoooNbGkE,0,0,0,7342489.000
12-06-2020 00:30,bvBOhCH3iADSZry,0,0,0,6504407.000
24-05-2020 11:00,adLQvlD726eNBSB,10582,1033.11,2832.25,6340566.250
23-05-2020 07:30,z9Y9gH1T5YWrNuG,3208.5,315.4,147.875,7064366.875
07-06-2020 12:45,1BY6WEcLGh8j5v7,0,0,3634,6422116.000
26-05-2020 11:15,z9Y9gH1T5YWrNuG,6268.14,614.143,3321.71,7092761.714
14-06-2020 09:30,ZoEaEvLYb1n2sOq,7937.62,776.975,1222.38,7316985.375
30-05-2020 17:45,rGa61gmuvPhdLxV,1074.12,104.45,7327,7230401.000
23-05-2020 03:30,z9Y9gH1T5YWrNuG,0,0,0,7064219.000
16-06-2020 07:00,WRmjgnKYAwPKWDb,1467.43,143.143,61.5714,7261376.571
01-06-2020 07:00,bvBOhCH3iADSZry,1971.5,193.262,91.125,6433358.125
04-06-2020 01:45,1IF53ai7Xc0U56Y,0,0,0,6332659.000
14-06-2020 15:15,iCRJl6heRkivqQ3,10146.6,990.413,6436,7406291.000
24-05-2020 22:45,adLQvlD726eNBSB,0,0,8397,6346131.000
02-06-2020 05:45,wCURE6d3bPkepu2,0,0,0,6915344.000
09-06-2020 08:45,bvBOhCH3iADSZry,6366.86,623.443,795.286,6486781.286
18-05-2020 10:15,bvBOhCH3iADSZry,2061.38,202.088,629.625,6336205.625
15-05-2020 14:00,1IF53ai7Xc0U56Y,10326.4,1009.49,4354,6187999.000
15-06-2020 12:30,pkci93gMrogZuBj,5718.29,560.371,4152.57,7400574.571
12-06-2020 17:45,zVJPv84UY57bAof,1604.38,156.675,5814,7328501.000
20-05-2020 18:30,ZoEaEvLYb1n2sOq,51,4.925,8735.75,7139067.750
16-06-2020 05:45,VHMLBKoKgIrUVDU,0,0,0,7443869.000
11-06-2020 02:00,rGa61gmuvPhdLxV,0,0,0,7310769.000
14-06-2020 02:15,iCRJl6heRkivqQ3,0,0,0,7399855.000
17-06-2020 15:45,pkci93gMrogZuBj,1433.86,140.057,5546.57,7415024.571
07-06-2020 22:00,1BY6WEcLGh8j5v7,0,0,5268,6423750.000
15-06-2020 18:15,ZoEaEvLYb1n2sOq,239.25,23.0875,6635.62,7329687.625
18-05-2020 17:00,1IF53ai7Xc0U56Y,2249.38,220.562,5322.75,6209675.750
29-05-2020 15:00,uHbuxQJl8lW7ozc,7855.38,768.962,6939.25,7150571.250
14-06-2020 02:45,WRmjgnKYAwPKWDb,0,0,0,7247179.000
11-06-2020 02:15,7JYdWkrLSPkdwr4,0,0,0,7801091.000
19-05-2020 10:45,rGa61gmuvPhdLxV,9084.38,887.65,1942.38,7138844.375
18-05-2020 14:30,1IF53ai7Xc0U56Y,6567.5,643.3,3889,6208242.000
15-06-2020 13:30,rGa61gmuvPhdLxV,3812,374.312,4806,7342778.000
01-06-2020 12:30,McdE0feGgRqW7Ca,7852.29,768.557,4113.71,7290873.714
17-05-2020 14:30,ZoEaEvLYb1n2sOq,4942.71,484.3,5859.29,7116603.286
13-06-2020 23:30,7JYdWkrLSPkdwr4,0,0,8435,7820852.000
02-06-2020 17:15,sjndEbLyjtCKgGv,1532,149.688,7366.88,7155374.875
15-06-2020 06:30,ZoEaEvLYb1n2sOq,964.75,93.7,23.875,7323075.875
17-06-2020 21:30,WRmjgnKYAwPKWDb,0,0,5953,7273532.000
16-06-2020 08:30,7JYdWkrLSPkdwr4,5931.14,581.214,587.429,7835386.429
18-05-2020 07:45,zBIq5rxdHJRwDNY,1779.75,174.225,271.875,6359928.875
11-06-2020 13:15,ZnxXDlPa8U1GXgE,7356.38,720.275,3244.25,6727454.250
14-06-2020 14:30,1IF53ai7Xc0U56Y,7679.29,751.671,5966.29,6412847.286
17-06-2020 07:00,pkci93gMrogZuBj,1386.88,135.35,17.125,7409495.125
01-06-2020 14:00,wCURE6d3bPkepu2,3133.71,307.043,5173,6914578.000
16-05-2020 20:30,ih0vzX44oOqAx2f,0,0,6450,6197810.000
06-06-2020 01:45,bvBOhCH3iADSZry,0,0,0,6467251.000
23-05-2020 20:00,bvBOhCH3iADSZry,0,0,7864,6376772.000
27-05-2020 21:00,rGa61gmuvPhdLxV,0,0,0,7206549.000
16-05-2020 16:00,3PZuoBAID5Wc2HD,3445.43,338.743,6272.57,7000305.571
01-06-2020 16:45,VHMLBKoKgIrUVDU,1641.43,160.843,5776.29,7340181.286
08-06-2020 23:30,ZoEaEvLYb1n2sOq,0,0,8271,7281724.000
27-05-2020 09:15,1BY6WEcLGh8j5v7,6772.29,663.229,1131.43,6344800.429
13-06-2020 20:45,wCURE6d3bPkepu2,0,0,8461,7002369.000
15-05-2020 06:30,iCRJl6heRkivqQ3,677,65.5875,14.5,7178006.500
30-05-2020 22:45,7JYdWkrLSPkdwr4,0,0,7143,7721978.000
07-06-2020 05:00,ZnxXDlPa8U1GXgE,0,0,0,6693054.000
14-06-2020 04:45,7JYdWkrLSPkdwr4,0,0,0,7820852.000
07-06-2020 12:15,rGa61gmuvPhdLxV,12969.9,1264.57,3893.71,7283394.714
08-06-2020 01:15,WRmjgnKYAwPKWDb,0,0,0,7204682.000
23-05-2020 23:15,uHbuxQJl8lW7ozc,0,0,8493,7103746.000
05-06-2020 02:30,ZoEaEvLYb1n2sOq,0,0,0,7251540.000
20-05-2020 03:30,YxYtjZvoooNbGkE,0,0,0,7212476.000
15-05-2020 15:45,pkci93gMrogZuBj,5051.14,495.129,5698.71,7174800.714
19-05-2020 07:30,adLQvlD726eNBSB,2689.29,263.771,189.714,6298005.714
23-05-2020 15:45,WRmjgnKYAwPKWDb,7544.38,738.65,7557.12,7092152.125
19-05-2020 10:30,3PZuoBAID5Wc2HD,6494.75,635.837,1723.88,7015641.875
27-05-2020 00:15,z9Y9gH1T5YWrNuG,0,0,0,7097183.000
05-06-2020 10:45,sjndEbLyjtCKgGv,9508.57,928.257,2380.29,7173898.286
15-06-2020 12:45,zVJPv84UY57bAof,6877.86,673.514,4353.43,7348633.429
13-06-2020 15:15,ZnxXDlPa8U1GXgE,10637,1039.7,7540.71,6743325.714
03-06-2020 07:00,zVJPv84UY57bAof,1434,139.838,61.375,7255278.375
16-05-2020 08:15,sjndEbLyjtCKgGv,4707.86,461.757,437.571,7023619.571
05-06-2020 12:00,iCRJl6heRkivqQ3,5694.88,557.8,3639.38,7337639.375
26-05-2020 15:45,wCURE6d3bPkepu2,7496.38,733.975,7009.88,6871659.875
26-05-2020 22:00,ih0vzX44oOqAx2f,0,0,0,6272291.000
10-06-2020 03:30,wCURE6d3bPkepu2,0,0,0,6975980.000
15-06-2020 20:15,sjndEbLyjtCKgGv,0,0,6728,7249539.000
25-05-2020 22:00,zVJPv84UY57bAof,0,0,8813,7197609.000
12-06-2020 21:00,VHMLBKoKgIrUVDU,0,0,5903,7420914.000
05-06-2020 10:15,ih0vzX44oOqAx2f,6350.12,622.05,1843.25,6338862.250
25-05-2020 18:30,rGa61gmuvPhdLxV,38.625,3.7375,8807,7192102.000
16-06-2020 13:15,WRmjgnKYAwPKWDb,7104.29,695.7,4152.14,7265467.143
16-06-2020 08:45,YxYtjZvoooNbGkE,5832.14,571.529,730.571,7414065.571
28-05-2020 17:00,z9Y9gH1T5YWrNuG,3193.43,313.571,8309.86,7112194.857
21-05-2020 09:30,iCRJl6heRkivqQ3,9860.5,964.237,1411.12,7221016.125
27-05-2020 14:00,adLQvlD726eNBSB,4477.86,439.6,5022,6368538.000
15-06-2020 17:00,z9Y9gH1T5YWrNuG,2827.38,277.675,6540.25,7239008.250
16-06-2020 05:30,1IF53ai7Xc0U56Y,0,0,0,6421214.000
01-06-2020 09:15,ZnxXDlPa8U1GXgE,5974.86,585.5,1268.43,6650793.429
17-06-2020 15:45,McdE0feGgRqW7Ca,1412.5,137.875,5578.38,7408173.375
18-05-2020 13:00,VHMLBKoKgIrUVDU,8106,793.343,2497.14,7229594.143
17-05-2020 00:30,7JYdWkrLSPkdwr4,0,0,0,7615537.000
28-05-2020 12:15,ZnxXDlPa8U1GXgE,13049.4,1272.33,4620.57,6623996.571
17-06-2020 10:45,ZnxXDlPa8U1GXgE,6777.5,663.812,1790.12,6766598.125
12-06-2020 13:30,wCURE6d3bPkepu2,8334.71,815.686,3805.43,6991859.429
24-05-2020 10:30,rGa61gmuvPhdLxV,8345.88,815.45,2012.88,7177305.875
26-05-2020 07:45,VHMLBKoKgIrUVDU,4409.12,432.875,313.875,7289838.875
17-06-2020 22:15,3PZuoBAID5Wc2HD,0,0,6052,7237425.000
09-06-2020 04:00,1IF53ai7Xc0U56Y,0,0,0,6371833.000
16-06-2020 01:00,rGa61gmuvPhdLxV,0,0,0,7344704.000
26-05-2020 09:15,iCRJl6heRkivqQ3,8847.43,865.6,1264.43,7261394.429
06-06-2020 12:00,YxYtjZvoooNbGkE,7928.29,774.629,3401.43,7345890.429
10-06-2020 08:45,1IF53ai7Xc0U56Y,6798.86,665.929,743.286,6380765.286
26-05-2020 01:45,zBIq5rxdHJRwDNY,0,0,0,6420201.000
06-06-2020 05:30,McdE0feGgRqW7Ca,0,0,0,7324681.000
05-06-2020 09:30,ZoEaEvLYb1n2sOq,9438.14,922.271,1256.29,7252796.286
12-06-2020 06:00,WRmjgnKYAwPKWDb,0,0,0,7232986.000
27-05-2020 09:45,YxYtjZvoooNbGkE,9098.38,889.263,1650.25,7270983.250
06-06-2020 23:30,uHbuxQJl8lW7ozc,0,0,0,7208855.000
02-06-2020 20:30,zBIq5rxdHJRwDNY,0,0,7421,6476454.000
16-05-2020 19:30,7JYdWkrLSPkdwr4,0,0,6461,7615537.000
21-05-2020 23:45,bvBOhCH3iADSZry,0,0,4062.86,6362148.000
20-05-2020 00:45,pkci93gMrogZuBj,0,0,0,7201349.000
14-06-2020 12:15,WRmjgnKYAwPKWDb,7269.86,711.857,3676.71,7250855.714
05-06-2020 16:15,pkci93gMrogZuBj,6744.88,660.65,7015.62,7330706.625
05-06-2020 11:30,3PZuoBAID5Wc2HD,13261.1,1293.36,3271.86,7147974.857
16-06-2020 19:00,pkci93gMrogZuBj,0,0,6261,7409478.000
21-05-2020 12:15,ZoEaEvLYb1n2sOq,11388.6,1111.21,4078.43,7143146.429
02-06-2020 23:45,iCRJl6heRkivqQ3,0,0,7465,7317813.000
15-05-2020 09:15,WRmjgnKYAwPKWDb,2986,293.229,909.714,7029582.714
16-06-2020 02:00,bvBOhCH3iADSZry,0,0,0,6527792.000
17-06-2020 23:15,wCURE6d3bPkepu2,0,0,5883,7028601.000
20-05-2020 04:15,zBIq5rxdHJRwDNY,0,0,0,6371971.000
23-05-2020 14:45,wCURE6d3bPkepu2,7392.71,723.843,6900.29,6846125.286
17-05-2020 19:00,McdE0feGgRqW7Ca,0,0,7606,7179627.000
31-05-2020 16:45,bvBOhCH3iADSZry,1687,165.35,5403.38,6433084.375
06-06-2020 20:45,z9Y9gH1T5YWrNuG,0,0,0,7177289.000
30-05-2020 04:30,1IF53ai7Xc0U56Y,0,0,0,6298211.000
11-06-2020 18:45,WRmjgnKYAwPKWDb,0,0,5619,7232986.000
09-06-2020 00:30,bvBOhCH3iADSZry,0,0,0,6485986.000
19-05-2020 20:00,ZnxXDlPa8U1GXgE,0,0,6974,6555136.000
01-06-2020 22:00,sjndEbLyjtCKgGv,0,0,5766,7148008.000
06-06-2020 07:30,YxYtjZvoooNbGkE,3726.71,366.271,253,7342742.000
24-05-2020 16:15,ih0vzX44oOqAx2f,3750.86,367.643,7114,6256052.000
23-05-2020 00:00,WRmjgnKYAwPKWDb,0,0,0,7084595.000
08-06-2020 07:30,1IF53ai7Xc0U56Y,2662.86,261.257,182.429,6363520.429
18-05-2020 14:15,sjndEbLyjtCKgGv,4947.5,485.163,3660.62,7040714.625
16-05-2020 06:30,3PZuoBAID5Wc2HD,724.75,70.275,16.875,6994049.875
10-06-2020 02:15,McdE0feGgRqW7Ca,0,0,0,7355017.000
31-05-2020 17:00,uHbuxQJl8lW7ozc,1983.29,194.429,5929.14,7165201.143
29-05-2020 09:15,WRmjgnKYAwPKWDb,9104.29,890.6,1023.57,7133884.571
31-05-2020 22:00,1BY6WEcLGh8j5v7,0,0,5803,6377931.000
11-06-2020 05:00,ih0vzX44oOqAx2f,0,0,0,6381032.000
18-05-2020 22:00,ih0vzX44oOqAx2f,0,0,5286,6210487.000
01-06-2020 09:00,pkci93gMrogZuBj,6794.43,665.471,1089.14,7295880.143
20-05-2020 07:15,zVJPv84UY57bAof,2431.12,238.412,117.75,7148454.750
31-05-2020 13:00,zBIq5rxdHJRwDNY,9422.86,920.414,4145.71,6461446.714
29-05-2020 21:00,3PZuoBAID5Wc2HD,0,0,8210,7102189.000
07-06-2020 01:15,1BY6WEcLGh8j5v7,0,0,0,6418482.000
15-05-2020 03:00,pkci93gMrogZuBj,0,0,0,7169102.000
28-05-2020 09:15,rGa61gmuvPhdLxV,8782.5,859.288,1261.62,7207810.625
17-05-2020 23:45,sjndEbLyjtCKgGv,0,0,4252,7037054.000
24-05-2020 03:30,zVJPv84UY57bAof,0,0,0,7180838.000
12-06-2020 17:45,pkci93gMrogZuBj,1651.88,161.338,5800.62,7380756.625
02-06-2020 02:00,7JYdWkrLSPkdwr4,0,0,0,7733624.000
01-06-2020 03:15,VHMLBKoKgIrUVDU,0,0,0,7334405.000
06-06-2020 03:15,zBIq5rxdHJRwDNY,0,0,0,6500302.000
14-06-2020 16:15,adLQvlD726eNBSB,4051.43,397.943,7267.57,6504763.571
15-05-2020 02:00,WRmjgnKYAwPKWDb,0,0,0,7028673.000
19-05-2020 11:15,bvBOhCH3iADSZry,7154.62,700.45,2108.88,6342646.875
23-05-2020 15:30,uHbuxQJl8lW7ozc,9408.86,920.271,7387,7102640.000
29-05-2020 16:30,sjndEbLyjtCKgGv,4285.12,420.788,7782.38,7128685.375
20-05-2020 07:00,VHMLBKoKgIrUVDU,1727.43,169.043,76.5714,7239618.571
26-05-2020 08:00,adLQvlD726eNBSB,5518.62,540.888,460.75,6355754.750
23-05-2020 10:15,zVJPv84UY57bAof,7803.71,763.843,2111.71,7174405.714
17-06-2020 12:15,McdE0feGgRqW7Ca,13802.7,1345.77,3202.86,7405797.857
07-06-2020 14:45,ZnxXDlPa8U1GXgE,4454.43,437.357,6604.57,6699658.571
21-05-2020 11:15,1BY6WEcLGh8j5v7,11500,1122,2802.38,6301148.375
07-06-2020 09:15,zBIq5rxdHJRwDNY,8398,821.812,962,6507690.000
11-06-2020 22:45,1IF53ai7Xc0U56Y,0,0,5704,6392324.000
29-05-2020 23:30,adLQvlD726eNBSB,0,0,8343,6387352.000
02-06-2020 14:00,bvBOhCH3iADSZry,6191,606.543,5050.14,6443695.143
02-06-2020 12:15,sjndEbLyjtCKgGv,9699.29,948.271,3653.29,7151661.286
17-05-2020 19:30,rGa61gmuvPhdLxV,0,0,7438,7131537.000
03-06-2020 17:30,adLQvlD726eNBSB,1929.57,189.129,7914.14,6422190.143
12-06-2020 11:45,zVJPv84UY57bAof,9777.43,956.129,2385.57,7325072.571
30-05-2020 15:15,McdE0feGgRqW7Ca,9101.12,890.3,6073.38,7279286.375
10-06-2020 19:15,zBIq5rxdHJRwDNY,0,0,6498,6537903.000
14-06-2020 14:00,uHbuxQJl8lW7ozc,14125.6,1377.25,5235.5,7265766.500
07-06-2020 08:15,rGa61gmuvPhdLxV,3547.12,348.675,390.75,7279891.750
14-06-2020 02:15,zBIq5rxdHJRwDNY,0,0,0,6557822.000
09-06-2020 07:30,ZnxXDlPa8U1GXgE,2617.88,257.025,227.625,6709925.625
07-06-2020 13:30,WRmjgnKYAwPKWDb,10956.3,1069.44,5453.71,7202064.714
04-06-2020 23:00,ZnxXDlPa8U1GXgE,0,0,8178,6679062.000
22-05-2020 20:45,adLQvlD726eNBSB,0,0,7378,6328951.000
21-05-2020 22:00,iCRJl6heRkivqQ3,0,0,7837,7227442.000
06-06-2020 15:15,adLQvlD726eNBSB,5118.5,501.788,6104.38,6444532.375
03-06-2020 05:15,z9Y9gH1T5YWrNuG,0,0,0,7147274.000
23-05-2020 17:00,zBIq5rxdHJRwDNY,3482.88,342.363,8420.38,6404227.375
22-05-2020 15:15,7JYdWkrLSPkdwr4,7156.12,700.612,6468.25,7658103.250
01-06-2020 14:30,McdE0feGgRqW7Ca,4809,471.6,5387,7292147.000
02-06-2020 13:30,WRmjgnKYAwPKWDb,9975.38,974.612,4845.62,7164545.625
13-06-2020 05:15,zVJPv84UY57bAof,0,0,0,7328550.000
18-05-2020 13:45,rGa61gmuvPhdLxV,12468.9,1216.05,3199.5,7134736.500
31-05-2020 13:30,zVJPv84UY57bAof,6295.25,615.275,4612.62,7240589.625
16-06-2020 07:45,adLQvlD726eNBSB,3713.57,364.6,258,6512260.000
14-06-2020 07:30,WRmjgnKYAwPKWDb,3364.86,330.571,214.714,7247393.714
31-05-2020 14:00,ih0vzX44oOqAx2f,11110.8,1084.39,4886.75,6307153.750
12-06-2020 00:30,3PZuoBAID5Wc2HD,0,0,0,7196186.000
30-05-2020 02:45,zBIq5rxdHJRwDNY,0,0,0,6449905.000
27-05-2020 22:15,3PZuoBAID5Wc2HD,0,0,6740,7085451.000
13-06-2020 15:00,1IF53ai7Xc0U56Y,10502.9,1026.65,7386.88,6405613.875
16-06-2020 16:15,YxYtjZvoooNbGkE,3476.12,341.525,5885.62,7419220.625
24-05-2020 10:45,ih0vzX44oOqAx2f,11673.9,1139.34,2284.57,6251222.571
13-06-2020 18:00,YxYtjZvoooNbGkE,593.375,57.4375,8365,7399424.000
15-06-2020 17:45,sjndEbLyjtCKgGv,1279,124.571,6692.86,7249503.857
10-06-2020 21:45,VHMLBKoKgIrUVDU,0,0,6479,7409295.000
26-05-2020 07:45,wCURE6d3bPkepu2,4049,397.812,285.75,6864935.750
10-06-2020 01:45,zBIq5rxdHJRwDNY,0,0,0,6531405.000
05-06-2020 01:30,zVJPv84UY57bAof,0,0,0,7271273.000
28-05-2020 08:30,rGa61gmuvPhdLxV,6623.57,648.843,684.286,7207233.286
14-06-2020 12:00,VHMLBKoKgIrUVDU,7406.57,725.171,3524.43,7433090.429
18-05-2020 16:00,z9Y9gH1T5YWrNuG,5866.57,574.886,4855.57,7033081.571
05-06-2020 08:30,zBIq5rxdHJRwDNY,7261.14,711,509.714,6493088.714
20-05-2020 08:45,rGa61gmuvPhdLxV,6843.38,670.263,848.25,7144660.250
15-06-2020 15:30,McdE0feGgRqW7Ca,5645.86,553.357,6125.29,7395483.286
18-05-2020 13:15,1IF53ai7Xc0U56Y,9926.5,969.987,2718.38,6207071.375
17-05-2020 19:15,z9Y9gH1T5YWrNuG,0,0,7486,7028226.000
30-05-2020 15:15,ih0vzX44oOqAx2f,8754.57,856.571,5913.43,6301034.429
31-05-2020 22:45,zVJPv84UY57bAof,0,0,6047,7242024.000
02-06-2020 01:15,1BY6WEcLGh8j5v7,0,0,0,6383439.000
25-05-2020 13:00,ih0vzX44oOqAx2f,12031.1,1173.03,4800.62,6261294.625
30-05-2020 09:15,wCURE6d3bPkepu2,5533.38,542.425,757.5,6896637.500
16-05-2020 12:45,VHMLBKoKgIrUVDU,11725.4,1143.85,3971.62,7216637.625
16-06-2020 00:45,7JYdWkrLSPkdwr4,0,0,0,7834799.000
30-05-2020 12:15,adLQvlD726eNBSB,10800.9,1054.73,2979.57,6390331.571
18-05-2020 20:15,1IF53ai7Xc0U56Y,0,0,5453,6209806.000
05-06-2020 23:00,rGa61gmuvPhdLxV,0,0,7741,7273090.000
25-05-2020 22:15,adLQvlD726eNBSB,0,0,9163,6355294.000
17-05-2020 05:15,pkci93gMrogZuBj,0,0,0,7181650.000
03-06-2020 01:00,ZoEaEvLYb1n2sOq,0,0,0,7235727.000
10-06-2020 19:30,zVJPv84UY57bAof,0,0,6560,7317016.000
16-05-2020 02:30,iCRJl6heRkivqQ3,0,0,0,7184410.000
09-06-2020 19:45,McdE0feGgRqW7Ca,0,0,8235,7355017.000
16-06-2020 06:15,sjndEbLyjtCKgGv,201.429,19.4429,1.14286,7249540.143
06-06-2020 04:30,ih0vzX44oOqAx2f,0,0,0,6344476.000
15-05-2020 21:45,zBIq5rxdHJRwDNY,0,0,6396,6345776.000
01-06-2020 19:00,3PZuoBAID5Wc2HD,0,0,5965,7121269.000
15-05-2020 21:45,3PZuoBAID5Wc2HD,0,0,0,6994033.000
24-05-2020 22:30,VHMLBKoKgIrUVDU,0,0,8180,7280512.000
28-05-2020 00:30,adLQvlD726eNBSB,0,0,0,6370373.000
14-06-2020 17:45,1IF53ai7Xc0U56Y,596.143,57.6857,7461.86,6414342.857
15-06-2020 22:00,bvBOhCH3iADSZry,0,0,6192,6527792.000
27-05-2020 08:00,1IF53ai7Xc0U56Y,4776.75,468.575,425.125,6275063.125
15-06-2020 18:15,bvBOhCH3iADSZry,215.375,20.8125,6188.75,6527788.750
08-06-2020 00:30,VHMLBKoKgIrUVDU,0,0,0,7386208.000
11-06-2020 17:30,z9Y9gH1T5YWrNuG,1407.62,137.2,5535,7211000.000
02-06-2020 22:45,zVJPv84UY57bAof,0,0,7451,7255217.000
06-06-2020 06:00,rGa61gmuvPhdLxV,122.625,11.8375,0.625,7273090.625
12-06-2020 09:30,ZoEaEvLYb1n2sOq,5270.43,516.614,748.143,7302380.143
12-06-2020 12:45,VHMLBKoKgIrUVDU,7811.25,764.638,3246.12,7418257.125
03-06-2020 01:30,zBIq5rxdHJRwDNY,0,0,0,6476454.000
31-05-2020 15:30,uHbuxQJl8lW7ozc,3183,312.729,5570.86,7164842.857
24-05-2020 01:45,ih0vzX44oOqAx2f,0,0,0,6248938.000
12-06-2020 12:00,zVJPv84UY57bAof,10160.9,993.062,2636.12,7325323.125
16-06-2020 23:15,1BY6WEcLGh8j5v7,0,0,5848,6479798.000
20-05-2020 19:15,pkci93gMrogZuBj,0,0,8849,7210198.000
12-06-2020 19:00,zVJPv84UY57bAof,0,0,5863,7328550.000
14-06-2020 10:45,YxYtjZvoooNbGkE,11288,1102.44,2297.86,7401736.857
23-05-2020 16:00,rGa61gmuvPhdLxV,6142.43,601.886,7382.14,7174523.143
16-05-2020 13:30,bvBOhCH3iADSZry,8715.29,852.686,4304.43,6326814.429
11-06-2020 21:45,ZnxXDlPa8U1GXgE,0,0,5692,6729902.000
25-05-2020 13:45,7JYdWkrLSPkdwr4,11507.3,1122.96,6311,7681552.000
25-05-2020 18:00,zVJPv84UY57bAof,440.5,42.5875,8800.88,7197596.875
04-06-2020 18:30,WRmjgnKYAwPKWDb,42.4286,4.11429,8037.86,7182664.857
02-06-2020 19:00,pkci93gMrogZuBj,0,0,7350,7307650.000
14-06-2020 23:15,VHMLBKoKgIrUVDU,0,0,7489,7437055.000
02-06-2020 05:30,1BY6WEcLGh8j5v7,0,0,0,6383439.000
08-06-2020 07:30,zVJPv84UY57bAof,2313.57,226.871,167.286,7293957.286
25-05-2020 18:45,bvBOhCH3iADSZry,0,0,8124,6392336.000
10-06-2020 23:30,rGa61gmuvPhdLxV,0,0,6565,7310769.000
01-06-2020 20:30,adLQvlD726eNBSB,0,0,6127,6406831.000
22-05-2020 06:30,adLQvlD726eNBSB,951.875,92.45,30.125,6321603.125
24-05-2020 15:15,sjndEbLyjtCKgGv,5510.43,540.114,7027.71,7088476.714
15-05-2020 01:45,adLQvlD726eNBSB,0,0,0,6271355.000
04-06-2020 02:45,z9Y9gH1T5YWrNuG,0,0,0,7155113.000
17-05-2020 19:30,1BY6WEcLGh8j5v7,0,0,7045,6278650.000
18-05-2020 09:15,YxYtjZvoooNbGkE,1716.5,168.225,512.125,7200741.125
17-06-2020 14:00,YxYtjZvoooNbGkE,6418.12,628.6,4665.88,7424221.875
11-06-2020 11:15,z9Y9gH1T5YWrNuG,7779.62,761.562,1687.5,7207152.500
26-05-2020 17:00,rGa61gmuvPhdLxV,4388.43,430.357,7659.29,7199761.286
26-05-2020 06:00,zBIq5rxdHJRwDNY,124.25,12,0.75,6420201.750
15-06-2020 23:45,zBIq5rxdHJRwDNY,0,0,6696,6571833.000
23-05-2020 07:45,YxYtjZvoooNbGkE,3708.29,364.457,230,7236351.000
30-05-2020 16:00,ZnxXDlPa8U1GXgE,6780.12,664.087,6638.62,6642704.625
11-06-2020 07:00,adLQvlD726eNBSB,808.25,78.4375,35.375,6476979.375
08-06-2020 11:00,zBIq5rxdHJRwDNY,11506.4,1122.86,2981.12,6517892.125
16-06-2020 11:45,1BY6WEcLGh8j5v7,7353,719.85,3028.75,6476978.750
22-05-2020 16:00,3PZuoBAID5Wc2HD,3279.71,322.471,6987.29,7044288.286
16-06-2020 03:45,rGa61gmuvPhdLxV,0,0,0,7344704.000
25-05-2020 20:45,ZnxXDlPa8U1GXgE,0,0,8910,6604666.000
03-06-2020 01:00,WRmjgnKYAwPKWDb,0,0,0,7166917.000
13-06-2020 17:30,rGa61gmuvPhdLxV,1266.88,123.513,8328.88,7330609.875
15-06-2020 13:45,zBIq5rxdHJRwDNY,3449.86,339.171,4886.14,6570023.143
03-06-2020 14:45,ZnxXDlPa8U1GXgE,9827.5,960.325,6169.25,6669137.250
08-06-2020 15:45,7JYdWkrLSPkdwr4,6550.25,641.425,7491.5,7786001.500
30-05-2020 01:45,3PZuoBAID5Wc2HD,0,0,0,7102189.000
12-06-2020 04:00,rGa61gmuvPhdLxV,0,0,0,7316432.000
28-05-2020 06:00,YxYtjZvoooNbGkE,161.143,15.5714,0.571429,7276029.571
15-05-2020 13:30,YxYtjZvoooNbGkE,8100.29,792.843,3932.57,7183898.571
09-06-2020 23:15,zVJPv84UY57bAof,0,0,8289,7310456.000
04-06-2020 19:00,3PZuoBAID5Wc2HD,0,0,8215,7144703.000
14-06-2020 06:30,1IF53ai7Xc0U56Y,695.286,67.3714,16.4286,6406897.429
08-06-2020 22:15,ZnxXDlPa8U1GXgE,0,0,8435,6709698.000
13-06-2020 14:15,ZnxXDlPa8U1GXgE,11950,1165.89,6514.71,6742299.714
19-05-2020 02:15,1IF53ai7Xc0U56Y,0,0,0,6209806.000
17-06-2020 21:30,1BY6WEcLGh8j5v7,0,0,5521,6485319.000
27-05-2020 01:30,sjndEbLyjtCKgGv,0,0,0,7105889.000
15-06-2020 05:00,ZnxXDlPa8U1GXgE,0,0,0,6751747.000
16-05-2020 04:15,rGa61gmuvPhdLxV,0,0,0,7117866.000
15-06-2020 19:15,iCRJl6heRkivqQ3,0,0,6777,7414001.000
17-06-2020 02:00,McdE0feGgRqW7Ca,0,0,0,7402595.000
26-05-2020 08:15,rGa61gmuvPhdLxV,5759.75,564.45,528.375,7192630.375
27-05-2020 23:00,ih0vzX44oOqAx2f,0,0,6564,6278855.000
08-06-2020 20:45,7JYdWkrLSPkdwr4,0,0,8283,7786793.000
04-06-2020 16:45,ih0vzX44oOqAx2f,3866.12,379.575,7619.38,6336629.375
18-05-2020 11:30,adLQvlD726eNBSB,5328.43,522.3,1366.71,6293676.714
15-06-2020 14:15,McdE0feGgRqW7Ca,6224.38,609.062,5248,7394606.000
23-05-2020 09:30,McdE0feGgRqW7Ca,7871,770.35,1482,7217434.000
09-06-2020 23:00,3PZuoBAID5Wc2HD,0,0,8186,7183919.000
29-05-2020 23:00,wCURE6d3bPkepu2,0,0,0,6895880.000
08-06-2020 00:15,3PZuoBAID5Wc2HD,0,0,0,7167224.000
07-06-2020 01:00,adLQvlD726eNBSB,0,0,0,6445031.000
15-06-2020 21:15,McdE0feGgRqW7Ca,0,0,6872,7396230.000
29-05-2020 15:15,zBIq5rxdHJRwDNY,7413.71,725.871,6729.57,6448723.571
06-06-2020 14:15,sjndEbLyjtCKgGv,12498.3,1218.97,5424.57,7184701.571
31-05-2020 04:30,wCURE6d3bPkepu2,0,0,0,6903158.000
06-06-2020 18:00,rGa61gmuvPhdLxV,141.5,13.65,6410.5,7279500.500
25-05-2020 20:45,ih0vzX44oOqAx2f,0,0,8085,6264579.000
02-06-2020 18:15,z9Y9gH1T5YWrNuG,309,29.8571,7441.43,7147269.429
19-05-2020 07:45,zVJPv84UY57bAof,3338.5,327.675,253.625,7141658.625
09-06-2020 13:30,McdE0feGgRqW7Ca,10203.6,996.275,5545.5,7352327.500
06-06-2020 04:45,zBIq5rxdHJRwDNY,0,0,0,6500302.000
31-05-2020 15:45,z9Y9gH1T5YWrNuG,3041.43,298.771,5871.71,7133468.714
14-06-2020 06:45,YxYtjZvoooNbGkE,1068.88,103.9,37.875,7399476.875
15-05-2020 02:30,1BY6WEcLGh8j5v7,0,0,0,6259559.000
19-05-2020 08:30,z9Y9gH1T5YWrNuG,4150.57,407.6,462.714,7034035.714
25-05-2020 21:30,sjndEbLyjtCKgGv,0,0,8760,7098111.000
05-06-2020 10:30,YxYtjZvoooNbGkE,10145.2,990.675,2033.5,7336919.500
15-05-2020 09:00,1IF53ai7Xc0U56Y,8229.25,805.325,804.125,6184449.125
27-05-2020 00:45,ih0vzX44oOqAx2f,0,0,0,6272291.000
10-06-2020 13:00,YxYtjZvoooNbGkE,9749.12,952.35,4102.62,7377370.625
11-06-2020 12:15,pkci93gMrogZuBj,8503.62,832.125,2510,7371804.000
13-06-2020 02:00,1IF53ai7Xc0U56Y,0,0,0,6398227.000
30-05-2020 10:00,3PZuoBAID5Wc2HD,4792,470.087,1196,7103385.000
16-05-2020 11:00,ih0vzX44oOqAx2f,7637.57,747.629,2286.86,6193646.857
01-06-2020 10:30,pkci93gMrogZuBj,11530.9,1125.94,2133.29,7296924.286
25-05-2020 16:15,ZoEaEvLYb1n2sOq,4288.88,421.125,8514.88,7178683.875
25-05-2020 03:45,1BY6WEcLGh8j5v7,0,0,0,6327940.000
23-05-2020 09:15,z9Y9gH1T5YWrNuG,8974.86,878.014,1251.86,7065470.857
16-06-2020 07:15,ih0vzX44oOqAx2f,2335.29,228.986,105.286,6414352.286
09-06-2020 02:15,zVJPv84UY57bAof,0,0,0,7302167.000
07-06-2020 03:00,WRmjgnKYAwPKWDb,0,0,0,7196611.000
05-06-2020 13:00,ZnxXDlPa8U1GXgE,8473.12,829.1,4041.5,6683103.500
23-05-2020 23:45,7JYdWkrLSPkdwr4,0,0,8450,7667220.000
09-06-2020 23:45,McdE0feGgRqW7Ca,0,0,5882.14,7355017.000
16-05-2020 08:30,7JYdWkrLSPkdwr4,5856.25,573.85,574.25,7609650.250
16-06-2020 08:15,adLQvlD726eNBSB,4723,463.471,496.571,6512498.571
22-05-2020 18:00,YxYtjZvoooNbGkE,278.714,26.9286,7080.86,7236114.857
09-06-2020 22:15,WRmjgnKYAwPKWDb,0,0,7977,7220978.000
22-05-2020 05:00,7JYdWkrLSPkdwr4,0,0,0,7651635.000
04-06-2020 14:15,iCRJl6heRkivqQ3,7958.25,778.062,5882.5,7331578.500
04-06-2020 02:00,adLQvlD726eNBSB,0,0,0,6422267.000
12-06-2020 22:15,bvBOhCH3iADSZry,0,0,5372,6509779.000
28-05-2020 19:00,zVJPv84UY57bAof,0,0,8391,7220473.000
13-06-2020 12:00,rGa61gmuvPhdLxV,13420.3,1308.46,4078.86,7326359.857
14-06-2020 08:00,wCURE6d3bPkepu2,4301.5,422.488,412.875,7002781.875
18-05-2020 13:30,iCRJl6heRkivqQ3,10836.6,1058.05,2938.25,7201305.250
18-05-2020 16:00,McdE0feGgRqW7Ca,6108.29,598.5,4963,7184590.000
05-06-2020 04:45,ZnxXDlPa8U1GXgE,0,0,0,6679062.000
30-05-2020 14:15,ZnxXDlPa8U1GXgE,11485.1,1121.2,5053,6641119.000
25-05-2020 23:30,1IF53ai7Xc0U56Y,0,0,9048,6266528.000
17-06-2020 07:15,1IF53ai7Xc0U56Y,2112.57,207.157,59.8571,6427591.857
06-06-2020 23:00,McdE0feGgRqW7Ca,0,0,0,7331160.000
25-05-2020 10:45,zBIq5rxdHJRwDNY,11120,1086.65,2591.12,6414349.125
20-05-2020 22:30,1BY6WEcLGh8j5v7,0,0,8249,6298346.000
08-06-2020 20:15,YxYtjZvoooNbGkE,0,0,8343,7365310.000
19-05-2020 05:30,zVJPv84UY57bAof,0,0,0,7141405.000
02-06-2020 21:30,ZoEaEvLYb1n2sOq,0,0,7287,7235727.000
03-06-2020 16:15,uHbuxQJl8lW7ozc,3940,386.529,7306.71,7185711.714
28-05-2020 17:30,pkci93gMrogZuBj,1170.5,113.938,8224,7273209.000
24-05-2020 09:00,adLQvlD726eNBSB,8667,847.957,1048.29,6338782.286
16-05-2020 15:45,bvBOhCH3iADSZry,3590,352.887,5707.12,6328217.125
16-05-2020 05:15,uHbuxQJl8lW7ozc,0,0,0,7045068.000
02-06-2020 04:15,1BY6WEcLGh8j5v7,0,0,0,6383439.000
01-06-2020 02:30,zBIq5rxdHJRwDNY,0,0,0,6463239.000
04-06-2020 01:45,ZoEaEvLYb1n2sOq,0,0,0,7243501.000
03-06-2020 00:30,YxYtjZvoooNbGkE,0,0,0,7318929.000
01-06-2020 00:30,z9Y9gH1T5YWrNuG,0,0,0,7133897.000
18-05-2020 14:30,rGa61gmuvPhdLxV,6547.29,641.329,3799.29,7135336.286
16-05-2020 03:45,zBIq5rxdHJRwDNY,0,0,0,6345776.000
16-05-2020 08:45,7JYdWkrLSPkdwr4,6347.86,621.871,728.571,7609804.571
15-06-2020 04:15,3PZuoBAID5Wc2HD,0,0,0,7218223.000
17-05-2020 18:30,zVJPv84UY57bAof,0,0,7480,7136015.000
20-05-2020 07:15,3PZuoBAID5Wc2HD,2684.25,263.35,129.125,7020641.125
17-05-2020 01:30,WRmjgnKYAwPKWDb,0,0,0,7041430.000
09-06-2020 20:15,WRmjgnKYAwPKWDb,0,0,7977,7220978.000
17-05-2020 22:45,uHbuxQJl8lW7ozc,0,0,7454,7058793.000
05-06-2020 13:00,ZoEaEvLYb1n2sOq,8470.38,828.825,3990.62,7255530.625
16-06-2020 02:45,VHMLBKoKgIrUVDU,0,0,0,7443869.000
02-06-2020 20:15,rGa61gmuvPhdLxV,0,0,7361,7249330.000
13-06-2020 07:15,rGa61gmuvPhdLxV,2513.43,246.471,119,7322400.000
15-05-2020 08:45,McdE0feGgRqW7Ca,3473.14,341.257,641.429,7159605.429
23-05-2020 14:00,pkci93gMrogZuBj,10633.1,1038.51,6254.57,7231454.571
16-06-2020 16:00,ih0vzX44oOqAx2f,4857.88,476.4,5685.75,6419932.750
07-06-2020 03:45,pkci93gMrogZuBj,0,0,0,7337918.000
06-06-2020 13:30,uHbuxQJl8lW7ozc,8681.75,848.7,4766.12,7207139.125
22-05-2020 09:30,uHbuxQJl8lW7ozc,6059.25,593.7,1146.88,7089122.875
02-06-2020 16:30,1BY6WEcLGh8j5v7,4259.43,418.214,6754.57,6390193.571
29-05-2020 23:45,uHbuxQJl8lW7ozc,0,0,0,7151932.000
15-06-2020 12:00,McdE0feGgRqW7Ca,9850.38,962.237,3910.12,7393268.125
09-06-2020 05:00,sjndEbLyjtCKgGv,0,0,0,7200925.000
18-05-2020 03:45,zBIq5rxdHJRwDNY,0,0,0,6359657.000
21-05-2020 21:45,ih0vzX44oOqAx2f,0,0,0,6233543.000
27-05-2020 01:00,ih0vzX44oOqAx2f,0,0,0,6272291.000
23-05-2020 16:00,ZnxXDlPa8U1GXgE,6877,673.538,7829.25,6586968.250
12-06-2020 14:15,uHbuxQJl8lW7ozc,7541.29,738.329,4479.29,7250685.286
17-05-2020 17:45,sjndEbLyjtCKgGv,869.286,84.3857,7420.71,7037033.714
28-05-2020 04:00,bvBOhCH3iADSZry,0,0,0,6405833.000
28-05-2020 16:30,7JYdWkrLSPkdwr4,4078.38,399.8,7938.5,7706488.500
05-06-2020 13:30,wCURE6d3bPkepu2,10171.7,993.414,4539.71,6943560.714
19-05-2020 04:45,zBIq5rxdHJRwDNY,0,0,0,6365047.000
16-06-2020 19:15,ZoEaEvLYb1n2sOq,0,0,6191,7335882.000
04-06-2020 10:15,rGa61gmuvPhdLxV,8574.14,837.586,1775.57,7258912.571
02-06-2020 12:00,zBIq5rxdHJRwDNY,8329.62,815.125,3388.12,6472421.125
03-06-2020 02:00,zBIq5rxdHJRwDNY,0,0,0,6476454.000
06-06-2020 15:45,3PZuoBAID5Wc2HD,3343.43,328.457,6220.57,7158706.571
19-05-2020 18:15,bvBOhCH3iADSZry,0,0,6369,6346907.000
26-05-2020 14:15,zVJPv84UY57bAof,3463.25,340.137,6177.62,7203786.625
19-05-2020 09:00,adLQvlD726eNBSB,5815.88,569.95,699.25,6298515.250
27-05-2020 09:45,McdE0feGgRqW7Ca,8904.88,870.375,1705.62,7251265.625
13-06-2020 03:00,1IF53ai7Xc0U56Y,0,0,0,6398227.000
07-06-2020 13:00,rGa61gmuvPhdLxV,12553,1223.91,4844.88,7284345.875
31-05-2020 00:15,uHbuxQJl8lW7ozc,0,0,0,7159272.000
19-05-2020 08:30,ih0vzX44oOqAx2f,4289.57,421.186,450.286,6210937.286
06-06-2020 04:00,7JYdWkrLSPkdwr4,0,0,0,7764140.000
31-05-2020 14:45,WRmjgnKYAwPKWDb,2715.57,266.329,5146.43,7153175.429
16-05-2020 04:30,adLQvlD726eNBSB,0,0,0,6277738.000
12-06-2020 15:45,ih0vzX44oOqAx2f,4474.38,439.163,5183.38,6391736.375
04-06-2020 09:30,WRmjgnKYAwPKWDb,6600.57,646.429,1344.57,7175971.571
20-05-2020 18:45,3PZuoBAID5Wc2HD,0,0,8982,7029494.000
15-05-2020 19:30,iCRJl6heRkivqQ3,0,0,6418,7184410.000
31-05-2020 19:45,rGa61gmuvPhdLxV,0,0,5894,7236332.000
17-05-2020 14:30,ZnxXDlPa8U1GXgE,3627.25,356.05,5957.12,6541109.125
07-06-2020 15:15,ih0vzX44oOqAx2f,7636.43,747.4,6785.29,6357458.286
19-05-2020 00:45,z9Y9gH1T5YWrNuG,0,0,0,7033573.000
11-06-2020 14:30,rGa61gmuvPhdLxV,9484.71,927.043,4103.14,7314872.143
26-05-2020 08:15,pkci93gMrogZuBj,5756.71,564.171,527.143,7251046.143
17-06-2020 04:45,adLQvlD726eNBSB,0,0,0,6518398.000
11-06-2020 12:30,zVJPv84UY57bAof,8003.86,783.414,2726.14,7319742.143
10-06-2020 04:00,bvBOhCH3iADSZry,0,0,0,6493347.000
03-06-2020 20:15,bvBOhCH3iADSZry,0,0,7237,6452724.000
31-05-2020 18:15,zVJPv84UY57bAof,264.75,25.575,6043.88,7242020.875
15-05-2020 05:00,WRmjgnKYAwPKWDb,0,0,0,7028673.000
03-06-2020 16:30,1BY6WEcLGh8j5v7,2390.14,234.357,6939.86,6397407.857
14-06-2020 01:00,WRmjgnKYAwPKWDb,0,0,0,7247179.000
10-06-2020 19:30,VHMLBKoKgIrUVDU,0,0,6479,7409295.000
04-06-2020 13:15,zVJPv84UY57bAof,11975.7,1168.44,4884.43,7267937.429
18-05-2020 00:30,zVJPv84UY57bAof,0,0,0,7136015.000
01-06-2020 06:15,ZnxXDlPa8U1GXgE,462.625,44.7625,7.375,6649532.375
29-05-2020 16:15,adLQvlD726eNBSB,6347.29,621.843,7856.57,6386865.571
16-06-2020 07:15,YxYtjZvoooNbGkE,2357.75,231.188,107.5,7413442.500
15-06-2020 07:00,1BY6WEcLGh8j5v7,1940.71,190.257,89.4286,6467764.429
28-05-2020 01:30,3PZuoBAID5Wc2HD,0,0,0,7085451.000
09-06-2020 00:15,ZnxXDlPa8U1GXgE,0,0,0,6709698.000
06-06-2020 01:00,adLQvlD726eNBSB,0,0,0,6438428.000
16-06-2020 14:15,VHMLBKoKgIrUVDU,4313,423.443,4842.57,7448711.571
27-05-2020 13:45,bvBOhCH3iADSZry,4520.29,443.557,4447.86,6404147.857
15-06-2020 21:45,1BY6WEcLGh8j5v7,0,0,6275,6473950.000
28-05-2020 06:30,1IF53ai7Xc0U56Y,877,85.1143,24,6281486.000
09-06-2020 23:00,YxYtjZvoooNbGkE,0,0,7958,7373268.000
13-06-2020 19:30,ZnxXDlPa8U1GXgE,0,0,8558,6744343.000
07-06-2020 16:00,YxYtjZvoooNbGkE,7379.14,722.5,7424.57,7356236.571
25-05-2020 01:30,bvBOhCH3iADSZry,0,0,0,6384212.000
30-05-2020 22:15,adLQvlD726eNBSB,0,0,7419,6394771.000
16-05-2020 19:00,McdE0feGgRqW7Ca,0,0,6586,7172021.000
24-05-2020 10:00,McdE0feGgRqW7Ca,7511.43,735.071,1669.29,7226305.286
13-06-2020 23:45,zVJPv84UY57bAof,0,0,8410,7336960.000
20-05-2020 20:30,ih0vzX44oOqAx2f,0,0,8664,6225941.000
13-06-2020 10:00,z9Y9gH1T5YWrNuG,8649.86,845.443,1824.57,7218691.571
17-06-2020 14:15,ZnxXDlPa8U1GXgE,6103,597.957,4844.71,6769652.714
17-05-2020 06:15,wCURE6d3bPkepu2,118.375,11.4375,1.5,6795471.500
03-06-2020 23:30,McdE0feGgRqW7Ca,0,0,8010,7308369.000
04-06-2020 10:45,ZoEaEvLYb1n2sOq,12599.6,1228.9,2282.43,7245783.429
25-05-2020 07:30,iCRJl6heRkivqQ3,2731.57,267.971,184.857,7251445.857
15-05-2020 03:00,zBIq5rxdHJRwDNY,0,0,0,6339380.000
13-06-2020 06:15,wCURE6d3bPkepu2,351.125,33.9375,6.375,6993914.375
23-05-2020 23:00,iCRJl6heRkivqQ3,0,0,8627,7243220.000
12-06-2020 00:30,ZnxXDlPa8U1GXgE,0,0,0,6729902.000
22-05-2020 23:30,ZnxXDlPa8U1GXgE,0,0,7275,6579139.000
30-05-2020 22:45,ZoEaEvLYb1n2sOq,0,0,7248,7216848.000
07-06-2020 02:45,ZoEaEvLYb1n2sOq,0,0,0,7265368.000
26-05-2020 20:30,pkci93gMrogZuBj,0,0,0,7258294.000
04-06-2020 01:00,ih0vzX44oOqAx2f,0,0,0,6329010.000
17-06-2020 07:15,VHMLBKoKgIrUVDU,2093.71,205.271,57.2857,7450258.286
10-06-2020 13:30,bvBOhCH3iADSZry,10753,1050.96,4138,6497485.000
09-06-2020 05:45,YxYtjZvoooNbGkE,0,0,0,7365310.000
06-06-2020 04:30,ZoEaEvLYb1n2sOq,0,0,0,7259075.000
28-05-2020 05:15,wCURE6d3bPkepu2,0,0,0,6879195.000
09-06-2020 23:15,z9Y9gH1T5YWrNuG,0,0,7629,7199053.000
29-05-2020 23:00,bvBOhCH3iADSZry,0,0,7438,6421023.000
24-05-2020 12:30,ZoEaEvLYb1n2sOq,11524.8,1124.36,4273,7166457.000
04-06-2020 01:00,uHbuxQJl8lW7ozc,0,0,0,7186255.000
05-06-2020 08:00,VHMLBKoKgIrUVDU,2857.86,280.514,289,7364110.000
10-06-2020 09:45,bvBOhCH3iADSZry,5356.29,525.114,1324.43,6494671.429
12-06-2020 02:15,pkci93gMrogZuBj,0,0,0,7374956.000
06-06-2020 06:00,uHbuxQJl8lW7ozc,129.75,12.5125,0.75,7202373.750
17-06-2020 15:00,z9Y9gH1T5YWrNuG,5113,501.288,5282.88,7250667.875
19-05-2020 09:30,McdE0feGgRqW7Ca,8285.86,810.614,1013.43,7186104.429
02-06-2020 08:30,ZoEaEvLYb1n2sOq,7805,763.957,623.857,7229063.857
12-06-2020 14:30,adLQvlD726eNBSB,6498.86,636.629,4732.43,6487466.429
25-05-2020 17:00,uHbuxQJl8lW7ozc,1148.43,111.643,8759.43,7120611.429
15-05-2020 22:15,ih0vzX44oOqAx2f,0,0,0,6191360.000
03-06-2020 18:30,rGa61gmuvPhdLxV,92.5,8.9375,7806.38,7257136.375
09-06-2020 05:45,ZnxXDlPa8U1GXgE,0,0,0,6709698.000
17-06-2020 01:30,ih0vzX44oOqAx2f,0,0,0,6420371.000
17-06-2020 09:30,ih0vzX44oOqAx2f,6760.86,662.143,952.286,6421323.286
30-05-2020 05:30,uHbuxQJl8lW7ozc,0,0,0,7151932.000
05-06-2020 17:00,iCRJl6heRkivqQ3,4203.29,412.086,7454.43,7341454.429
31-05-2020 05:30,McdE0feGgRqW7Ca,0,0,0,7280565.000
08-06-2020 21:15,z9Y9gH1T5YWrNuG,0,0,7793,7191424.000
17-06-2020 16:00,bvBOhCH3iADSZry,2928,287.663,5128.62,6538677.625
17-06-2020 05:15,wCURE6d3bPkepu2,0,0,0,7022718.000
17-06-2020 05:15,ZoEaEvLYb1n2sOq,0,0,0,7335882.000
20-05-2020 11:30,adLQvlD726eNBSB,12952.3,1262.84,3772.43,6308285.429
17-05-2020 00:30,pkci93gMrogZuBj,0,0,0,7181650.000
05-06-2020 02:15,YxYtjZvoooNbGkE,0,0,0,7334886.000
22-05-2020 17:15,McdE0feGgRqW7Ca,1213,117.971,6841.43,7215896.429
01-06-2020 17:30,1IF53ai7Xc0U56Y,693.714,67.2143,5968,6317400.000
19-05-2020 03:00,ZoEaEvLYb1n2sOq,0,0,0,7123527.000
09-06-2020 15:30,ZnxXDlPa8U1GXgE,8612.71,842.771,6982.71,6716680.714
03-06-2020 23:00,ih0vzX44oOqAx2f,0,0,7699,6329010.000
03-06-2020 10:00,adLQvlD726eNBSB,6023.86,590.271,1463.29,6415739.286
17-05-2020 19:15,sjndEbLyjtCKgGv,0,0,7441,7037054.000
14-06-2020 14:45,zVJPv84UY57bAof,6647.12,651.075,5966.75,7342926.750
28-05-2020 01:30,rGa61gmuvPhdLxV,0,0,0,7206549.000
01-06-2020 08:00,VHMLBKoKgIrUVDU,6446.62,631.513,518,7334923.000
10-06-2020 14:30,WRmjgnKYAwPKWDb,5435.75,532.462,5387.12,7226365.125
15-06-2020 18:45,VHMLBKoKgIrUVDU,0,0,6814,7443869.000
31-05-2020 22:45,zBIq5rxdHJRwDNY,0,0,0,6463239.000
12-06-2020 03:15,uHbuxQJl8lW7ozc,0,0,0,7246206.000
15-06-2020 09:15,1BY6WEcLGh8j5v7,8573,838.457,1236.71,6468911.714
15-06-2020 10:30,bvBOhCH3iADSZry,9114.38,890.325,2296.75,6523896.750
06-06-2020 16:30,McdE0feGgRqW7Ca,1380.29,134.4,6370.14,7331051.143
09-06-2020 02:30,bvBOhCH3iADSZry,0,0,0,6485986.000
10-06-2020 16:15,sjndEbLyjtCKgGv,5346.57,524.071,6076.14,7215171.143
27-05-2020 18:30,1BY6WEcLGh8j5v7,0,0,6164,6349833.000
11-06-2020 22:45,adLQvlD726eNBSB,0,0,5790,6482734.000
16-05-2020 10:45,ZnxXDlPa8U1GXgE,8517.88,833.375,2189.5,6530665.500
17-06-2020 11:45,uHbuxQJl8lW7ozc,11905.4,1162.03,2534.43,7283569.429
16-06-2020 22:00,1BY6WEcLGh8j5v7,0,0,5848,6479798.000
03-06-2020 19:45,zBIq5rxdHJRwDNY,0,0,7888,6484342.000
19-05-2020 17:00,YxYtjZvoooNbGkE,2685.75,263.587,6757.25,7212355.250
01-06-2020 04:00,pkci93gMrogZuBj,0,0,0,7294791.000
16-06-2020 10:00,z9Y9gH1T5YWrNuG,10613,1036.3,1639.14,7240823.143
12-06-2020 11:00,7JYdWkrLSPkdwr4,6103.62,598.025,1738.62,7808402.625
02-06-2020 11:30,sjndEbLyjtCKgGv,6402.62,627.237,3091,7151099.000
17-05-2020 06:45,adLQvlD726eNBSB,965,93.7286,26.2857,6284469.286
02-06-2020 21:30,pkci93gMrogZuBj,0,0,7350,7307650.000
03-06-2020 10:30,adLQvlD726eNBSB,9176.57,897.6,1789.86,6416065.857
24-05-2020 00:15,iCRJl6heRkivqQ3,0,0,0,7243220.000
16-05-2020 15:45,z9Y9gH1T5YWrNuG,3933.29,386.457,6023.43,7020275.429
25-05-2020 07:30,3PZuoBAID5Wc2HD,2695.86,264.471,209.857,7061777.857
01-06-2020 14:15,3PZuoBAID5Wc2HD,3503.25,343.238,5206,7120510.000
28-05-2020 04:15,1BY6WEcLGh8j5v7,0,0,0,6349833.000
07-06-2020 00:30,zVJPv84UY57bAof,0,0,0,7285530.000
31-05-2020 13:15,ZnxXDlPa8U1GXgE,5153.38,505.387,4566.88,6647949.875
25-05-2020 00:15,iCRJl6heRkivqQ3,0,0,0,7251261.000
22-05-2020 07:30,adLQvlD726eNBSB,5018.88,492.025,270.625,6321843.625
11-06-2020 04:30,1IF53ai7Xc0U56Y,0,0,0,6386620.000
15-05-2020 05:30,pkci93gMrogZuBj,0,0,0,7169102.000
30-05-2020 22:00,iCRJl6heRkivqQ3,0,0,7345,7298598.000
26-05-2020 17:00,YxYtjZvoooNbGkE,4304.57,422.143,7761.14,7269225.143
18-05-2020 20:30,z9Y9gH1T5YWrNuG,0,0,5347,7033573.000
16-05-2020 22:30,zVJPv84UY57bAof,0,0,6419,7128535.000
25-05-2020 08:30,7JYdWkrLSPkdwr4,6804.71,666.457,642.143,7675883.143
11-06-2020 05:15,ih0vzX44oOqAx2f,0,0,0,6381032.000
08-06-2020 20:15,1BY6WEcLGh8j5v7,0,0,7864,6431614.000
03-06-2020 18:45,rGa61gmuvPhdLxV,0,0,7807,7257137.000
21-05-2020 14:30,uHbuxQJl8lW7ozc,7431.71,727.071,6455.71,7086566.714
12-06-2020 20:30,zVJPv84UY57bAof,0,0,5863,7328550.000
10-06-2020 23:15,YxYtjZvoooNbGkE,0,0,6419,7379687.000
17-05-2020 08:15,ZoEaEvLYb1n2sOq,5084.86,498.471,480.429,7111224.429
16-06-2020 08:30,pkci93gMrogZuBj,5941.14,582.129,591.571,7403808.571
19-05-2020 02:45,YxYtjZvoooNbGkE,0,0,0,7205598.000
09-06-2020 15:30,z9Y9gH1T5YWrNuG,8459.62,827.837,6548.5,7197972.500
22-05-2020 23:00,zBIq5rxdHJRwDNY,0,0,0,6395807.000
05-06-2020 17:00,McdE0feGgRqW7Ca,4238.12,415.863,7572.75,7324333.750
19-05-2020 04:15,WRmjgnKYAwPKWDb,0,0,0,7054452.000
16-05-2020 13:45,pkci93gMrogZuBj,6867.12,672.475,4392.5,7179869.500
11-06-2020 22:15,ih0vzX44oOqAx2f,0,0,5521,6386553.000
14-06-2020 05:00,VHMLBKoKgIrUVDU,0,0,0,7429566.000
10-06-2020 22:30,z9Y9gH1T5YWrNuG,0,0,6412,7205465.000
02-06-2020 06:15,ZoEaEvLYb1n2sOq,388.625,37.575,4.625,7228444.625
30-05-2020 09:00,3PZuoBAID5Wc2HD,3806.38,374.062,677.5,7102866.500
04-06-2020 10:30,pkci93gMrogZuBj,10168.9,992.663,2039.25,7317475.250
13-06-2020 05:15,iCRJl6heRkivqQ3,0,0,0,7391359.000
06-06-2020 22:15,zBIq5rxdHJRwDNY,0,0,0,6506728.000
11-06-2020 07:15,1IF53ai7Xc0U56Y,1225.71,119.214,59,6386679.000
18-05-2020 14:15,McdE0feGgRqW7Ca,5003.88,490.663,3743.62,7183370.625
17-06-2020 04:00,sjndEbLyjtCKgGv,0,0,0,7255794.000
06-06-2020 11:45,ZnxXDlPa8U1GXgE,5325.14,520.9,3329.57,6690028.571
12-06-2020 01:00,ZnxXDlPa8U1GXgE,0,0,0,6729902.000
05-06-2020 10:30,adLQvlD726eNBSB,10824.6,1056.69,2218.86,6432799.857
13-06-2020 12:30,1BY6WEcLGh8j5v7,10536.8,1028.83,4487.25,6460166.250
04-06-2020 07:30,ZnxXDlPa8U1GXgE,2679.14,262.986,201.286,6671085.286
15-05-2020 14:00,ZoEaEvLYb1n2sOq,10121.7,989.586,4283.43,7102382.429
04-06-2020 04:45,VHMLBKoKgIrUVDU,0,0,0,7355661.000
04-06-2020 03:45,ZoEaEvLYb1n2sOq,0,0,0,7243501.000
25-05-2020 21:30,adLQvlD726eNBSB,0,0,9163,6355294.000
01-06-2020 23:00,YxYtjZvoooNbGkE,0,0,5777,7311516.000
18-05-2020 14:30,3PZuoBAID5Wc2HD,6721.86,658.386,3891,7012374.000
02-06-2020 13:15,ZnxXDlPa8U1GXgE,12188.7,1189.19,4769.43,6660212.429
08-06-2020 19:00,adLQvlD726eNBSB,0,0,8620,6462004.000
16-05-2020 08:30,McdE0feGgRqW7Ca,6130.75,600.663,578.625,7166013.625
30-05-2020 18:30,YxYtjZvoooNbGkE,26.25,2.525,7265.75,7299768.750
15-06-2020 11:15,1BY6WEcLGh8j5v7,7742.86,757.357,3004.86,6470679.857
06-06-2020 10:30,WRmjgnKYAwPKWDb,10191,994.014,2200.86,7192470.857
08-06-2020 05:30,ZoEaEvLYb1n2sOq,0,0,0,7273453.000
07-06-2020 16:00,iCRJl6heRkivqQ3,7544.57,738.643,7515,7355749.000
16-06-2020 23:45,VHMLBKoKgIrUVDU,0,0,6332,7450201.000
28-05-2020 08:30,iCRJl6heRkivqQ3,6633.14,649.729,689.286,7275381.286
24-05-2020 17:15,sjndEbLyjtCKgGv,2775.75,272.438,7767,7089216.000
30-05-2020 23:45,VHMLBKoKgIrUVDU,0,0,7270,7328329.000
08-06-2020 11:00,uHbuxQJl8lW7ozc,12391.1,1208.49,2986.25,7220135.250
04-06-2020 16:30,bvBOhCH3iADSZry,5463.71,535.529,6989.14,6459713.143
14-06-2020 09:00,3PZuoBAID5Wc2HD,6322.29,619.343,897,7211616.000
11-06-2020 15:15,McdE0feGgRqW7Ca,6517.86,638.529,4741,7366364.000
27-05-2020 18:30,7JYdWkrLSPkdwr4,0,0,6638,7698550.000
08-06-2020 20:15,3PZuoBAID5Wc2HD,0,0,8509,7175733.000
26-05-2020 11:15,3PZuoBAID5Wc2HD,8019.62,784.038,3433.62,7074069.625
03-06-2020 14:45,ih0vzX44oOqAx2f,9325.5,911.462,6005.5,6327316.500
22-05-2020 17:45,1BY6WEcLGh8j5v7,480,46.4429,6833.43,6312422.429
06-06-2020 07:30,zBIq5rxdHJRwDNY,3705.88,364.238,251,6500553.000
03-06-2020 04:15,1BY6WEcLGh8j5v7,0,0,0,6390468.000
11-06-2020 06:45,ZoEaEvLYb1n2sOq,526.125,50.9125,18.75,7296089.750
12-06-2020 11:30,wCURE6d3bPkepu2,10702.3,1045.47,2149.71,6990203.714
18-05-2020 22:00,bvBOhCH3iADSZry,0,0,4962,6340538.000
14-06-2020 21:45,z9Y9gH1T5YWrNuG,0,0,7238,7232468.000
01-06-2020 01:15,VHMLBKoKgIrUVDU,0,0,0,7334405.000
11-06-2020 05:15,WRmjgnKYAwPKWDb,0,0,0,7227367.000
10-06-2020 07:30,adLQvlD726eNBSB,3744.75,368.025,241.5,6470518.500
22-05-2020 03:15,ZoEaEvLYb1n2sOq,0,0,0,7146685.000
31-05-2020 20:30,1BY6WEcLGh8j5v7,0,0,5803,6377931.000
18-05-2020 20:00,zVJPv84UY57bAof,0,0,5390,7141405.000
22-05-2020 07:30,uHbuxQJl8lW7ozc,4416.5,433.738,245.375,7088221.375
19-05-2020 11:00,zVJPv84UY57bAof,10505.3,1025.93,2198.43,7143603.429
28-05-2020 04:15,rGa61gmuvPhdLxV,0,0,0,7206549.000
16-05-2020 08:00,ih0vzX44oOqAx2f,4119.86,404.743,326.571,6191686.571
15-05-2020 08:00,iCRJl6heRkivqQ3,2916.38,286.3,280.875,7178272.875
24-05-2020 05:45,zVJPv84UY57bAof,0,0,0,7180838.000
13-06-2020 11:45,WRmjgnKYAwPKWDb,9901.29,966.629,3900.29,7242680.286
21-05-2020 21:45,rGa61gmuvPhdLxV,0,0,7766,7160399.000
25-05-2020 18:45,1IF53ai7Xc0U56Y,0,0,9048,6266528.000
23-05-2020 11:45,1BY6WEcLGh8j5v7,12432.9,1212.83,3422.38,6315859.375
09-06-2020 04:15,1BY6WEcLGh8j5v7,0,0,0,6431614.000
15-05-2020 13:15,sjndEbLyjtCKgGv,6686.57,654.943,3814.43,7020646.429
25-05-2020 00:00,zVJPv84UY57bAof,0,0,0,7188796.000
20-05-2020 11:15,zVJPv84UY57bAof,12123.1,1182.01,3258.57,7151595.571
17-06-2020 08:00,z9Y9gH1T5YWrNuG,3444.57,338.629,295.143,7245680.143
15-05-2020 10:00,3PZuoBAID5Wc2HD,7384.62,722,1366.38,6989125.375
16-06-2020 10:30,1IF53ai7Xc0U56Y,8596.12,841.138,2210,6423424.000
06-06-2020 00:45,1IF53ai7Xc0U56Y,0,0,0,6348557.000
15-05-2020 21:30,VHMLBKoKgIrUVDU,0,0,0,7212666.000
03-06-2020 03:15,YxYtjZvoooNbGkE,0,0,0,7318929.000
17-05-2020 22:00,z9Y9gH1T5YWrNuG,0,0,7486,7028226.000
02-06-2020 18:00,wCURE6d3bPkepu2,372.5,36.0125,7510.75,6922854.750
14-06-2020 22:45,VHMLBKoKgIrUVDU,0,0,7489,7437055.000
26-05-2020 12:00,zBIq5rxdHJRwDNY,9327.86,910.629,3849.71,6424050.714
07-06-2020 20:00,z9Y9gH1T5YWrNuG,0,0,6342,7183631.000
21-05-2020 14:15,bvBOhCH3iADSZry,7563.88,739.812,5657.25,6360695.250
06-06-2020 05:15,ZnxXDlPa8U1GXgE,0,0,0,6686699.000
03-06-2020 02:15,pkci93gMrogZuBj,0,0,0,7307650.000
16-05-2020 20:30,1BY6WEcLGh8j5v7,0,0,6292,6271605.000
17-06-2020 23:00,WRmjgnKYAwPKWDb,0,0,5953,7273532.000
30-05-2020 08:00,sjndEbLyjtCKgGv,3104.5,304.85,286.375,7129315.375
10-06-2020 16:30,zBIq5rxdHJRwDNY,3464.43,340.214,6190.71,6537595.714
18-05-2020 12:30,adLQvlD726eNBSB,8956.86,876.271,2119.29,6294429.286
19-05-2020 00:30,VHMLBKoKgIrUVDU,0,0,0,7232554.000
04-06-2020 09:45,ZnxXDlPa8U1GXgE,6334.12,620.413,1424,6672308.000
07-06-2020 09:15,3PZuoBAID5Wc2HD,8350.14,817.143,984.429,7159966.429
07-06-2020 23:30,ZnxXDlPa8U1GXgE,0,0,8209,6701263.000
15-05-2020 14:45,YxYtjZvoooNbGkE,6827.88,668.138,5001.12,7184967.125
20-05-2020 07:15,1IF53ai7Xc0U56Y,2737.71,268.614,132.571,6216562.571
29-05-2020 16:15,z9Y9gH1T5YWrNuG,6560,642.6,7624.5,7119986.500
26-05-2020 13:15,bvBOhCH3iADSZry,8409.71,821.657,4871,6397207.000
17-06-2020 17:00,ZnxXDlPa8U1GXgE,1305.43,127.043,5791.57,6770599.571
07-06-2020 09:30,1BY6WEcLGh8j5v7,6679,654.143,1118.86,6419600.857
26-05-2020 19:45,ZoEaEvLYb1n2sOq,0,0,0,7186690.000
16-05-2020 03:00,zVJPv84UY57bAof,0,0,0,7122116.000
10-06-2020 22:45,1BY6WEcLGh8j5v7,0,0,5911,6444981.000
17-05-2020 05:15,bvBOhCH3iADSZry,0,0,0,6328648.000
06-06-2020 22:30,sjndEbLyjtCKgGv,0,0,0,7185656.000
27-05-2020 02:30,iCRJl6heRkivqQ3,0,0,0,7267996.000
20-05-2020 06:00,wCURE6d3bPkepu2,116.429,11.2429,0.857143,6815349.857
15-05-2020 08:00,VHMLBKoKgIrUVDU,2879.62,282.675,279.125,7206687.125
24-05-2020 15:00,zVJPv84UY57bAof,8949.14,875.457,6875.29,7187713.286
02-06-2020 01:00,ih0vzX44oOqAx2f,0,0,0,6313983.000
26-05-2020 09:45,ZoEaEvLYb1n2sOq,9872.38,965.375,1706.12,7180620.125
17-06-2020 23:15,pkci93gMrogZuBj,0,0,5952,7415430.000
28-05-2020 20:30,ZoEaEvLYb1n2sOq,0,0,8247,7201538.000
11-06-2020 07:15,wCURE6d3bPkepu2,1208.14,117.471,58,6982461.000
22-05-2020 04:30,adLQvlD726eNBSB,0,0,0,6321573.000
22-05-2020 22:00,sjndEbLyjtCKgGv,0,0,0,7072962.000
11-06-2020 22:45,7JYdWkrLSPkdwr4,0,0,5573,7806664.000
26-05-2020 08:30,1BY6WEcLGh8j5v7,6380.43,625.057,664.857,6336872.857
12-06-2020 17:15,pkci93gMrogZuBj,1838.88,180.262,5700,7380656.000
12-06-2020 10:30,bvBOhCH3iADSZry,7455.75,729.962,1291.12,6505698.125
03-06-2020 16:15,McdE0feGgRqW7Ca,4222.75,414.238,7454.88,7307813.875
31-05-2020 23:30,bvBOhCH3iADSZry,0,0,5586,6433267.000
09-06-2020 09:15,McdE0feGgRqW7Ca,8154.12,797.962,1311.25,7348093.250
20-05-2020 00:30,YxYtjZvoooNbGkE,0,0,0,7212476.000
16-05-2020 17:00,iCRJl6heRkivqQ3,1977.5,193.863,6314.38,7190724.375
21-05-2020 12:00,VHMLBKoKgIrUVDU,11001.7,1073.9,4023.86,7252547.857
28-05-2020 04:00,zBIq5rxdHJRwDNY,0,0,0,6434083.000
16-05-2020 19:30,wCURE6d3bPkepu2,0,0,6543,6795470.000
23-05-2020 14:00,VHMLBKoKgIrUVDU,10521.9,1027.7,6378.43,7270099.429
05-06-2020 23:15,McdE0feGgRqW7Ca,0,0,7920,7324681.000
01-06-2020 06:30,wCURE6d3bPkepu2,954.286,92.6714,22.4286,6909427.429
22-05-2020 12:00,uHbuxQJl8lW7ozc,12732.9,1241.87,3294.71,7091270.714
22-05-2020 18:30,7JYdWkrLSPkdwr4,0,0,7135,7658770.000
15-05-2020 21:15,ih0vzX44oOqAx2f,0,0,0,6191360.000
15-05-2020 08:15,3PZuoBAID5Wc2HD,4523.71,443.957,376,6988135.000
20-05-2020 22:45,3PZuoBAID5Wc2HD,0,0,8982,7029494.000
04-06-2020 14:15,bvBOhCH3iADSZry,5919.57,579.671,5298.57,6458022.571
29-05-2020 20:45,bvBOhCH3iADSZry,0,0,7438,6421023.000
01-06-2020 17:45,7JYdWkrLSPkdwr4,687.429,66.6143,5773.71,7733594.714
16-05-2020 22:45,ZoEaEvLYb1n2sOq,0,0,6384,7110744.000
10-06-2020 01:30,z9Y9gH1T5YWrNuG,0,0,0,7199053.000
20-05-2020 19:45,YxYtjZvoooNbGkE,0,0,8818,7221294.000
31-05-2020 13:15,McdE0feGgRqW7Ca,5404.57,529.843,4617.14,7285182.143
25-05-2020 20:00,bvBOhCH3iADSZry,0,0,8124,6392336.000
24-05-2020 06:45,1IF53ai7Xc0U56Y,1302,126.775,46.625,6249253.625
15-06-2020 15:30,1BY6WEcLGh8j5v7,4351.71,426.986,5594.14,6473269.143
27-05-2020 15:45,1IF53ai7Xc0U56Y,6817.38,667.587,6130.75,6280768.750
14-06-2020 18:15,adLQvlD726eNBSB,269.143,25.9714,7584.86,6505080.857
19-05-2020 16:30,sjndEbLyjtCKgGv,4688.38,460.05,6576.38,7048981.375
31-05-2020 05:00,adLQvlD726eNBSB,0,0,0,6394771.000
14-06-2020 13:30,1IF53ai7Xc0U56Y,10485.4,1024.99,4786.86,6411667.857
04-06-2020 04:30,zBIq5rxdHJRwDNY,0,0,0,6484342.000
19-05-2020 11:30,bvBOhCH3iADSZry,3576.25,351.525,2215.75,6342753.750
05-06-2020 21:15,sjndEbLyjtCKgGv,0,0,7759,7179277.000
08-06-2020 15:15,zBIq5rxdHJRwDNY,9553.38,934.237,7199,6522110.000
21-05-2020 14:15,YxYtjZvoooNbGkE,8306.86,811.543,6136.57,7227430.571
12-06-2020 13:30,rGa61gmuvPhdLxV,8417.5,823.712,3793.88,7320225.875
03-06-2020 18:45,pkci93gMrogZuBj,0,0,7786,7315436.000
03-06-2020 17:45,iCRJl6heRkivqQ3,1287.29,125.314,7838.86,7325651.857
15-05-2020 21:15,pkci93gMrogZuBj,0,0,6375,7175477.000
03-06-2020 04:45,zVJPv84UY57bAof,0,0,0,7255217.000
26-05-2020 12:30,1BY6WEcLGh8j5v7,7978.38,780.013,4329,6340537.000
02-06-2020 12:45,1BY6WEcLGh8j5v7,10311.4,1007.5,3900.12,6387339.125
08-06-2020 01:00,7JYdWkrLSPkdwr4,0,0,0,7778510.000
18-05-2020 07:30,McdE0feGgRqW7Ca,3478.43,341.7,213.429,7179840.429
11-06-2020 14:45,zVJPv84UY57bAof,6552.62,641.8,4309.25,7321325.250
11-06-2020 16:15,WRmjgnKYAwPKWDb,4441.88,436.025,5211.75,7232578.750
27-05-2020 01:15,zVJPv84UY57bAof,0,0,0,7205383.000
20-05-2020 06:45,adLQvlD726eNBSB,1069.71,103.971,45,6304558.000
12-06-2020 15:45,WRmjgnKYAwPKWDb,4624.14,453.771,5267.14,7238253.143
16-06-2020 13:15,adLQvlD726eNBSB,7658.12,749.638,4229.38,6516231.375
31-05-2020 10:15,z9Y9gH1T5YWrNuG,12873,1255.46,1779.12,7129376.125
03-06-2020 07:15,sjndEbLyjtCKgGv,2181.88,213.925,104.75,7155551.750
05-06-2020 22:30,z9Y9gH1T5YWrNuG,0,0,7739,7171001.000
18-05-2020 15:45,McdE0feGgRqW7Ca,7149.88,700.125,4805.12,7184432.125
03-06-2020 15:45,7JYdWkrLSPkdwr4,5177.88,507.675,7007.62,7747881.125
19-05-2020 22:00,ZoEaEvLYb1n2sOq,0,0,6805,7130332.000
20-05-2020 21:15,VHMLBKoKgIrUVDU,0,0,8982,7248524.000
07-06-2020 06:00,VHMLBKoKgIrUVDU,67.7143,6.52857,0,7377989.000
20-05-2020 02:30,3PZuoBAID5Wc2HD,0,0,0,7020512.000
31-05-2020 21:30,ZoEaEvLYb1n2sOq,0,0,5796,7222644.000
24-05-2020 15:00,uHbuxQJl8lW7ozc,9723.29,950.871,6980.43,7110726.429
05-06-2020 07:45,iCRJl6heRkivqQ3,2275.75,223.137,214.875,7334214.875
16-06-2020 20:15,7JYdWkrLSPkdwr4,0,0,6166,7840965.000
08-06-2020 08:45,sjndEbLyjtCKgGv,7119.62,697.225,702.625,7193256.625
26-05-2020 14:00,bvBOhCH3iADSZry,7561.25,739.987,5652,6397988.000
26-05-2020 23:15,ZnxXDlPa8U1GXgE,0,0,0,6612649.000
02-06-2020 21:30,wCURE6d3bPkepu2,0,0,7525,6922869.000
26-05-2020 09:30,1BY6WEcLGh8j5v7,8831.71,864.1,1419.43,6337627.429
14-06-2020 23:00,YxYtjZvoooNbGkE,0,0,7263,7406702.000
17-06-2020 07:45,1IF53ai7Xc0U56Y,4042.25,397.175,218.625,6427750.625
13-06-2020 20:00,1IF53ai7Xc0U56Y,0,0,8654,6406881.000
25-05-2020 19:15,VHMLBKoKgIrUVDU,0,0,9013,7289525.000
18-05-2020 21:15,VHMLBKoKgIrUVDU,0,0,5457,7232554.000
17-06-2020 09:15,ZoEaEvLYb1n2sOq,5389.88,528.275,812.75,7336694.750
27-05-2020 00:45,YxYtjZvoooNbGkE,0,0,0,7269333.000
16-06-2020 19:30,wCURE6d3bPkepu2,0,0,6274,7022718.000
25-05-2020 04:15,3PZuoBAID5Wc2HD,0,0,0,7061568.000
13-06-2020 11:15,7JYdWkrLSPkdwr4,12898.1,1257.56,3266.57,7815683.571
23-05-2020 17:30,wCURE6d3bPkepu2,2099.14,205.8,8493.57,6847718.571
04-06-2020 14:30,3PZuoBAID5Wc2HD,7534.75,737.562,6092.12,7142580.125
14-06-2020 21:00,1BY6WEcLGh8j5v7,0,0,4012,6467675.000
22-05-2020 05:45,1IF53ai7Xc0U56Y,0,0,0,6233247.000
24-05-2020 07:45,YxYtjZvoooNbGkE,4064.75,399.35,284,7244964.000
04-06-2020 14:30,ZoEaEvLYb1n2sOq,7098.71,695.071,5879.43,7249380.429
25-05-2020 00:00,VHMLBKoKgIrUVDU,0,0,1168.57,7280512.000
07-06-2020 08:45,rGa61gmuvPhdLxV,4983.38,488.788,581.125,7280082.125
18-05-2020 14:30,pkci93gMrogZuBj,6318.38,619,3800,7192847.000
19-05-2020 05:45,zVJPv84UY57bAof,0,0,0,7141405.000
26-05-2020 18:00,z9Y9gH1T5YWrNuG,368.429,35.6143,7738.57,7097178.571
07-06-2020 01:15,zBIq5rxdHJRwDNY,0,0,0,6506728.000
17-05-2020 07:15,McdE0feGgRqW7Ca,2415,236.814,96,7172117.000
04-06-2020 11:45,ih0vzX44oOqAx2f,9775.29,955.143,3239.57,6332249.571
23-05-2020 19:00,zBIq5rxdHJRwDNY,0,0,8674,6404481.000
14-06-2020 03:15,ZnxXDlPa8U1GXgE,0,0,0,6744343.000
16-05-2020 02:15,sjndEbLyjtCKgGv,0,0,0,7023182.000
26-05-2020 16:45,zBIq5rxdHJRwDNY,5850.14,573.271,7265.43,6427466.429
21-05-2020 16:15,zVJPv84UY57bAof,3424.14,336.614,7652.43,7164831.429
11-06-2020 11:45,iCRJl6heRkivqQ3,8332.12,815.413,2086.38,7381865.375
05-06-2020 17:15,ZoEaEvLYb1n2sOq,3917.12,384.262,7297,7258837.000
05-06-2020 05:30,sjndEbLyjtCKgGv,0,0,0,7171518.000
10-06-2020 00:00,rGa61gmuvPhdLxV,0,0,0,7304204.000
26-05-2020 06:00,YxYtjZvoooNbGkE,140.25,13.525,1.625,7261465.625
06-06-2020 15:00,adLQvlD726eNBSB,4273.14,419.471,5985,6444413.000
11-06-2020 23:00,McdE0feGgRqW7Ca,0,0,5750,7367373.000
16-05-2020 22:30,1IF53ai7Xc0U56Y,0,0,6592,6196594.000
07-06-2020 07:45,ih0vzX44oOqAx2f,2429.12,238.2,229.75,6350902.750
28-05-2020 01:15,YxYtjZvoooNbGkE,0,0,0,7276029.000
02-06-2020 06:30,zBIq5rxdHJRwDNY,486.714,47.0714,16.7143,6469049.714
07-06-2020 09:30,uHbuxQJl8lW7ozc,7065.88,691.888,1163.12,7210018.125
17-06-2020 20:00,adLQvlD726eNBSB,0,0,6110,6524508.000
14-06-2020 04:30,sjndEbLyjtCKgGv,0,0,0,7235504.000
19-05-2020 23:30,McdE0feGgRqW7Ca,0,0,7007,7192098.000
07-06-2020 03:45,1IF53ai7Xc0U56Y,0,0,0,6355099.000
05-06-2020 12:15,rGa61gmuvPhdLxV,5408.86,529.814,3766.14,7269115.143
13-06-2020 16:15,YxYtjZvoooNbGkE,2891.57,283.657,8045.86,7399104.857
06-06-2020 22:45,adLQvlD726eNBSB,0,0,6603,6445031.000
18-05-2020 20:00,YxYtjZvoooNbGkE,0,0,5369,7205598.000
08-06-2020 03:00,pkci93gMrogZuBj,0,0,0,7346132.000
25-05-2020 17:45,VHMLBKoKgIrUVDU,501.875,48.55,8989.38,7289501.375
23-05-2020 07:00,ZnxXDlPa8U1GXgE,1023.62,99.4625,37.375,6579176.375
01-06-2020 15:15,VHMLBKoKgIrUVDU,2034.75,199.45,5521.5,7339926.500
30-05-2020 18:45,McdE0feGgRqW7Ca,0,0,7352,7280565.000
08-06-2020 10:45,McdE0feGgRqW7Ca,11488.4,1120.99,2792.43,7340994.429
16-06-2020 11:00,ih0vzX44oOqAx2f,11862.3,1157.37,2580.14,6416827.143
08-06-2020 14:00,zBIq5rxdHJRwDNY,8416.38,822.462,5943,6520854.000
24-05-2020 07:00,uHbuxQJl8lW7ozc,1701.71,166.6,75.4286,7103821.429
13-06-2020 09:15,ih0vzX44oOqAx2f,8115,794.112,1236.62,6393499.625
31-05-2020 17:00,adLQvlD726eNBSB,2033.14,199.286,5774.43,6400545.429
01-06-2020 02:30,wCURE6d3bPkepu2,0,0,0,6909405.000
16-05-2020 05:00,ZoEaEvLYb1n2sOq,0,0,0,7104360.000
15-05-2020 20:45,z9Y9gH1T5YWrNuG,0,0,6386,7014252.000
01-06-2020 15:45,1IF53ai7Xc0U56Y,1480.62,144.4,5708.62,6317140.625
14-06-2020 00:45,pkci93gMrogZuBj,0,0,0,7389161.000
20-05-2020 01:30,ZoEaEvLYb1n2sOq,0,0,0,7130332.000
07-06-2020 11:30,ZoEaEvLYb1n2sOq,11433.1,1116.05,2981,7268349.000
07-06-2020 15:00,3PZuoBAID5Wc2HD,9150.71,893.871,6837.86,7165819.857
04-06-2020 20:15,rGa61gmuvPhdLxV,0,0,0,7265349.000
25-05-2020 04:45,7JYdWkrLSPkdwr4,0,0,0,7675241.000
18-05-2020 10:45,1BY6WEcLGh8j5v7,5274.88,517.2,795.25,6279445.250
27-05-2020 15:00,ih0vzX44oOqAx2f,4266.43,418.9,5434.57,6277725.571
20-05-2020 07:45,McdE0feGgRqW7Ca,4341.25,426.288,291.25,7192389.250
22-05-2020 17:15,iCRJl6heRkivqQ3,1195.57,116.257,7096.43,7234538.429
31-05-2020 18:45,sjndEbLyjtCKgGv,0,0,5987,7142242.000
02-06-2020 01:15,iCRJl6heRkivqQ3,0,0,0,7310348.000
13-06-2020 21:45,uHbuxQJl8lW7ozc,0,0,8437,7260531.000
03-06-2020 01:15,McdE0feGgRqW7Ca,0,0,0,7300359.000
22-05-2020 15:15,ZoEaEvLYb1n2sOq,6635.12,649.763,6371,7153056.000
15-05-2020 01:30,bvBOhCH3iADSZry,0,0,0,6316803.000
06-06-2020 17:45,3PZuoBAID5Wc2HD,333.125,32.2125,6484,7158970.000
11-06-2020 04:30,uHbuxQJl8lW7ozc,0,0,0,7240508.000
24-05-2020 20:45,McdE0feGgRqW7Ca,0,0,8055,7232691.000
23-05-2020 20:30,3PZuoBAID5Wc2HD,0,0,8652,7053268.000
17-06-2020 21:30,wCURE6d3bPkepu2,0,0,5883,7028601.000
29-05-2020 23:30,sjndEbLyjtCKgGv,0,0,0,7129029.000
23-05-2020 07:30,rGa61gmuvPhdLxV,2869.57,281.557,129.571,7167270.571
15-06-2020 04:30,McdE0feGgRqW7Ca,0,0,0,7389358.000
31-05-2020 16:30,7JYdWkrLSPkdwr4,1802,176.625,5603.88,7727581.875
12-06-2020 14:15,adLQvlD726eNBSB,7258,710.686,4575.14,6487309.143
07-06-2020 07:00,zBIq5rxdHJRwDNY,1725.29,169.1,86.1429,6506814.143
25-05-2020 08:15,ZnxXDlPa8U1GXgE,6067.75,594.525,472.125,6596228.125
12-06-2020 20:30,rGa61gmuvPhdLxV,0,0,5849,7322281.000
22-05-2020 10:00,adLQvlD726eNBSB,5945.71,582.629,1532.14,6323105.143
27-05-2020 06:30,zBIq5rxdHJRwDNY,765.875,74.3,18.375,6427720.375
22-05-2020 10:45,ZoEaEvLYb1n2sOq,9018,881.062,1941.62,7148626.625
10-06-2020 07:15,pkci93gMrogZuBj,2398.71,235.214,136.429,7362852.429
01-06-2020 19:15,zVJPv84UY57bAof,0,0,5742,7247766.000
19-05-2020 00:45,adLQvlD726eNBSB,0,0,0,6297816.000
14-06-2020 20:15,adLQvlD726eNBSB,0,0,7590,6505086.000
15-05-2020 15:15,iCRJl6heRkivqQ3,6134.57,600.943,5428.43,7183420.429
17-05-2020 16:30,zBIq5rxdHJRwDNY,4373.86,429.071,7208.14,6359358.143
17-06-2020 18:15,z9Y9gH1T5YWrNuG,339.5,32.8,5813.12,7251198.125
31-05-2020 19:00,ZnxXDlPa8U1GXgE,0,0,6142,6649525.000
07-06-2020 05:15,wCURE6d3bPkepu2,0,0,0,6953094.000
06-06-2020 04:45,z9Y9gH1T5YWrNuG,0,0,0,7171001.000
03-06-2020 01:00,uHbuxQJl8lW7ozc,0,0,0,7178405.000
17-06-2020 19:45,VHMLBKoKgIrUVDU,0,0,6007,7456208.000
27-05-2020 15:30,YxYtjZvoooNbGkE,9681.86,946.8,5789.57,7275122.571
14-06-2020 04:45,zBIq5rxdHJRwDNY,0,0,0,6557822.000
20-05-2020 02:00,iCRJl6heRkivqQ3,0,0,0,7210718.000
06-06-2020 10:30,ih0vzX44oOqAx2f,8873.38,865.6,2129.75,6346605.750
28-05-2020 01:45,ih0vzX44oOqAx2f,0,0,0,6278855.000
09-06-2020 12:30,wCURE6d3bPkepu2,9783.88,955.388,4371.38,6972341.375
09-06-2020 09:45,YxYtjZvoooNbGkE,10453.7,1020.43,1705,7367015.000
14-06-2020 00:00,ZoEaEvLYb1n2sOq,0,0,1047.25,7315763.000
15-06-2020 15:00,iCRJl6heRkivqQ3,6702.14,656.414,5742.29,7412966.286
05-06-2020 00:45,McdE0feGgRqW7Ca,0,0,0,7316761.000
22-05-2020 14:30,ih0vzX44oOqAx2f,10918,1066.56,5671.14,6239214.143
25-05-2020 06:45,zBIq5rxdHJRwDNY,1143.29,111.157,39.5714,6411797.571
11-06-2020 13:00,zVJPv84UY57bAof,7010.57,686.529,3050.57,7320066.571
28-05-2020 19:15,ih0vzX44oOqAx2f,0,0,8315,6287170.000
24-05-2020 15:45,z9Y9gH1T5YWrNuG,2766.57,271.414,7251.71,7080013.714
07-06-2020 19:15,WRmjgnKYAwPKWDb,0,0,8071,7204682.000
27-05-2020 05:15,ZnxXDlPa8U1GXgE,0,0,0,6612649.000
08-06-2020 13:45,7JYdWkrLSPkdwr4,9859.38,962.4,5640.62,7784150.625
07-06-2020 12:15,adLQvlD726eNBSB,13651.1,1331,4079.43,6449110.429
24-05-2020 14:45,sjndEbLyjtCKgGv,9579.71,936.729,6616.43,7088065.429
16-05-2020 17:15,sjndEbLyjtCKgGv,1598.57,156.314,6353.86,7029535.857
26-05-2020 08:00,z9Y9gH1T5YWrNuG,5042.57,494.343,407.286,7089847.286
18-05-2020 07:00,YxYtjZvoooNbGkE,1674.29,163.814,75,7200304.000
20-05-2020 17:30,ZoEaEvLYb1n2sOq,1865,182.8,8664,7138996.000
31-05-2020 06:15,sjndEbLyjtCKgGv,444.25,42.975,6,7136261.000
23-05-2020 08:45,McdE0feGgRqW7Ca,7822.57,765.757,851.143,7216803.143
25-05-2020 16:45,zBIq5rxdHJRwDNY,1280.88,124.612,8333,6420091.000
25-05-2020 06:00,pkci93gMrogZuBj,0,0,0,7241707.000
12-06-2020 17:30,bvBOhCH3iADSZry,2010.29,197.043,5282,6509689.000
27-05-2020 03:30,1BY6WEcLGh8j5v7,0,0,0,6343669.000
21-05-2020 21:45,iCRJl6heRkivqQ3,0,0,7837,7227442.000
17-05-2020 15:30,adLQvlD726eNBSB,7468.88,730.987,7028,6291471.000
26-05-2020 22:45,ZoEaEvLYb1n2sOq,0,0,0,7186690.000
15-05-2020 20:30,z9Y9gH1T5YWrNuG,0,0,6386,7014252.000
02-06-2020 08:15,3PZuoBAID5Wc2HD,8263.25,808.638,413.375,7121682.375
08-06-2020 06:00,VHMLBKoKgIrUVDU,102,9.82857,0.428571,7386208.429
05-06-2020 10:45,ZoEaEvLYb1n2sOq,9338.57,912.143,2292,7253832.000
29-05-2020 23:15,ZoEaEvLYb1n2sOq,0,0,0,7209600.000
18-05-2020 07:15,wCURE6d3bPkepu2,2695.38,264.475,130.125,6803130.125
23-05-2020 03:15,zBIq5rxdHJRwDNY,0,0,0,6395807.000
14-06-2020 04:30,ZoEaEvLYb1n2sOq,0,0,0,7315763.000
14-06-2020 03:00,ih0vzX44oOqAx2f,0,0,0,6400518.000
31-05-2020 18:45,WRmjgnKYAwPKWDb,0,0,5837,7153866.000
22-05-2020 12:15,zBIq5rxdHJRwDNY,10607.5,1036,3530.25,6392129.250
29-05-2020 17:15,1BY6WEcLGh8j5v7,2109,206.786,7480,6365290.000
21-05-2020 23:45,McdE0feGgRqW7Ca,0,0,5709.29,7209055.000
14-06-2020 03:00,ZoEaEvLYb1n2sOq,0,0,0,7315763.000
15-05-2020 10:45,uHbuxQJl8lW7ozc,6817.5,667.2,1930.38,7040611.375
02-06-2020 07:45,1IF53ai7Xc0U56Y,2367.43,232.143,209.286,6317653.286
24-05-2020 05:15,VHMLBKoKgIrUVDU,0,0,0,7272332.000
14-06-2020 14:15,uHbuxQJl8lW7ozc,12408,1210.54,5564.71,7266095.714
09-06-2020 00:45,1IF53ai7Xc0U56Y,0,0,0,6371833.000
07-06-2020 14:15,sjndEbLyjtCKgGv,7469.5,730.825,4906.88,7190562.875
19-05-2020 21:30,rGa61gmuvPhdLxV,0,0,6910,7143812.000
13-06-2020 17:30,bvBOhCH3iADSZry,1158,112.629,7806.71,6517585.714
17-06-2020 11:00,pkci93gMrogZuBj,6762,662.1,1912.43,7411390.429
06-06-2020 05:30,1BY6WEcLGh8j5v7,0,0,0,6412542.000
26-05-2020 17:15,1BY6WEcLGh8j5v7,945.125,91.8,7414.75,6343622.750
03-06-2020 20:00,wCURE6d3bPkepu2,0,0,7907,6930776.000
03-06-2020 18:45,YxYtjZvoooNbGkE,0,0,7827,7326756.000
26-05-2020 15:00,uHbuxQJl8lW7ozc,5384.25,527.837,6580,7127276.000
04-06-2020 06:00,3PZuoBAID5Wc2HD,77.125,7.4375,0.75,7136488.750
15-06-2020 02:15,bvBOhCH3iADSZry,0,0,0,6521600.000
01-06-2020 15:15,bvBOhCH3iADSZry,1860.25,182.312,5023,6438290.000
27-05-2020 14:00,sjndEbLyjtCKgGv,4218.29,414.371,4984.71,7110873.714
27-05-2020 07:45,ZnxXDlPa8U1GXgE,4001.14,393.014,302.857,6612951.857
10-06-2020 14:00,McdE0feGgRqW7Ca,7213.57,706.2,5156.57,7360173.571
26-05-2020 03:15,ih0vzX44oOqAx2f,0,0,0,6264579.000
27-05-2020 04:00,adLQvlD726eNBSB,0,0,0,6363516.000
15-05-2020 11:00,pkci93gMrogZuBj,10114.6,987.371,2115.86,7171217.857
19-05-2020 08:30,rGa61gmuvPhdLxV,4142.29,406.514,469.857,7137371.857
15-06-2020 13:15,uHbuxQJl8lW7ozc,6253.75,612.625,4825,7272662.000
24-05-2020 23:30,adLQvlD726eNBSB,0,0,8397,6346131.000
08-06-2020 00:15,ZoEaEvLYb1n2sOq,0,0,0,7273453.000
09-06-2020 08:15,ih0vzX44oOqAx2f,6128.86,600.5,510.571,6367419.571
06-06-2020 04:15,zVJPv84UY57bAof,0,0,0,7279090.000
06-06-2020 19:15,WRmjgnKYAwPKWDb,0,0,6341,7196611.000
23-05-2020 16:45,sjndEbLyjtCKgGv,4130.43,405.729,8147.29,7081109.286
26-05-2020 17:30,adLQvlD726eNBSB,679.375,65.775,8191.25,6363485.250
30-05-2020 03:00,sjndEbLyjtCKgGv,0,0,0,7129029.000
17-05-2020 08:00,ih0vzX44oOqAx2f,4994.38,489.775,364.125,6198174.125
07-06-2020 05:00,1BY6WEcLGh8j5v7,0,0,0,6418482.000
14-06-2020 13:00,WRmjgnKYAwPKWDb,8858.38,866.663,4226,7251405.000
17-06-2020 14:00,ih0vzX44oOqAx2f,5862.62,574.538,4558,6424929.000
04-06-2020 16:15,ZnxXDlPa8U1GXgE,6886.88,674.5,7493.75,6678377.750
02-06-2020 12:45,3PZuoBAID5Wc2HD,11755.6,1147.41,4043.57,7125312.571
30-05-2020 01:15,iCRJl6heRkivqQ3,0,0,0,7291253.000
14-06-2020 14:45,VHMLBKoKgIrUVDU,6428.29,629.729,6108.86,7435674.857
01-06-2020 03:30,iCRJl6heRkivqQ3,0,0,0,7304567.000
09-06-2020 05:45,z9Y9gH1T5YWrNuG,0,0,0,7191424.000
24-05-2020 06:15,bvBOhCH3iADSZry,373.75,36.125,6.625,6376778.625
16-06-2020 05:30,bvBOhCH3iADSZry,0,0,0,6527792.000
10-06-2020 15:45,7JYdWkrLSPkdwr4,3767.86,370.314,5734.43,7800463.429
29-05-2020 11:00,pkci93gMrogZuBj,12076.4,1177.46,2745.43,7276003.429
14-06-2020 22:30,ZoEaEvLYb1n2sOq,0,0,7289,7323052.000
23-05-2020 01:30,WRmjgnKYAwPKWDb,0,0,0,7084595.000
13-06-2020 00:30,zVJPv84UY57bAof,0,0,0,7328550.000
27-05-2020 11:45,ZnxXDlPa8U1GXgE,10684.9,1042.97,3453.57,6616102.571
30-05-2020 08:00,7JYdWkrLSPkdwr4,3064.86,300.986,291.857,7715126.857
30-05-2020 15:45,iCRJl6heRkivqQ3,7684.71,752.314,6463,7297716.000
13-06-2020 12:00,pkci93gMrogZuBj,13077.4,1275.04,4048.14,7384855.143
16-06-2020 22:15,McdE0feGgRqW7Ca,0,0,6365,7402595.000
25-05-2020 15:00,McdE0feGgRqW7Ca,10460.6,1022.57,7723.86,7240414.857
23-05-2020 13:30,ZoEaEvLYb1n2sOq,12390.4,1208.06,5651.71,7159364.714
23-05-2020 15:00,z9Y9gH1T5YWrNuG,6142,601.763,7023.5,7071242.500
18-05-2020 18:15,1BY6WEcLGh8j5v7,0,0,4998,6283648.000
17-06-2020 11:30,iCRJl6heRkivqQ3,7785.57,762.157,2326.86,7422632.857
31-05-2020 21:00,adLQvlD726eNBSB,0,0,5933,6400704.000
07-06-2020 20:45,McdE0feGgRqW7Ca,0,0,7042,7338202.000
15-06-2020 06:30,adLQvlD726eNBSB,1008.14,97.9571,24.5714,6505110.571
08-06-2020 14:15,sjndEbLyjtCKgGv,11278.1,1100.83,6170.25,7198724.250
03-06-2020 17:30,zBIq5rxdHJRwDNY,2235.25,219.162,7801,6484255.000
11-06-2020 05:45,z9Y9gH1T5YWrNuG,0,0,0,7205465.000
11-06-2020 01:45,uHbuxQJl8lW7ozc,0,0,0,7240508.000
12-06-2020 05:30,ZoEaEvLYb1n2sOq,0,0,0,7301632.000
16-06-2020 08:15,1IF53ai7Xc0U56Y,4671.57,458.443,491.143,6421705.143
17-05-2020 22:15,ih0vzX44oOqAx2f,0,0,7391,6205201.000
21-05-2020 16:00,7JYdWkrLSPkdwr4,3915.75,384.675,7284,7651264.000
06-06-2020 01:30,WRmjgnKYAwPKWDb,0,0,0,7190270.000
04-06-2020 23:00,zBIq5rxdHJRwDNY,0,0,0,6492579.000
25-05-2020 00:30,7JYdWkrLSPkdwr4,0,0,0,7675241.000
15-05-2020 01:15,ZoEaEvLYb1n2sOq,0,0,0,7098099.000
18-05-2020 18:15,YxYtjZvoooNbGkE,178.75,17.275,5367.5,7205596.500
06-06-2020 15:15,zVJPv84UY57bAof,5026,492.729,5954.43,7285044.429
18-05-2020 03:45,uHbuxQJl8lW7ozc,0,0,0,7058793.000
23-05-2020 04:00,adLQvlD726eNBSB,0,0,0,6328951.000
31-05-2020 07:00,VHMLBKoKgIrUVDU,1215.12,118.15,73.5,7328402.500
03-06-2020 07:00,uHbuxQJl8lW7ozc,1451.75,141.613,61.75,7178466.750
15-06-2020 17:00,wCURE6d3bPkepu2,2856.25,280.512,6571,7016269.000
24-05-2020 02:45,3PZuoBAID5Wc2HD,0,0,0,7053268.000
19-05-2020 12:45,zVJPv84UY57bAof,11761.5,1147.65,3732.25,7145137.250
30-05-2020 10:45,uHbuxQJl8lW7ozc,5415,530.743,1534.57,7153466.571
26-05-2020 13:45,7JYdWkrLSPkdwr4,12314.3,1200.61,5836.29,7689856.286
23-05-2020 00:15,sjndEbLyjtCKgGv,0,0,0,7072962.000
31-05-2020 02:15,VHMLBKoKgIrUVDU,0,0,0,7328329.000
13-06-2020 18:15,z9Y9gH1T5YWrNuG,282.5,27.275,8358.62,7225225.625
08-06-2020 19:00,ih0vzX44oOqAx2f,0,0,8217,6366909.000
16-06-2020 11:45,VHMLBKoKgIrUVDU,7720.62,755.675,3276.38,7447145.375
30-05-2020 09:30,pkci93gMrogZuBj,6276.12,614.85,912.375,7282447.375
01-06-2020 23:45,rGa61gmuvPhdLxV,0,0,5637,7241969.000
06-06-2020 02:30,zBIq5rxdHJRwDNY,0,0,0,6500302.000
28-05-2020 12:00,YxYtjZvoooNbGkE,11930,1164.01,4155.14,7280184.143
23-05-2020 08:45,7JYdWkrLSPkdwr4,7697.57,753.557,847.429,7659617.429
23-05-2020 10:45,McdE0feGgRqW7Ca,9082,887.25,2570.88,7218522.875
18-05-2020 05:15,z9Y9gH1T5YWrNuG,0,0,0,7028226.000
23-05-2020 20:45,3PZuoBAID5Wc2HD,0,0,8652,7053268.000
27-05-2020 01:45,rGa61gmuvPhdLxV,0,0,0,7199869.000
14-06-2020 21:45,zVJPv84UY57bAof,0,0,7320,7344280.000
25-05-2020 12:30,sjndEbLyjtCKgGv,12594.9,1228.01,4801.75,7094152.750
23-05-2020 23:45,YxYtjZvoooNbGkE,0,0,8559,7244680.000
17-05-2020 00:15,wCURE6d3bPkepu2,0,0,0,6795470.000
31-05-2020 06:30,pkci93gMrogZuBj,824.143,79.9857,23.1429,7288899.143
28-05-2020 00:00,wCURE6d3bPkepu2,0,0,0,6879195.000
30-05-2020 23:45,adLQvlD726eNBSB,0,0,7419,6394771.000
15-05-2020 17:15,zVJPv84UY57bAof,2339.38,229.387,5889.25,7122040.250
15-05-2020 09:45,bvBOhCH3iADSZry,6281,615.343,1006.86,6317809.857
20-05-2020 19:15,bvBOhCH3iADSZry,0,0,8131,6355038.000
05-06-2020 17:15,rGa61gmuvPhdLxV,4134.62,405.663,7491.62,7272840.625
16-05-2020 18:30,zVJPv84UY57bAof,0,0,6419,7128535.000
13-06-2020 15:30,ih0vzX44oOqAx2f,7626.88,746.263,7500,6399763.000
16-06-2020 01:45,WRmjgnKYAwPKWDb,0,0,0,7261315.000
17-06-2020 15:15,7JYdWkrLSPkdwr4,1583.38,154.812,5390.5,7846355.500
13-06-2020 21:45,WRmjgnKYAwPKWDb,0,0,8399,7247179.000
27-05-2020 16:30,iCRJl6heRkivqQ3,5286.86,518.171,6404.29,7274400.286
28-05-2020 04:15,1IF53ai7Xc0U56Y,0,0,0,6281462.000
15-05-2020 16:15,pkci93gMrogZuBj,4776.71,468.643,5943.43,7175045.429
04-06-2020 01:30,pkci93gMrogZuBj,0,0,0,7315436.000
27-05-2020 16:30,uHbuxQJl8lW7ozc,5590.62,547.938,6419.5,7134957.500
01-06-2020 14:00,ih0vzX44oOqAx2f,2972.57,291.114,4988,6313220.000
18-05-2020 18:15,ZoEaEvLYb1n2sOq,168.375,16.25,5317.62,7123525.625
22-05-2020 08:30,YxYtjZvoooNbGkE,2588.43,253.871,672.571,7229706.571
20-05-2020 07:15,WRmjgnKYAwPKWDb,2643.5,259.337,126.875,7061058.875
05-06-2020 07:00,z9Y9gH1T5YWrNuG,1392.14,135.771,71.5714,7163333.571
09-06-2020 22:00,ZnxXDlPa8U1GXgE,0,0,8074,6717772.000
29-05-2020 13:00,YxYtjZvoooNbGkE,12619.9,1230.44,4906.29,7289310.286
09-06-2020 11:30,adLQvlD726eNBSB,8455,826.443,3588.43,6465592.429
17-05-2020 11:15,WRmjgnKYAwPKWDb,12425.8,1211.86,3191.25,7044621.250
07-06-2020 08:30,sjndEbLyjtCKgGv,3636.29,357.429,484.714,7186140.714
18-05-2020 05:45,ZoEaEvLYb1n2sOq,0,0,0,7118208.000
13-06-2020 09:00,ZnxXDlPa8U1GXgE,9083.86,888.629,1087.86,6736872.857
08-06-2020 19:45,VHMLBKoKgIrUVDU,0,0,8488,7394696.000
06-06-2020 00:00,McdE0feGgRqW7Ca,0,0,0,7324681.000
27-05-2020 17:30,1IF53ai7Xc0U56Y,970.125,94.2125,6786.12,6281424.125
27-05-2020 00:15,ZoEaEvLYb1n2sOq,0,0,0,7186690.000
03-06-2020 21:00,ZnxXDlPa8U1GXgE,0,0,7916,6670884.000
09-06-2020 12:30,VHMLBKoKgIrUVDU,10022.9,978.75,4471.12,7399167.125
18-05-2020 09:00,1IF53ai7Xc0U56Y,1789.25,175.4,485.125,6204838.125
16-05-2020 17:00,zBIq5rxdHJRwDNY,1982.75,194.35,6249.12,6352025.125
28-05-2020 07:00,zVJPv84UY57bAof,1859.14,182.214,82.2857,7212164.286
06-06-2020 21:45,McdE0feGgRqW7Ca,0,0,0,7331160.000
01-06-2020 21:00,wCURE6d3bPkepu2,0,0,5939,6915344.000
29-05-2020 17:15,sjndEbLyjtCKgGv,2337,229.114,8034.43,7128937.429
04-06-2020 09:00,pkci93gMrogZuBj,7225.5,707.362,885.5,7316321.500
15-06-2020 22:30,rGa61gmuvPhdLxV,0,0,6732,7344704.000
23-05-2020 14:00,WRmjgnKYAwPKWDb,10566.9,1032.24,6241.29,7090836.286
15-06-2020 14:30,z9Y9gH1T5YWrNuG,10431,1018.3,5351.43,7237819.429
23-05-2020 20:45,VHMLBKoKgIrUVDU,0,0,8611,7272332.000
27-05-2020 14:15,ZnxXDlPa8U1GXgE,4103.43,403.057,5115,6617764.000
30-05-2020 17:45,1BY6WEcLGh8j5v7,910.429,88.4,6721.71,6372095.714
15-06-2020 17:45,1IF53ai7Xc0U56Y,1240.75,120.838,6811.5,6421179.500
17-06-2020 12:30,bvBOhCH3iADSZry,8931.86,873.429,3161.86,6536710.857
02-06-2020 06:00,1IF53ai7Xc0U56Y,92.875,8.9625,0.75,6317444.750
13-06-2020 21:00,WRmjgnKYAwPKWDb,0,0,8399,7247179.000
09-06-2020 10:45,YxYtjZvoooNbGkE,11940.6,1164.56,2619.38,7367929.375
01-06-2020 19:00,McdE0feGgRqW7Ca,0,0,5992,7292752.000
20-05-2020 09:15,pkci93gMrogZuBj,8361.86,818.329,1214.14,7202563.143
31-05-2020 19:30,1BY6WEcLGh8j5v7,0,0,5803,6377931.000
14-06-2020 08:45,WRmjgnKYAwPKWDb,5430,532.275,744.375,7247923.375
30-05-2020 23:45,7JYdWkrLSPkdwr4,0,0,7143,7721978.000
18-05-2020 20:00,zBIq5rxdHJRwDNY,0,0,5390,6365047.000
23-05-2020 22:30,rGa61gmuvPhdLxV,0,0,8152,7175293.000
29-05-2020 08:45,McdE0feGgRqW7Ca,5601.86,549.014,669,7265625.000
16-05-2020 06:30,bvBOhCH3iADSZry,650.571,63,16,6322526.000
03-06-2020 09:15,adLQvlD726eNBSB,6499.75,636.7,1009.25,6415285.250
23-05-2020 09:45,wCURE6d3bPkepu2,9665.5,944.625,1639,6840864.000
17-05-2020 05:30,iCRJl6heRkivqQ3,0,0,0,7190848.000
23-05-2020 18:45,ih0vzX44oOqAx2f,0,0,8395,6248938.000
01-06-2020 14:30,WRmjgnKYAwPKWDb,5315.43,521.129,5212,7159078.000
31-05-2020 08:15,ZoEaEvLYb1n2sOq,3429.29,336.986,322.857,7217170.857
27-05-2020 14:30,zVJPv84UY57bAof,8841.88,864.913,5238,7210621.000
28-05-2020 06:00,ZoEaEvLYb1n2sOq,143.571,13.8571,0.428571,7193291.429
27-05-2020 02:15,ZnxXDlPa8U1GXgE,0,0,0,6612649.000
22-05-2020 11:45,ih0vzX44oOqAx2f,12385.1,1208.33,2920.5,6236463.500
28-05-2020 18:00,wCURE6d3bPkepu2,479.857,46.4143,8501.29,6887696.286
23-05-2020 01:30,ih0vzX44oOqAx2f,0,0,0,6240543.000
04-06-2020 09:00,McdE0feGgRqW7Ca,9058.5,886.025,946.625,7309315.625
23-05-2020 21:15,McdE0feGgRqW7Ca,0,0,8684,7224636.000
16-05-2020 11:45,7JYdWkrLSPkdwr4,8857.75,866.538,2900.62,7611976.625
21-05-2020 12:45,z9Y9gH1T5YWrNuG,10639.1,1038.44,4632.75,7053893.750
12-06-2020 15:00,1IF53ai7Xc0U56Y,5746.14,563.129,4958.29,6397282.286
06-06-2020 21:30,wCURE6d3bPkepu2,0,0,0,6953094.000
04-06-2020 20:30,VHMLBKoKgIrUVDU,0,0,8160,7363821.000
28-05-2020 16:30,pkci93gMrogZuBj,5259.43,515.6,7915,7272900.000
10-06-2020 20:00,7JYdWkrLSPkdwr4,0,0,6362,7801091.000
13-06-2020 20:30,3PZuoBAID5Wc2HD,0,0,8633,7210719.000
01-06-2020 12:45,WRmjgnKYAwPKWDb,3792.25,372.688,4146.75,7158012.750
02-06-2020 21:45,pkci93gMrogZuBj,0,0,7350,7307650.000
15-06-2020 04:15,pkci93gMrogZuBj,0,0,0,7396422.000
16-05-2020 05:45,McdE0feGgRqW7Ca,0,0,0,7165435.000
22-05-2020 06:45,ZnxXDlPa8U1GXgE,1199,116.586,53.7143,6571917.714
14-06-2020 04:30,wCURE6d3bPkepu2,0,0,0,7002369.000
24-05-2020 19:15,zBIq5rxdHJRwDNY,0,0,7277,6411758.000
08-06-2020 16:00,sjndEbLyjtCKgGv,4914.57,480.929,7720.43,7200274.429
23-05-2020 16:00,VHMLBKoKgIrUVDU,6886.5,674.438,7871.5,7271592.500
11-06-2020 11:45,sjndEbLyjtCKgGv,8281.25,810.45,2081.25,7217681.250
17-06-2020 14:30,iCRJl6heRkivqQ3,8134.75,796.038,5044.38,7425350.375
03-06-2020 23:45,7JYdWkrLSPkdwr4,0,0,7749,7748622.000
18-05-2020 15:15,ih0vzX44oOqAx2f,7950,778.171,4276,6209477.000
12-06-2020 05:15,iCRJl6heRkivqQ3,0,0,0,7385471.000
04-06-2020 09:00,iCRJl6heRkivqQ3,7903.12,773.45,905.25,7326601.250
17-06-2020 10:15,adLQvlD726eNBSB,7017.12,687.225,1493.5,6519891.500
01-06-2020 02:15,WRmjgnKYAwPKWDb,0,0,0,7153866.000
14-06-2020 16:00,1BY6WEcLGh8j5v7,5295.75,519.1,3599,6467262.000
30-05-2020 14:15,z9Y9gH1T5YWrNuG,11392,1112.43,4888.71,7125343.714
25-05-2020 00:00,wCURE6d3bPkepu2,0,0,0,6855791.000
13-06-2020 09:45,z9Y9gH1T5YWrNuG,8421.88,822.962,1608.5,7218475.500
15-05-2020 10:45,adLQvlD726eNBSB,4962,486.55,1842.5,6273197.500
19-05-2020 14:45,YxYtjZvoooNbGkE,9590,937.875,5481.88,7211079.875
19-05-2020 04:00,1IF53ai7Xc0U56Y,0,0,0,6209806.000
31-05-2020 22:30,VHMLBKoKgIrUVDU,0,0,6076,7334405.000
15-05-2020 12:45,sjndEbLyjtCKgGv,10235.1,1000.27,3455.86,7020287.857
16-06-2020 17:15,McdE0feGgRqW7Ca,1774.38,173.912,6252.75,7402482.750
03-06-2020 13:45,zVJPv84UY57bAof,9345.5,914.1,4998,7260215.000
01-06-2020 15:00,VHMLBKoKgIrUVDU,2975.86,292.1,5459.29,7339864.286
16-05-2020 05:00,ih0vzX44oOqAx2f,0,0,0,6191360.000
24-05-2020 19:45,3PZuoBAID5Wc2HD,0,0,8300,7061568.000
10-06-2020 01:45,ih0vzX44oOqAx2f,0,0,0,6374755.000
07-06-2020 10:00,1IF53ai7Xc0U56Y,6933.25,679,1507.38,6356606.375
23-05-2020 02:00,adLQvlD726eNBSB,0,0,0,6328951.000
07-06-2020 11:15,z9Y9gH1T5YWrNuG,13821.1,1347.56,2762.86,7180051.857
18-05-2020 19:30,sjndEbLyjtCKgGv,0,0,5351,7042405.000
18-05-2020 04:45,uHbuxQJl8lW7ozc,0,0,0,7058793.000
18-05-2020 01:45,zVJPv84UY57bAof,0,0,0,7136015.000
24-05-2020 09:00,zVJPv84UY57bAof,7273,712.086,952.714,7181790.714
16-06-2020 12:45,zVJPv84UY57bAof,6999.12,684.638,3776.38,7354876.375
10-06-2020 01:00,VHMLBKoKgIrUVDU,0,0,0,7402816.000
20-05-2020 06:15,ZnxXDlPa8U1GXgE,204.25,19.775,0.125,6555136.125
07-06-2020 04:30,adLQvlD726eNBSB,0,0,0,6445031.000
17-06-2020 08:30,ih0vzX44oOqAx2f,4005.43,393.586,475.571,6420846.571
10-06-2020 01:15,iCRJl6heRkivqQ3,0,0,0,7373220.000
29-05-2020 20:45,rGa61gmuvPhdLxV,0,0,0,7223074.000
31-05-2020 12:30,ih0vzX44oOqAx2f,6694.29,655.171,3748.43,6306015.429
07-06-2020 22:15,ZoEaEvLYb1n2sOq,0,0,8085,7273453.000
23-05-2020 11:15,1BY6WEcLGh8j5v7,10864.1,1060.34,2835.38,6315272.375
06-06-2020 16:45,YxYtjZvoooNbGkE,1275.43,124.071,6250.29,7348739.286
09-06-2020 13:45,adLQvlD726eNBSB,9609.86,938.986,5832.29,6467836.286
11-06-2020 04:30,3PZuoBAID5Wc2HD,0,0,0,7190469.000
24-05-2020 06:15,iCRJl6heRkivqQ3,384.714,37.2143,7,7243227.000
22-05-2020 21:45,McdE0feGgRqW7Ca,0,0,0,7215952.000
07-06-2020 09:15,adLQvlD726eNBSB,8549.88,836.587,1013.12,6446044.125
10-06-2020 23:15,3PZuoBAID5Wc2HD,0,0,6550,7190469.000
16-05-2020 02:00,pkci93gMrogZuBj,0,0,0,7175477.000
29-05-2020 12:45,YxYtjZvoooNbGkE,12466.1,1215.45,4596.12,7289000.125
09-06-2020 14:45,bvBOhCH3iADSZry,6909.57,676.557,5801.57,6491787.571
31-05-2020 12:00,adLQvlD726eNBSB,7305.12,715.075,3187.88,6397958.875
25-05-2020 18:00,VHMLBKoKgIrUVDU,434,41.9714,9001.71,7289513.714
07-06-2020 15:15,z9Y9gH1T5YWrNuG,6709.38,656.962,5080.62,7182369.625
30-05-2020 06:15,WRmjgnKYAwPKWDb,318.375,30.7625,4.625,7140903.625
09-06-2020 17:45,7JYdWkrLSPkdwr4,1401.62,136.675,7887.12,7794680.125
15-05-2020 07:30,WRmjgnKYAwPKWDb,2052.5,201.2,177.625,7028850.625
12-06-2020 01:15,rGa61gmuvPhdLxV,0,0,0,7316432.000
05-06-2020 01:30,zBIq5rxdHJRwDNY,0,0,0,6492579.000
12-06-2020 00:15,1BY6WEcLGh8j5v7,0,0,0,6450238.000
19-05-2020 09:00,rGa61gmuvPhdLxV,5490.86,538.071,672.571,7137574.571
13-06-2020 06:00,1BY6WEcLGh8j5v7,94.875,9.1625,0.5,6455679.500
25-05-2020 23:45,z9Y9gH1T5YWrNuG,0,0,8802,7089440.000
21-05-2020 20:00,wCURE6d3bPkepu2,0,0,7811,6832055.000
18-05-2020 03:00,YxYtjZvoooNbGkE,0,0,0,7200229.000
30-05-2020 03:30,bvBOhCH3iADSZry,0,0,0,6421023.000
13-06-2020 19:15,VHMLBKoKgIrUVDU,0,0,8652,7429566.000
06-06-2020 04:15,wCURE6d3bPkepu2,0,0,0,6946769.000
19-05-2020 11:00,zBIq5rxdHJRwDNY,10082.6,984.757,2171,6367218.000
15-05-2020 01:30,wCURE6d3bPkepu2,0,0,0,6782598.000
19-05-2020 04:30,uHbuxQJl8lW7ozc,0,0,0,7064201.000
01-06-2020 10:00,iCRJl6heRkivqQ3,7588,742.786,1771.14,7306338.143
07-06-2020 07:45,z9Y9gH1T5YWrNuG,2496.25,244.812,232.75,7177521.750
05-06-2020 07:30,1IF53ai7Xc0U56Y,2217.25,217.387,178.25,6341033.250
03-06-2020 05:30,7JYdWkrLSPkdwr4,0,0,0,7740873.000
11-06-2020 01:30,VHMLBKoKgIrUVDU,0,0,0,7409295.000
02-06-2020 00:45,WRmjgnKYAwPKWDb,0,0,0,7159700.000
01-06-2020 06:00,zVJPv84UY57bAof,76.4286,7.38571,0.428571,7242024.429
07-06-2020 18:30,ZnxXDlPa8U1GXgE,54,5.21429,8208.86,6701262.857
28-05-2020 18:00,ZoEaEvLYb1n2sOq,475,45.9571,8232.86,7201523.857
04-06-2020 05:15,iCRJl6heRkivqQ3,0,0,0,7325696.000
27-05-2020 19:15,1BY6WEcLGh8j5v7,0,0,6164,6349833.000
07-06-2020 07:30,ih0vzX44oOqAx2f,2029.57,198.957,175.286,6350848.286
19-05-2020 02:45,bvBOhCH3iADSZry,0,0,0,6340538.000
02-06-2020 22:00,1IF53ai7Xc0U56Y,0,0,0,6324784.000
06-06-2020 16:30,sjndEbLyjtCKgGv,1369.57,133.357,6271,7185548.000
28-05-2020 02:15,rGa61gmuvPhdLxV,0,0,0,7206549.000
10-06-2020 01:00,McdE0feGgRqW7Ca,0,0,0,7355017.000
14-06-2020 02:15,VHMLBKoKgIrUVDU,0,0,0,7429566.000
01-06-2020 21:45,WRmjgnKYAwPKWDb,0,0,5834,7159700.000
16-06-2020 00:30,VHMLBKoKgIrUVDU,0,0,0,7443869.000
07-06-2020 05:30,McdE0feGgRqW7Ca,0,0,0,7331160.000
26-05-2020 01:15,1BY6WEcLGh8j5v7,0,0,0,6336208.000
13-06-2020 07:15,zBIq5rxdHJRwDNY,2528.57,247.986,120.571,6549507.571
04-06-2020 13:30,adLQvlD726eNBSB,8205.75,803.025,5330.5,6427597.500
01-06-2020 14:15,sjndEbLyjtCKgGv,3271.38,320.788,5048.62,7147290.625
20-05-2020 05:00,wCURE6d3bPkepu2,0,0,0,6815349.000
24-05-2020 09:30,z9Y9gH1T5YWrNuG,8123.43,794.771,1321.14,7074083.143
03-06-2020 08:30,rGa61gmuvPhdLxV,4502.88,441.938,551.625,7249881.625
01-06-2020 06:00,z9Y9gH1T5YWrNuG,71,6.84286,0.285714,7133897.286
19-05-2020 04:30,WRmjgnKYAwPKWDb,0,0,0,7054452.000
17-05-2020 13:00,rGa61gmuvPhdLxV,5654.86,554.229,4747.86,7128846.857
25-05-2020 02:45,3PZuoBAID5Wc2HD,0,0,0,7061568.000
15-06-2020 13:15,1IF53ai7Xc0U56Y,5936,581.7,4813.43,6419181.429
03-06-2020 23:30,WRmjgnKYAwPKWDb,0,0,7710,7174627.000
15-05-2020 22:00,rGa61gmuvPhdLxV,0,0,6373,7117866.000
16-06-2020 02:15,3PZuoBAID5Wc2HD,0,0,0,7225042.000
18-05-2020 02:15,YxYtjZvoooNbGkE,0,0,0,7200229.000
15-05-2020 08:00,uHbuxQJl8lW7ozc,3193,313.538,284,7038965.000
15-06-2020 18:30,ZoEaEvLYb1n2sOq,13.1429,1.27143,6639,7329691.000
11-06-2020 05:00,rGa61gmuvPhdLxV,0,0,0,7310769.000
11-06-2020 20:30,VHMLBKoKgIrUVDU,0,0,5716,7415011.000
04-06-2020 22:45,uHbuxQJl8lW7ozc,0,0,0,7194535.000
06-06-2020 11:15,rGa61gmuvPhdLxV,11248.2,1097.46,2874.12,7275964.125
07-06-2020 15:45,ZnxXDlPa8U1GXgE,6268.43,613.771,7341.43,6700395.429
07-06-2020 21:15,YxYtjZvoooNbGkE,0,0,8155,7356967.000
20-05-2020 07:00,ZoEaEvLYb1n2sOq,1567,153.186,69.5714,7130401.571
23-05-2020 19:30,adLQvlD726eNBSB,0,0,8783,6337734.000
25-05-2020 03:45,7JYdWkrLSPkdwr4,0,0,0,7675241.000
26-05-2020 01:15,adLQvlD726eNBSB,0,0,0,6355294.000
17-05-2020 14:45,z9Y9gH1T5YWrNuG,8764.88,856.875,6079,7026819.000
26-05-2020 23:30,pkci93gMrogZuBj,0,0,0,7258294.000
13-06-2020 13:00,1BY6WEcLGh8j5v7,9604.62,937.675,5057.62,6460736.625
20-05-2020 07:15,rGa61gmuvPhdLxV,2392.12,234.562,116.875,7143928.875
13-06-2020 11:15,1IF53ai7Xc0U56Y,13094.8,1276.74,3390.88,6401617.875
10-06-2020 21:45,WRmjgnKYAwPKWDb,0,0,6389,7227367.000
15-06-2020 09:15,ZoEaEvLYb1n2sOq,9220.25,901.575,1291.38,7324343.375
19-05-2020 16:00,pkci93gMrogZuBj,6601.12,646.612,6345,7200756.000
15-06-2020 06:00,wCURE6d3bPkepu2,110.571,10.6714,0.571429,7009698.571
28-05-2020 00:15,McdE0feGgRqW7Ca,0,0,0,7256389.000
06-06-2020 20:45,1IF53ai7Xc0U56Y,0,0,6542,6355099.000
24-05-2020 15:15,ZnxXDlPa8U1GXgE,5848.38,573.075,7099.62,6594827.625
04-06-2020 17:15,ih0vzX44oOqAx2f,3847.62,378.1,7810,6336820.000
29-05-2020 18:15,7JYdWkrLSPkdwr4,123.286,11.9143,8005.57,7714833.571
20-05-2020 11:15,McdE0feGgRqW7Ca,12349.1,1204.03,3325.71,7195423.714
05-06-2020 12:00,adLQvlD726eNBSB,4642.71,455.5,3757.57,6434338.571
30-05-2020 20:00,sjndEbLyjtCKgGv,0,0,7226,7136255.000
15-06-2020 15:00,7JYdWkrLSPkdwr4,6309,618.071,5644,7833802.000
24-05-2020 18:30,z9Y9gH1T5YWrNuG,152.429,14.7,7874.86,7080636.857
26-05-2020 07:45,sjndEbLyjtCKgGv,4095,402.275,289.5,7098400.500
16-06-2020 22:30,VHMLBKoKgIrUVDU,0,0,6332,7450201.000
11-06-2020 17:30,YxYtjZvoooNbGkE,1422,138.6,5526.88,7385213.875
19-05-2020 19:15,zBIq5rxdHJRwDNY,0,0,6924,6371971.000
31-05-2020 20:15,WRmjgnKYAwPKWDb,0,0,5837,7153866.000
17-05-2020 23:00,rGa61gmuvPhdLxV,0,0,7438,7131537.000
24-05-2020 07:45,sjndEbLyjtCKgGv,4065.71,399.457,286,7081735.000
08-06-2020 09:30,zVJPv84UY57bAof,11463.7,1118.55,1331.67,7295121.667
30-05-2020 14:30,1BY6WEcLGh8j5v7,9844.57,962.643,4936.29,6370310.286
28-05-2020 02:30,ih0vzX44oOqAx2f,0,0,0,6278855.000
30-05-2020 02:30,pkci93gMrogZuBj,0,0,0,7281535.000
20-05-2020 22:45,ZoEaEvLYb1n2sOq,0,0,8736,7139068.000
15-06-2020 17:00,rGa61gmuvPhdLxV,2904.71,285.214,6556.86,7344528.857
12-06-2020 18:30,pkci93gMrogZuBj,79.8571,7.68571,5850.43,7380806.429
23-05-2020 04:30,pkci93gMrogZuBj,0,0,0,7225200.000
18-05-2020 07:45,YxYtjZvoooNbGkE,1772.62,173.512,270,7200499.000
06-06-2020 05:15,zVJPv84UY57bAof,0,0,0,7279090.000
26-05-2020 16:30,rGa61gmuvPhdLxV,5548.86,543.843,7378.14,7199480.143
07-06-2020 03:15,wCURE6d3bPkepu2,0,0,0,6953094.000
03-06-2020 14:45,pkci93gMrogZuBj,10040.7,981.386,6055.57,7313705.571
15-05-2020 18:15,ih0vzX44oOqAx2f,95.2,9.2,6175,6191359.167
18-05-2020 19:00,WRmjgnKYAwPKWDb,0,0,5348,7054452.000
02-06-2020 20:15,ih0vzX44oOqAx2f,0,0,0,6321311.000
22-05-2020 06:45,iCRJl6heRkivqQ3,1180.29,114.786,53.8571,7227495.857
04-06-2020 01:45,zVJPv84UY57bAof,0,0,0,7263053.000
16-05-2020 04:15,3PZuoBAID5Wc2HD,0,0,0,6994033.000
02-06-2020 03:30,ZoEaEvLYb1n2sOq,0,0,0,7228440.000
11-06-2020 00:00,ZnxXDlPa8U1GXgE,0,0,804.75,6724210.000
01-06-2020 12:00,ZoEaEvLYb1n2sOq,5586.38,547.487,3636.75,7226280.750
30-05-2020 00:45,wCURE6d3bPkepu2,0,0,0,6895880.000
14-06-2020 21:00,ZoEaEvLYb1n2sOq,0,0,7289,7323052.000
15-05-2020 21:15,uHbuxQJl8lW7ozc,0,0,6387,7045068.000
07-06-2020 14:45,uHbuxQJl8lW7ozc,5279,517.325,6598.12,7215453.125
24-05-2020 18:45,1IF53ai7Xc0U56Y,0,0,8273,6257480.000
28-05-2020 15:45,ZnxXDlPa8U1GXgE,6455.62,632.362,7853.12,6627229.125
11-06-2020 04:15,YxYtjZvoooNbGkE,0,0,0,7379687.000
17-05-2020 10:15,adLQvlD726eNBSB,10139.6,991.35,2167.88,6286610.875
14-06-2020 23:00,adLQvlD726eNBSB,0,0,7590,6505086.000
02-06-2020 10:00,ZnxXDlPa8U1GXgE,9536.12,932.612,1974.5,6657417.500
03-06-2020 00:30,1IF53ai7Xc0U56Y,0,0,0,6324784.000
08-06-2020 16:45,z9Y9gH1T5YWrNuG,4839.5,474.8,7508,7191139.000
11-06-2020 06:00,7JYdWkrLSPkdwr4,0,0,0,7801091.000
07-06-2020 11:15,iCRJl6heRkivqQ3,13688.6,1334.64,2752.14,7350986.143
17-06-2020 09:45,WRmjgnKYAwPKWDb,5762.12,564.675,1135.88,7268714.875
13-06-2020 02:15,zVJPv84UY57bAof,0,0,0,7328550.000
21-05-2020 16:30,wCURE6d3bPkepu2,4335,425.625,7610,6831854.000
02-06-2020 06:00,McdE0feGgRqW7Ca,93.5714,9.02857,0.428571,7292752.429
08-06-2020 00:15,YxYtjZvoooNbGkE,0,0,0,7356967.000
16-06-2020 17:00,adLQvlD726eNBSB,1957.25,191.85,6236.25,6518238.250
14-06-2020 22:30,adLQvlD726eNBSB,0,0,7590,6505086.000
18-05-2020 18:30,adLQvlD726eNBSB,9,0.875,5506,6297816.000
17-05-2020 04:00,ZoEaEvLYb1n2sOq,0,0,0,7110744.000
17-06-2020 02:45,bvBOhCH3iADSZry,0,0,0,6533549.000
08-06-2020 10:30,uHbuxQJl8lW7ozc,10175.5,993.513,2418,7219567.000
15-06-2020 06:15,wCURE6d3bPkepu2,462.125,44.7,6.75,7009704.750
30-05-2020 16:00,WRmjgnKYAwPKWDb,6517.14,638.443,6540.71,7147439.714
31-05-2020 17:45,3PZuoBAID5Wc2HD,1055,102.55,5779.75,7115267.750
30-05-2020 02:30,z9Y9gH1T5YWrNuG,0,0,0,7120455.000
12-06-2020 11:00,VHMLBKoKgIrUVDU,6290.88,616.325,1780.25,7416791.250
20-05-2020 20:00,McdE0feGgRqW7Ca,0,0,8964,7201062.000
02-06-2020 15:45,wCURE6d3bPkepu2,7654,749.013,6768,6922112.000
26-05-2020 18:00,iCRJl6heRkivqQ3,369.625,35.725,7860.62,7267990.625
05-06-2020 23:00,sjndEbLyjtCKgGv,0,0,7759,7179277.000
22-05-2020 06:00,1IF53ai7Xc0U56Y,236.125,22.8,1,6233248.000
25-05-2020 00:45,1BY6WEcLGh8j5v7,0,0,0,6327940.000
15-05-2020 11:15,rGa61gmuvPhdLxV,8062.62,788.237,2300.5,7113793.500
22-05-2020 22:30,z9Y9gH1T5YWrNuG,0,0,0,7064219.000
27-05-2020 18:00,ih0vzX44oOqAx2f,299.25,28.925,6557.5,6278848.500
21-05-2020 19:00,sjndEbLyjtCKgGv,0,0,7825,7065886.000
20-05-2020 03:45,1BY6WEcLGh8j5v7,0,0,0,6290097.000
12-06-2020 12:00,sjndEbLyjtCKgGv,10471.3,1023.1,2631,7223885.000
01-06-2020 11:00,ZnxXDlPa8U1GXgE,10288.2,1004.48,2787.38,6652312.375
28-05-2020 18:00,ih0vzX44oOqAx2f,473.75,45.8,8302,6287156.857
24-05-2020 14:00,z9Y9gH1T5YWrNuG,8905.5,870.05,5952.5,7078714.500
22-05-2020 23:00,bvBOhCH3iADSZry,0,0,6760,6368908.000
01-06-2020 23:00,pkci93gMrogZuBj,0,0,5509,7300300.000
29-05-2020 20:15,3PZuoBAID5Wc2HD,0,0,8210,7102189.000
20-05-2020 05:15,bvBOhCH3iADSZry,0,0,0,6346907.000
14-06-2020 15:00,wCURE6d3bPkepu2,8754.38,856.138,6131.38,7008500.375
17-05-2020 22:15,pkci93gMrogZuBj,0,0,7397,7189047.000
15-06-2020 17:45,zBIq5rxdHJRwDNY,1233.38,120.125,6663.75,6571800.750
15-06-2020 21:15,rGa61gmuvPhdLxV,0,0,6732,7344704.000
25-05-2020 00:00,ih0vzX44oOqAx2f,0,0,0,6256494.000
10-06-2020 23:00,VHMLBKoKgIrUVDU,0,0,6479,7409295.000
02-06-2020 17:45,7JYdWkrLSPkdwr4,593.375,57.4125,7239,7740863.000
16-06-2020 10:00,pkci93gMrogZuBj,11152.8,1089.17,1641,7404858.000
04-06-2020 13:15,adLQvlD726eNBSB,13240.6,1291.33,5059.43,6427326.429
03-06-2020 19:45,YxYtjZvoooNbGkE,0,0,7827,7326756.000
06-06-2020 16:00,adLQvlD726eNBSB,2700,264.8,6397,6444825.000
09-06-2020 09:30,1BY6WEcLGh8j5v7,6756.29,661.043,1352.43,6432966.429
28-05-2020 10:45,7JYdWkrLSPkdwr4,8776,857.243,2735.14,7701285.143
29-05-2020 10:45,uHbuxQJl8lW7ozc,11457.2,1118.3,2475.12,7146107.125
26-05-2020 21:45,1IF53ai7Xc0U56Y,0,0,0,6274638.000
01-06-2020 18:45,z9Y9gH1T5YWrNuG,0,0,5931,7139828.000
23-05-2020 04:30,adLQvlD726eNBSB,0,0,0,6328951.000
15-05-2020 07:00,sjndEbLyjtCKgGv,1877.12,184.012,78.125,7016910.125
02-06-2020 16:30,pkci93gMrogZuBj,4683.57,459.529,7052.86,7307352.857
22-05-2020 23:15,zBIq5rxdHJRwDNY,0,0,0,6395807.000
22-05-2020 22:30,sjndEbLyjtCKgGv,0,0,0,7072962.000
28-05-2020 00:00,1BY6WEcLGh8j5v7,0,0,880.571,6349833.000
13-06-2020 01:00,ih0vzX44oOqAx2f,0,0,0,6392263.000
12-06-2020 12:00,VHMLBKoKgIrUVDU,10274,1003.86,2691.25,7417702.250
30-05-2020 16:45,zBIq5rxdHJRwDNY,4339.29,426.014,7091.71,6456996.714
07-06-2020 19:45,bvBOhCH3iADSZry,0,0,5169,6478293.000
20-05-2020 01:30,McdE0feGgRqW7Ca,0,0,0,7192098.000
05-06-2020 03:15,3PZuoBAID5Wc2HD,0,0,0,7144703.000
02-06-2020 22:30,iCRJl6heRkivqQ3,0,0,7465,7317813.000
28-05-2020 20:30,1IF53ai7Xc0U56Y,0,0,8496,6289958.000
03-06-2020 23:30,ZoEaEvLYb1n2sOq,0,0,7774,7243501.000
31-05-2020 15:30,sjndEbLyjtCKgGv,3313.14,325.514,5480.29,7141735.286
18-05-2020 18:00,wCURE6d3bPkepu2,435.625,42.1125,5384.38,6808384.375
07-06-2020 12:45,adLQvlD726eNBSB,13412.4,1307.7,4728.71,6449759.714
07-06-2020 22:45,7JYdWkrLSPkdwr4,0,0,8053,7778510.000
25-05-2020 03:00,zBIq5rxdHJRwDNY,0,0,0,6411758.000
08-06-2020 01:00,z9Y9gH1T5YWrNuG,0,0,0,7183631.000
17-05-2020 12:45,zVJPv84UY57bAof,9179.25,897.15,4575.88,7133110.875
04-06-2020 08:15,VHMLBKoKgIrUVDU,5986.12,586.6,515.5,7356176.500
25-05-2020 01:00,uHbuxQJl8lW7ozc,0,0,0,7111852.000
17-05-2020 21:15,ih0vzX44oOqAx2f,0,0,7391,6205201.000
30-05-2020 06:30,ih0vzX44oOqAx2f,703.875,68.225,17.125,6295138.125
07-06-2020 22:30,pkci93gMrogZuBj,0,0,8214,7346132.000
16-05-2020 14:00,wCURE6d3bPkepu2,6527,639.3,4941.29,6793868.286
16-06-2020 20:45,rGa61gmuvPhdLxV,0,0,6243,7350947.000
28-05-2020 18:30,bvBOhCH3iADSZry,54.8571,5.3,7751.57,6413584.571
26-05-2020 13:45,sjndEbLyjtCKgGv,11891,1159.83,5744.29,7103855.286
19-05-2020 13:00,VHMLBKoKgIrUVDU,10151.1,991.371,3986.86,7236540.857
22-05-2020 19:30,WRmjgnKYAwPKWDb,0,0,7237,7084595.000
06-06-2020 22:15,1IF53ai7Xc0U56Y,0,0,6542,6355099.000
15-06-2020 22:00,ZoEaEvLYb1n2sOq,0,0,6639,7329691.000
14-06-2020 14:45,iCRJl6heRkivqQ3,6613.75,647.837,6009.5,7405864.500
22-05-2020 21:45,ZoEaEvLYb1n2sOq,0,0,0,7153713.000
03-06-2020 15:00,wCURE6d3bPkepu2,11943.1,1165.59,6434,6929303.000
19-05-2020 03:45,iCRJl6heRkivqQ3,0,0,0,7203767.000
27-05-2020 18:00,ZnxXDlPa8U1GXgE,302,29.15,6720.5,6619369.500
07-06-2020 14:45,zVJPv84UY57bAof,5207.14,510.2,6586.14,7292116.143
18-05-2020 09:45,uHbuxQJl8lW7ozc,1518.62,148.363,592,7059385.000
09-06-2020 14:45,adLQvlD726eNBSB,7879.29,771.057,6579,6468583.000
26-05-2020 22:15,McdE0feGgRqW7Ca,0,0,0,7249560.000
22-05-2020 10:45,3PZuoBAID5Wc2HD,7525.25,736.525,2067.12,7039368.125
29-05-2020 09:30,pkci93gMrogZuBj,6803.14,666.2,1222.57,7274480.571
04-06-2020 11:30,YxYtjZvoooNbGkE,9178.57,897.443,3038.71,7329794.714
12-06-2020 11:30,adLQvlD726eNBSB,9868.88,965.013,2238.5,6484972.500
31-05-2020 07:45,bvBOhCH3iADSZry,2124.62,208.275,182.5,6427863.500
31-05-2020 10:00,WRmjgnKYAwPKWDb,6862.29,671.643,1306,7149335.000
09-06-2020 06:30,z9Y9gH1T5YWrNuG,738.375,71.5625,22.25,7191446.250
25-05-2020 04:30,ih0vzX44oOqAx2f,0,0,0,6256494.000
08-06-2020 04:15,pkci93gMrogZuBj,0,0,0,7346132.000
19-05-2020 06:15,7JYdWkrLSPkdwr4,91.625,8.825,1,7628373.000
02-06-2020 06:15,ZnxXDlPa8U1GXgE,404.125,39.075,6.375,6655449.375
03-06-2020 02:15,z9Y9gH1T5YWrNuG,0,0,0,7147274.000
04-06-2020 11:45,YxYtjZvoooNbGkE,10763.5,1050.85,3284.88,7330040.875
03-06-2020 04:45,WRmjgnKYAwPKWDb,0,0,0,7166917.000
15-06-2020 03:15,McdE0feGgRqW7Ca,0,0,0,7389358.000
07-06-2020 08:15,iCRJl6heRkivqQ3,3579.38,351.863,395.625,7348629.625
15-05-2020 07:15,adLQvlD726eNBSB,2143.71,210.171,134.143,6271489.143
22-05-2020 21:15,wCURE6d3bPkepu2,0,0,0,6839225.000
30-05-2020 22:15,ZoEaEvLYb1n2sOq,0,0,7248,7216848.000
08-06-2020 06:15,1BY6WEcLGh8j5v7,427.286,41.2857,6.42857,6423756.429
20-05-2020 09:30,YxYtjZvoooNbGkE,8679.88,849.3,1439,7213915.000
04-06-2020 09:30,adLQvlD726eNBSB,7400.43,723.943,1364.43,6423631.429
13-06-2020 07:15,zVJPv84UY57bAof,2566.14,251.657,119.571,7328669.571
25-05-2020 01:15,7JYdWkrLSPkdwr4,0,0,0,7675241.000
26-05-2020 23:15,pkci93gMrogZuBj,0,0,0,7258294.000
07-06-2020 18:15,ih0vzX44oOqAx2f,303.25,29.2875,8015,6358688.000
27-05-2020 10:45,7JYdWkrLSPkdwr4,7683.29,751.643,2376,7694288.000
05-06-2020 04:30,7JYdWkrLSPkdwr4,0,0,0,7756621.000
12-06-2020 05:00,adLQvlD726eNBSB,0,0,0,6482734.000
16-05-2020 23:45,WRmjgnKYAwPKWDb,0,0,6615,7041430.000
16-05-2020 19:30,adLQvlD726eNBSB,0,0,6705,6284443.000
24-05-2020 20:45,VHMLBKoKgIrUVDU,0,0,8180,7280512.000
17-05-2020 07:15,3PZuoBAID5Wc2HD,2782,272.914,105.714,7000794.714
25-05-2020 00:30,YxYtjZvoooNbGkE,0,0,0,7252651.000
15-05-2020 18:00,iCRJl6heRkivqQ3,296,28.5857,6412.29,7184404.286
31-05-2020 16:00,ZoEaEvLYb1n2sOq,2985.86,293.129,5447.71,7222295.714
08-06-2020 20:15,z9Y9gH1T5YWrNuG,0,0,7793,7191424.000
16-05-2020 14:15,1IF53ai7Xc0U56Y,8922.71,872.914,5143.71,6195145.714
03-06-2020 07:30,ZnxXDlPa8U1GXgE,2824.71,277.057,170.429,6663138.429
18-05-2020 18:15,z9Y9gH1T5YWrNuG,184.143,17.7571,5345.57,7033571.571
26-05-2020 17:45,rGa61gmuvPhdLxV,495.571,47.9429,7751,7199853.000
15-05-2020 02:45,z9Y9gH1T5YWrNuG,0,0,0,7007866.000
11-06-2020 17:00,7JYdWkrLSPkdwr4,2355.75,230.988,5415.88,7806506.875
20-05-2020 20:15,WRmjgnKYAwPKWDb,0,0,8793,7069725.000
31-05-2020 12:45,1IF53ai7Xc0U56Y,13485.1,1314.79,3817.29,6309360.286
16-05-2020 14:30,McdE0feGgRqW7Ca,7618.14,745.814,5334.14,7170769.143
12-06-2020 07:15,1IF53ai7Xc0U56Y,1073.88,104.4,66.875,6392390.875
04-06-2020 08:45,sjndEbLyjtCKgGv,5137.86,503.5,752,7164045.000
03-06-2020 09:45,3PZuoBAID5Wc2HD,6039.14,591.743,1284.86,7129898.857
22-05-2020 05:45,ih0vzX44oOqAx2f,0,0,0,6233543.000
10-06-2020 23:15,ZoEaEvLYb1n2sOq,0,0,6392,7296071.000
18-05-2020 07:30,sjndEbLyjtCKgGv,3421.86,336.157,208.714,7037262.714
15-06-2020 19:30,YxYtjZvoooNbGkE,0,0,6633,7413335.000
31-05-2020 22:00,zVJPv84UY57bAof,0,0,6047,7242024.000
22-05-2020 01:45,wCURE6d3bPkepu2,0,0,0,6832055.000
22-05-2020 14:45,WRmjgnKYAwPKWDb,10018.3,979.557,6141.71,7083499.714
17-05-2020 02:30,zVJPv84UY57bAof,0,0,0,7128535.000
05-06-2020 10:00,McdE0feGgRqW7Ca,10704.8,1045.22,1721.25,7318482.250
29-05-2020 12:45,ZnxXDlPa8U1GXgE,12588.7,1227.4,4624.14,6632540.143
31-05-2020 00:15,VHMLBKoKgIrUVDU,0,0,0,7328329.000
01-06-2020 19:00,ih0vzX44oOqAx2f,0,0,5751,6313983.000
26-05-2020 03:00,WRmjgnKYAwPKWDb,0,0,0,7109996.000
03-06-2020 10:00,sjndEbLyjtCKgGv,5941.43,582.186,1402.14,7156849.143
01-06-2020 05:15,sjndEbLyjtCKgGv,0,0,0,7142242.000
23-05-2020 19:45,1BY6WEcLGh8j5v7,0,0,7966,6320403.000
01-06-2020 22:45,bvBOhCH3iADSZry,0,0,5378,6438645.000
11-06-2020 09:15,YxYtjZvoooNbGkE,4153.86,408.057,590.143,7380277.143
15-05-2020 19:15,uHbuxQJl8lW7ozc,0,0,6387,7045068.000
03-06-2020 05:00,uHbuxQJl8lW7ozc,0,0,0,7178405.000
18-05-2020 11:15,McdE0feGgRqW7Ca,7190.71,704.129,1187.29,7180814.286
18-05-2020 04:00,pkci93gMrogZuBj,0,0,0,7189047.000
12-06-2020 14:00,adLQvlD726eNBSB,9124.25,892.525,4377,6487111.000
17-06-2020 09:30,3PZuoBAID5Wc2HD,6956.29,681.229,1003.86,7232376.857
21-05-2020 17:30,YxYtjZvoooNbGkE,592.857,57.3857,7711,7229005.000
23-05-2020 04:00,sjndEbLyjtCKgGv,0,0,0,7072962.000
13-06-2020 10:30,WRmjgnKYAwPKWDb,11378.1,1110.61,2520,7241300.000
30-05-2020 13:30,rGa61gmuvPhdLxV,10709.5,1046.04,4208.38,7227282.375
17-06-2020 19:00,iCRJl6heRkivqQ3,0,0,5957,7426263.000
16-06-2020 04:00,sjndEbLyjtCKgGv,0,0,0,7249539.000
10-06-2020 15:00,zBIq5rxdHJRwDNY,2128.43,208.543,5581.86,6536986.857
05-06-2020 06:15,YxYtjZvoooNbGkE,303.125,29.3,4.5,7334890.500
02-06-2020 06:30,pkci93gMrogZuBj,484.143,46.8286,17.2857,7300317.286
19-05-2020 05:45,rGa61gmuvPhdLxV,0,0,0,7136902.000
25-05-2020 01:45,YxYtjZvoooNbGkE,0,0,0,7252651.000
15-06-2020 14:30,McdE0feGgRqW7Ca,10688.6,1043.56,5463.57,7394821.571
29-05-2020 08:15,sjndEbLyjtCKgGv,4206.14,413.186,416.286,7121319.286
04-06-2020 16:00,ih0vzX44oOqAx2f,7701.86,754.014,7162.14,6336172.143
29-05-2020 17:45,bvBOhCH3iADSZry,853.75,82.8625,7415.25,6421000.250
26-05-2020 09:30,bvBOhCH3iADSZry,8783.14,859.357,1400.14,6393736.143
16-06-2020 16:30,iCRJl6heRkivqQ3,2756.38,270.337,6035.38,7420036.375
04-06-2020 07:30,WRmjgnKYAwPKWDb,2617.71,257.043,206.857,7174833.857
19-05-2020 17:45,pkci93gMrogZuBj,547.857,53.0857,6933.71,7201344.714
17-06-2020 09:15,ZnxXDlPa8U1GXgE,5389,528.225,825.125,6765633.125
14-06-2020 23:15,1IF53ai7Xc0U56Y,0,0,7487,6414368.000
15-06-2020 22:00,rGa61gmuvPhdLxV,0,0,6732,7344704.000
16-06-2020 06:30,McdE0feGgRqW7Ca,706.75,68.4875,12.625,7396242.625
29-05-2020 14:00,1BY6WEcLGh8j5v7,6237.5,611.075,5559.88,6363369.875
16-05-2020 21:45,zVJPv84UY57bAof,0,0,6419,7128535.000
29-05-2020 11:15,ZnxXDlPa8U1GXgE,11007.7,1074.46,2994.57,6630910.571
17-06-2020 00:30,wCURE6d3bPkepu2,0,0,0,7022718.000
25-05-2020 12:15,adLQvlD726eNBSB,13060.7,1273.43,4759.57,6350890.571
31-05-2020 08:00,VHMLBKoKgIrUVDU,2670.29,261.986,257,7328586.000
22-05-2020 17:30,z9Y9gH1T5YWrNuG,820.143,79.5714,7038.86,7064185.857
03-06-2020 15:00,WRmjgnKYAwPKWDb,11666.9,1139.04,6368.14,7173285.143
29-05-2020 09:45,7JYdWkrLSPkdwr4,8444.43,825.857,1370.71,7708198.714
11-06-2020 11:45,WRmjgnKYAwPKWDb,8361,818.243,2070.43,7229437.429
02-06-2020 20:30,adLQvlD726eNBSB,0,0,0,6414276.000
19-05-2020 04:15,wCURE6d3bPkepu2,0,0,0,6808393.000
15-05-2020 03:00,zVJPv84UY57bAof,0,0,0,7116151.000
18-05-2020 14:30,VHMLBKoKgIrUVDU,6729.14,659.1,3899.29,7230996.286
28-05-2020 01:00,uHbuxQJl8lW7ozc,0,0,0,7135258.000
19-05-2020 17:30,pkci93gMrogZuBj,1283.38,124.838,6909.75,7201320.750
16-06-2020 10:30,7JYdWkrLSPkdwr4,8340.71,816.229,2136.29,7836935.286
17-06-2020 02:00,pkci93gMrogZuBj,0,0,0,7409478.000
08-06-2020 00:30,pkci93gMrogZuBj,0,0,0,7346132.000
25-05-2020 15:00,uHbuxQJl8lW7ozc,10402.3,1016.9,7608.14,7119460.143
05-06-2020 22:00,McdE0feGgRqW7Ca,0,0,7920,7324681.000
18-05-2020 21:15,zVJPv84UY57bAof,0,0,5390,7141405.000
15-06-2020 19:00,z9Y9gH1T5YWrNuG,0,0,6716,7239184.000
12-06-2020 01:15,pkci93gMrogZuBj,0,0,0,7374956.000
17-06-2020 01:15,uHbuxQJl8lW7ozc,0,0,0,7281035.000
10-06-2020 08:00,uHbuxQJl8lW7ozc,4238.75,415.988,416.125,7234279.125
14-06-2020 16:30,WRmjgnKYAwPKWDb,2845.43,279.343,7175.71,7254354.714
03-06-2020 08:45,YxYtjZvoooNbGkE,5077.62,497.775,663.875,7319592.875
24-05-2020 14:15,pkci93gMrogZuBj,11396.4,1112.86,6148.14,7239823.143
08-06-2020 20:15,7JYdWkrLSPkdwr4,0,0,8283,7786793.000
16-06-2020 01:30,wCURE6d3bPkepu2,0,0,0,7016444.000
25-05-2020 02:30,ZnxXDlPa8U1GXgE,0,0,0,6595756.000
17-06-2020 12:15,YxYtjZvoooNbGkE,13839.9,1349.4,3128.57,7422684.571
18-05-2020 10:00,sjndEbLyjtCKgGv,1747.62,171.275,626.25,7037680.250
23-05-2020 12:15,ZoEaEvLYb1n2sOq,13291.4,1296.24,4278.25,7157991.250
03-06-2020 19:30,7JYdWkrLSPkdwr4,0,0,7749,7748622.000
15-06-2020 19:30,McdE0feGgRqW7Ca,0,0,6872,7396230.000
25-05-2020 06:00,WRmjgnKYAwPKWDb,0,0,0,7101117.000
20-05-2020 02:45,rGa61gmuvPhdLxV,0,0,0,7143812.000
19-05-2020 07:30,sjndEbLyjtCKgGv,2739.71,268.814,177,7042582.000
11-06-2020 05:15,7JYdWkrLSPkdwr4,0,0,0,7801091.000
04-06-2020 02:00,zVJPv84UY57bAof,0,0,0,7263053.000
08-06-2020 01:00,pkci93gMrogZuBj,0,0,0,7346132.000
13-06-2020 00:30,YxYtjZvoooNbGkE,0,0,0,7391059.000
21-05-2020 16:15,WRmjgnKYAwPKWDb,3283.86,322.743,7351.86,7077076.857
16-05-2020 04:30,ZnxXDlPa8U1GXgE,0,0,0,6528476.000
22-05-2020 06:30,VHMLBKoKgIrUVDU,910.143,88.4,27.8571,7256388.857
20-05-2020 03:30,bvBOhCH3iADSZry,0,0,0,6346907.000
18-05-2020 16:45,YxYtjZvoooNbGkE,2920.25,286.6,5178.75,7205407.750
11-06-2020 16:45,1IF53ai7Xc0U56Y,3247.29,319.3,5472.14,6392092.143
28-05-2020 19:15,VHMLBKoKgIrUVDU,0,0,8509,7312887.000
01-06-2020 04:00,ZnxXDlPa8U1GXgE,0,0,0,6649525.000
15-06-2020 02:00,z9Y9gH1T5YWrNuG,0,0,0,7232468.000
26-05-2020 09:30,uHbuxQJl8lW7ozc,9461,925.371,1477.57,7122173.571
07-06-2020 03:45,bvBOhCH3iADSZry,0,0,0,6473124.000
18-05-2020 23:15,uHbuxQJl8lW7ozc,0,0,5408,7064201.000
23-05-2020 07:30,iCRJl6heRkivqQ3,3199.38,314.413,142.375,7234735.375
01-06-2020 21:45,YxYtjZvoooNbGkE,0,0,5777,7311516.000
28-05-2020 03:30,1BY6WEcLGh8j5v7,0,0,0,6349833.000
04-06-2020 04:45,adLQvlD726eNBSB,0,0,0,6422267.000
06-06-2020 03:30,VHMLBKoKgIrUVDU,0,0,0,7371554.000
08-06-2020 00:30,7JYdWkrLSPkdwr4,0,0,0,7778510.000
17-05-2020 03:45,pkci93gMrogZuBj,0,0,0,7181650.000
09-06-2020 00:30,3PZuoBAID5Wc2HD,0,0,0,7175733.000
05-06-2020 04:00,wCURE6d3bPkepu2,0,0,0,6939021.000
24-05-2020 16:30,adLQvlD726eNBSB,3575,350.486,8002.29,6345736.286
12-06-2020 21:30,WRmjgnKYAwPKWDb,0,0,5794,7238780.000
02-06-2020 03:30,ZnxXDlPa8U1GXgE,0,0,0,6655443.000
23-05-2020 00:15,VHMLBKoKgIrUVDU,0,0,0,7263721.000
25-05-2020 01:00,WRmjgnKYAwPKWDb,0,0,0,7101117.000
07-06-2020 22:45,zBIq5rxdHJRwDNY,0,0,8183,6514911.000
12-06-2020 07:00,YxYtjZvoooNbGkE,927.857,90.1143,41,7385320.000
03-06-2020 10:45,zVJPv84UY57bAof,10649.5,1040.47,1967.5,7257184.500
17-06-2020 10:15,3PZuoBAID5Wc2HD,6952.25,680.875,1466.25,7232839.250
25-05-2020 23:45,ZnxXDlPa8U1GXgE,0,0,8910,6604666.000
16-06-2020 01:00,VHMLBKoKgIrUVDU,0,0,0,7443869.000
12-06-2020 14:30,pkci93gMrogZuBj,6400.12,626.987,4613.62,7379569.625
05-06-2020 16:45,3PZuoBAID5Wc2HD,4409.14,432.871,7365,7152068.000
18-05-2020 02:15,WRmjgnKYAwPKWDb,0,0,0,7049104.000
01-06-2020 12:45,VHMLBKoKgIrUVDU,3840.25,377.312,4229.88,7338634.875
02-06-2020 21:00,iCRJl6heRkivqQ3,0,0,7465,7317813.000
11-06-2020 18:00,McdE0feGgRqW7Ca,653.143,63.2571,5733.86,7367356.857
19-05-2020 23:00,rGa61gmuvPhdLxV,0,0,6910,7143812.000
17-05-2020 08:30,zVJPv84UY57bAof,5579.88,546.925,597.875,7129132.875
07-06-2020 06:30,wCURE6d3bPkepu2,789.571,76.5714,19.1429,6953113.143
26-05-2020 07:30,1BY6WEcLGh8j5v7,3162.29,310.743,197.429,6336405.429
02-06-2020 17:15,bvBOhCH3iADSZry,1436.14,140.143,6774.86,6445419.857
07-06-2020 10:30,adLQvlD726eNBSB,10408.9,1016.64,1922.5,6446953.500
09-06-2020 03:30,bvBOhCH3iADSZry,0,0,0,6485986.000
31-05-2020 04:45,iCRJl6heRkivqQ3,0,0,0,7298598.000
22-05-2020 22:15,uHbuxQJl8lW7ozc,0,0,0,7095253.000
03-06-2020 19:45,zVJPv84UY57bAof,0,0,7836,7263053.000
26-05-2020 03:30,rGa61gmuvPhdLxV,0,0,0,7192102.000
26-05-2020 23:15,adLQvlD726eNBSB,0,0,0,6363516.000
06-06-2020 23:45,WRmjgnKYAwPKWDb,0,0,6341,7196611.000
15-06-2020 09:00,VHMLBKoKgIrUVDU,8696.75,850.862,1138.5,7438193.500
02-06-2020 09:30,7JYdWkrLSPkdwr4,9606.12,938.35,1343.75,7734967.750
25-05-2020 00:15,rGa61gmuvPhdLxV,0,0,0,7183295.000
04-06-2020 14:30,sjndEbLyjtCKgGv,6992.62,684.737,6008.88,7169301.875
07-06-2020 14:15,ZnxXDlPa8U1GXgE,10298.1,1005.33,6204,6699258.000
04-06-2020 22:15,ZoEaEvLYb1n2sOq,0,0,0,7251540.000
19-05-2020 15:45,wCURE6d3bPkepu2,5435.43,532.8,6226.57,6814619.571
25-05-2020 14:45,uHbuxQJl8lW7ozc,10662.6,1042.23,7368.57,7119220.571
28-05-2020 05:45,sjndEbLyjtCKgGv,0,0,0,7112565.000
14-06-2020 13:45,pkci93gMrogZuBj,11443.6,1117.03,4874.14,7394035.143
29-05-2020 07:30,WRmjgnKYAwPKWDb,2235.62,219.188,192,7133053.000
13-06-2020 09:30,adLQvlD726eNBSB,9454.57,924.271,1626.43,6490348.429
31-05-2020 01:45,ih0vzX44oOqAx2f,0,0,0,6302267.000
06-06-2020 21:00,rGa61gmuvPhdLxV,0,0,0,7279501.000
15-06-2020 20:00,zVJPv84UY57bAof,0,0,6820,7351100.000
20-05-2020 13:00,bvBOhCH3iADSZry,11152.1,1088.96,5000.43,6351907.429
20-05-2020 02:15,uHbuxQJl8lW7ozc,0,0,0,7071198.000
25-05-2020 17:45,zBIq5rxdHJRwDNY,468.75,45.3375,8420.5,6420178.500
22-05-2020 09:45,ih0vzX44oOqAx2f,4883,479.057,1269.43,6234812.429
08-06-2020 22:15,YxYtjZvoooNbGkE,0,0,8343,7365310.000
24-05-2020 12:30,zBIq5rxdHJRwDNY,10352.9,1011.71,3962.57,6408443.571
17-06-2020 04:30,sjndEbLyjtCKgGv,0,0,0,7255794.000
15-06-2020 04:00,McdE0feGgRqW7Ca,0,0,0,7389358.000
29-05-2020 21:00,z9Y9gH1T5YWrNuG,0,0,0,7120455.000
21-05-2020 16:30,7JYdWkrLSPkdwr4,4258,418.087,7462.62,7651442.625
11-06-2020 11:15,7JYdWkrLSPkdwr4,7712.62,755.05,1681.38,7802772.375
22-05-2020 16:30,zBIq5rxdHJRwDNY,2253.38,220.925,7021,6395620.000
13-06-2020 21:15,McdE0feGgRqW7Ca,0,0,8595,7381923.000
10-06-2020 01:45,sjndEbLyjtCKgGv,0,0,0,7209095.000
02-06-2020 22:15,7JYdWkrLSPkdwr4,0,0,0,7740873.000
22-05-2020 04:00,McdE0feGgRqW7Ca,0,0,0,7209055.000
10-06-2020 22:30,1BY6WEcLGh8j5v7,0,0,5911,6444981.000
01-06-2020 08:45,1IF53ai7Xc0U56Y,7278.29,712.643,987.857,6312419.857
10-06-2020 11:45,pkci93gMrogZuBj,10476.4,1022.95,2743.25,7365459.250
26-05-2020 01:45,3PZuoBAID5Wc2HD,0,0,0,7070636.000
19-05-2020 02:00,ZoEaEvLYb1n2sOq,0,0,0,7123527.000
18-05-2020 15:00,ZoEaEvLYb1n2sOq,7831.86,766.643,4108.71,7122316.714
02-06-2020 09:45,bvBOhCH3iADSZry,9331.71,912.714,1543.57,6440188.571
28-05-2020 01:45,ZnxXDlPa8U1GXgE,0,0,0,6619376.000
30-05-2020 20:30,zBIq5rxdHJRwDNY,0,0,7396,6457301.000
23-05-2020 21:30,WRmjgnKYAwPKWDb,0,0,8431,7093026.000
26-05-2020 07:45,zBIq5rxdHJRwDNY,3902.14,383.443,277.143,6420478.143
19-05-2020 06:15,zBIq5rxdHJRwDNY,103.714,9.98571,0.714286,6365047.714
27-05-2020 16:45,zVJPv84UY57bAof,3367.5,330.275,6507.62,7211890.625
03-06-2020 07:15,ih0vzX44oOqAx2f,2185.88,214.3,104.25,6321415.250
21-05-2020 20:15,ih0vzX44oOqAx2f,0,0,0,6233543.000
11-06-2020 09:30,sjndEbLyjtCKgGv,4473.71,439.257,701.143,7216301.143
12-06-2020 13:00,sjndEbLyjtCKgGv,8040,786.943,3403.29,7224657.286
12-06-2020 21:45,z9Y9gH1T5YWrNuG,0,0,5803,7216867.000
17-05-2020 13:30,YxYtjZvoooNbGkE,9824.29,959.486,5152.86,7197884.857
24-05-2020 14:15,YxYtjZvoooNbGkE,11191.4,1092.81,6247.29,7250927.286
04-06-2020 09:15,wCURE6d3bPkepu2,6655.5,651.825,1095.12,6931871.125
24-05-2020 12:15,1IF53ai7Xc0U56Y,12893.6,1257.14,4201.29,6253408.286
23-05-2020 14:45,3PZuoBAID5Wc2HD,7104.88,695.763,7019.25,7051635.250
15-05-2020 22:30,ZoEaEvLYb1n2sOq,0,0,6261,7104360.000
26-05-2020 22:15,1IF53ai7Xc0U56Y,0,0,0,6274638.000
25-05-2020 09:15,3PZuoBAID5Wc2HD,9388,918.237,1281.38,7062849.375
20-05-2020 03:30,pkci93gMrogZuBj,0,0,0,7201349.000
09-06-2020 05:30,VHMLBKoKgIrUVDU,0,0,0,7394696.000
20-05-2020 08:15,7JYdWkrLSPkdwr4,5979.43,585.9,552.286,7635760.286
14-06-2020 09:30,WRmjgnKYAwPKWDb,8281,810.429,1279.86,7248458.857
27-05-2020 16:00,McdE0feGgRqW7Ca,6741.43,660.257,6249.57,7255809.571
03-06-2020 23:15,zBIq5rxdHJRwDNY,0,0,7888,6484342.000
17-05-2020 14:30,wCURE6d3bPkepu2,3150.57,309.343,5950.71,6801420.714
18-05-2020 17:45,1IF53ai7Xc0U56Y,744.286,72.1857,5430.14,6209783.143
05-06-2020 12:15,wCURE6d3bPkepu2,4703.75,461.575,3755.38,6942776.375
03-06-2020 23:30,3PZuoBAID5Wc2HD,0,0,7874,7136488.000
22-05-2020 08:30,pkci93gMrogZuBj,2601.5,255.113,664.25,7218640.250
17-06-2020 17:15,VHMLBKoKgIrUVDU,1576.25,154.188,5905.12,7456106.125
02-06-2020 14:45,rGa61gmuvPhdLxV,8304.71,811.814,6043.57,7248012.571
09-06-2020 04:15,YxYtjZvoooNbGkE,0,0,0,7365310.000
26-05-2020 10:30,pkci93gMrogZuBj,11909.6,1161.97,2455,7252974.000
07-06-2020 09:00,wCURE6d3bPkepu2,9500.62,929.163,753.25,6953847.250
29-05-2020 20:30,ZoEaEvLYb1n2sOq,0,0,0,7209600.000
11-06-2020 06:45,VHMLBKoKgIrUVDU,537.571,52.0286,19,7409314.000
11-06-2020 18:30,zBIq5rxdHJRwDNY,58.125,5.625,5647,6543550.000
25-05-2020 18:45,adLQvlD726eNBSB,0,0,9163,6355294.000
17-05-2020 21:15,VHMLBKoKgIrUVDU,0,0,7717,7227097.000
15-05-2020 15:15,1BY6WEcLGh8j5v7,6339.38,620.987,4840.25,6264399.250
13-06-2020 01:45,ZnxXDlPa8U1GXgE,0,0,0,6735785.000
17-05-2020 05:45,uHbuxQJl8lW7ozc,0,0,0,7051339.000
26-05-2020 13:45,ZoEaEvLYb1n2sOq,12482.7,1217.07,5726.57,7184640.571
09-06-2020 21:00,3PZuoBAID5Wc2HD,0,0,8186,7183919.000
29-05-2020 21:15,YxYtjZvoooNbGkE,0,0,0,7292503.000
02-06-2020 07:45,zBIq5rxdHJRwDNY,2358.88,231.312,202.625,6469235.625
08-06-2020 10:30,1IF53ai7Xc0U56Y,12612.9,1230.12,2534.5,6365872.500
13-06-2020 07:45,McdE0feGgRqW7Ca,4305.75,422.812,291.25,7373619.250
27-05-2020 10:00,VHMLBKoKgIrUVDU,9481,926.625,1972.5,7299587.500
02-06-2020 00:00,bvBOhCH3iADSZry,0,0,0,6438645.000
14-06-2020 20:45,McdE0feGgRqW7Ca,0,0,7435,7389358.000
22-05-2020 12:45,ZoEaEvLYb1n2sOq,11215.6,1094.37,3952.86,7150637.857
19-05-2020 01:45,McdE0feGgRqW7Ca,0,0,0,7185091.000
24-05-2020 21:15,1IF53ai7Xc0U56Y,0,0,8273,6257480.000
25-05-2020 12:00,ZoEaEvLYb1n2sOq,12445.9,1213.46,4158,7174327.000
20-05-2020 00:45,zVJPv84UY57bAof,0,0,0,7148337.000
04-06-2020 20:30,bvBOhCH3iADSZry,0,0,7462,6460186.000
25-05-2020 06:00,uHbuxQJl8lW7ozc,0,0,0,7111852.000
16-06-2020 02:30,YxYtjZvoooNbGkE,0,0,0,7413335.000
18-05-2020 05:15,WRmjgnKYAwPKWDb,0,0,0,7049104.000
08-06-2020 15:30,ZoEaEvLYb1n2sOq,7145.38,699.425,7304.88,7280757.875
22-05-2020 08:15,zVJPv84UY57bAof,4738.57,464.443,593,7165716.000
13-06-2020 08:30,McdE0feGgRqW7Ca,7097.14,694.986,715.143,7374043.143
17-05-2020 21:45,1IF53ai7Xc0U56Y,0,0,7759,6204353.000
16-06-2020 02:15,pkci93gMrogZuBj,0,0,0,7403217.000
21-05-2020 22:45,YxYtjZvoooNbGkE,0,0,7740,7229034.000
22-05-2020 11:30,adLQvlD726eNBSB,14300.3,1394.29,2760.14,6324333.143
13-06-2020 04:45,z9Y9gH1T5YWrNuG,0,0,0,7216867.000
10-06-2020 19:00,rGa61gmuvPhdLxV,0,0,6565,7310769.000
02-06-2020 09:45,ZnxXDlPa8U1GXgE,10072.1,984.743,1725.86,6657168.857
03-06-2020 00:30,iCRJl6heRkivqQ3,0,0,0,7317813.000
12-06-2020 18:00,WRmjgnKYAwPKWDb,816.571,79.2143,5774.14,7238760.143
27-05-2020 03:00,WRmjgnKYAwPKWDb,0,0,0,7117880.000
17-05-2020 18:00,z9Y9gH1T5YWrNuG,316,30.5375,7480,7028220.000
03-06-2020 11:15,sjndEbLyjtCKgGv,9255.43,905.329,2449.57,7157896.571
19-05-2020 22:15,WRmjgnKYAwPKWDb,0,0,0,7060932.000
19-05-2020 16:45,pkci93gMrogZuBj,3787.14,372.186,6734.71,7201145.714
28-05-2020 02:30,ZnxXDlPa8U1GXgE,0,0,0,6619376.000
15-05-2020 14:45,uHbuxQJl8lW7ozc,6642.14,650.357,5075.14,7043756.143
11-06-2020 11:00,ZoEaEvLYb1n2sOq,7094.38,694.712,1490.75,7297561.750
01-06-2020 11:30,3PZuoBAID5Wc2HD,13251.3,1292.39,3491.86,7118795.857
30-05-2020 09:00,1BY6WEcLGh8j5v7,3486.62,342.538,611.125,6365985.125
03-06-2020 15:30,1IF53ai7Xc0U56Y,7387,723.129,6970.43,6331754.429
15-05-2020 16:30,bvBOhCH3iADSZry,4333,425.543,5429.86,6322232.857
22-05-2020 21:30,1IF53ai7Xc0U56Y,0,0,7287,6240534.000
18-05-2020 02:00,zBIq5rxdHJRwDNY,0,0,0,6359657.000
19-05-2020 10:45,bvBOhCH3iADSZry,6996.57,684.957,1700.43,6342238.429
31-05-2020 03:45,sjndEbLyjtCKgGv,0,0,0,7136255.000
17-05-2020 23:15,wCURE6d3bPkepu2,0,0,7530,6803000.000
31-05-2020 17:15,3PZuoBAID5Wc2HD,1806.38,177.075,5709,7115197.000
01-06-2020 06:15,pkci93gMrogZuBj,455.571,44.1,5.28571,7294796.286
31-05-2020 02:15,z9Y9gH1T5YWrNuG,0,0,0,7127597.000
16-05-2020 04:45,wCURE6d3bPkepu2,0,0,0,6788927.000
03-06-2020 07:30,zVJPv84UY57bAof,2784.25,273.087,166.75,7255383.750
15-06-2020 19:00,YxYtjZvoooNbGkE,0,0,6633,7413335.000
19-05-2020 11:00,3PZuoBAID5Wc2HD,9996.88,976.237,2131,7016049.000
16-06-2020 19:00,ZoEaEvLYb1n2sOq,0,0,6191,7335882.000
29-05-2020 06:30,rGa61gmuvPhdLxV,997.143,96.8857,19.2857,7214834.286
15-05-2020 11:45,zVJPv84UY57bAof,6012,589.086,2254,7118405.000
13-06-2020 17:15,bvBOhCH3iADSZry,1678.5,164.387,7772.12,6517551.125
21-05-2020 16:00,WRmjgnKYAwPKWDb,4026.88,395.562,7262.75,7076987.750
03-06-2020 02:30,bvBOhCH3iADSZry,0,0,0,6445487.000
14-06-2020 12:00,ih0vzX44oOqAx2f,7419,726.414,3314.86,6403832.857
18-05-2020 20:45,sjndEbLyjtCKgGv,0,0,5351,7042405.000
18-05-2020 20:15,McdE0feGgRqW7Ca,0,0,5464,7185091.000
16-06-2020 03:00,rGa61gmuvPhdLxV,0,0,0,7344704.000
17-06-2020 22:00,wCURE6d3bPkepu2,0,0,5883,7028601.000
13-06-2020 08:45,sjndEbLyjtCKgGv,7179.12,702.975,864.25,7227965.250
14-06-2020 06:00,1BY6WEcLGh8j5v7,51.2857,4.94286,0,6463663.000
18-05-2020 10:30,3PZuoBAID5Wc2HD,3242.57,318.557,748.857,7009231.857
02-06-2020 11:00,rGa61gmuvPhdLxV,9703.86,948.586,2667.71,7244636.714
24-05-2020 20:30,sjndEbLyjtCKgGv,0,0,7902,7089351.000
29-05-2020 21:45,ZoEaEvLYb1n2sOq,0,0,0,7209600.000
10-06-2020 23:45,McdE0feGgRqW7Ca,0,0,4718.57,7361623.000
28-05-2020 14:45,McdE0feGgRqW7Ca,8832.38,862.837,6990.25,7263379.250
27-05-2020 16:00,1BY6WEcLGh8j5v7,6064.62,594.225,5654.38,6349323.375
03-06-2020 13:00,WRmjgnKYAwPKWDb,10663.8,1041.58,4385.12,7171302.125
26-05-2020 13:15,adLQvlD726eNBSB,10723,1046.62,5556.75,6360850.750
01-06-2020 14:15,VHMLBKoKgIrUVDU,3329.75,326.325,5167.88,7339572.875
23-05-2020 01:15,iCRJl6heRkivqQ3,0,0,0,7234593.000
20-05-2020 19:30,1BY6WEcLGh8j5v7,0,0,8249,6298346.000
12-06-2020 14:15,WRmjgnKYAwPKWDb,7030.14,688.5,4419.86,7237405.857
15-06-2020 23:30,ih0vzX44oOqAx2f,0,0,6564,6414247.000
05-06-2020 04:30,adLQvlD726eNBSB,0,0,0,6430581.000
02-06-2020 07:00,wCURE6d3bPkepu2,1749.29,171.186,61,6915405.000
27-05-2020 12:15,rGa61gmuvPhdLxV,7618.71,745.3,3775,7203644.000
04-06-2020 01:00,1IF53ai7Xc0U56Y,0,0,0,6332659.000
11-06-2020 11:30,adLQvlD726eNBSB,7498.43,734.157,1935.43,6478879.429
24-05-2020 10:00,3PZuoBAID5Wc2HD,6621.43,648.557,1783.71,7055051.714
18-05-2020 03:00,McdE0feGgRqW7Ca,0,0,0,7179627.000
13-06-2020 09:15,iCRJl6heRkivqQ3,8282.38,810.325,1217.5,7392576.500
16-05-2020 04:30,ZoEaEvLYb1n2sOq,0,0,0,7104360.000
07-06-2020 07:45,zBIq5rxdHJRwDNY,2516.88,246.838,231.625,6506959.625
16-05-2020 09:45,McdE0feGgRqW7Ca,7223.29,707.286,1353.57,7166788.571
15-05-2020 11:00,z9Y9gH1T5YWrNuG,9592.57,937.343,2044.57,7009910.571
12-06-2020 21:30,McdE0feGgRqW7Ca,0,0,5955,7373328.000
09-06-2020 23:45,ZnxXDlPa8U1GXgE,0,0,8074,6717772.000
26-05-2020 21:30,McdE0feGgRqW7Ca,0,0,0,7249560.000
08-06-2020 22:15,1IF53ai7Xc0U56Y,0,0,8495,6371833.000
18-05-2020 06:45,7JYdWkrLSPkdwr4,1153.62,112.162,44.25,7623107.250
07-06-2020 20:30,VHMLBKoKgIrUVDU,0,0,8219,7386208.000
16-06-2020 14:00,z9Y9gH1T5YWrNuG,6833.75,669.188,4596.38,7243780.375
23-05-2020 16:15,WRmjgnKYAwPKWDb,5184.25,508.288,7885.38,7092480.375
01-06-2020 19:30,YxYtjZvoooNbGkE,0,0,5777,7311516.000
15-05-2020 21:30,bvBOhCH3iADSZry,0,0,5707,6322510.000
27-05-2020 10:30,rGa61gmuvPhdLxV,8626.43,843.7,2095.43,7201964.429
15-05-2020 10:15,3PZuoBAID5Wc2HD,5928.86,581.1,1509,6989268.000
04-06-2020 06:30,z9Y9gH1T5YWrNuG,720.875,69.875,17.75,7155130.750
05-06-2020 02:45,ZoEaEvLYb1n2sOq,0,0,0,7251540.000
22-05-2020 15:15,sjndEbLyjtCKgGv,6125,600.2,6426.43,7072312.429
21-05-2020 10:00,ZnxXDlPa8U1GXgE,8219.83,802.783,1596.83,6565951.667
14-06-2020 07:45,wCURE6d3bPkepu2,4315.71,423.671,305.857,7002674.857
17-05-2020 10:30,1BY6WEcLGh8j5v7,10591.8,1034.71,2128.25,6273733.250
15-05-2020 00:45,ZnxXDlPa8U1GXgE,0,0,0,6522172.000
11-06-2020 09:45,iCRJl6heRkivqQ3,4830.43,473.614,821,7380600.000
18-05-2020 02:30,VHMLBKoKgIrUVDU,0,0,0,7227097.000
06-06-2020 16:15,ZoEaEvLYb1n2sOq,1491.43,145.6,6154.86,7265229.857
12-06-2020 15:00,rGa61gmuvPhdLxV,5915.71,579.657,4900,7321332.000
31-05-2020 23:30,YxYtjZvoooNbGkE,0,0,5970,7305739.000
25-05-2020 19:15,iCRJl6heRkivqQ3,0,0,8869,7260130.000
15-06-2020 08:15,1IF53ai7Xc0U56Y,8263.62,808.725,582.5,6414950.500
19-05-2020 17:45,McdE0feGgRqW7Ca,540.714,52.3857,7002.29,7192093.286
20-05-2020 04:30,3PZuoBAID5Wc2HD,0,0,0,7020512.000
18-05-2020 18:00,ZnxXDlPa8U1GXgE,434.143,41.9857,5414.86,6548152.857
16-06-2020 01:30,1IF53ai7Xc0U56Y,0,0,0,6421214.000
17-05-2020 16:15,rGa61gmuvPhdLxV,5031.33,493.367,7020,7131119.000
23-05-2020 05:00,bvBOhCH3iADSZry,0,0,0,6368908.000
07-06-2020 23:00,adLQvlD726eNBSB,0,0,8353,6453384.000
15-05-2020 20:00,YxYtjZvoooNbGkE,0,0,6291,7186257.000
22-05-2020 11:45,YxYtjZvoooNbGkE,11918.9,1162.84,2923.14,7231957.143
09-06-2020 01:00,ZnxXDlPa8U1GXgE,0,0,0,6709698.000
07-06-2020 15:45,zVJPv84UY57bAof,6941.12,679.562,7331,7292861.000
13-06-2020 00:30,1IF53ai7Xc0U56Y,0,0,0,6398227.000
30-05-2020 14:30,uHbuxQJl8lW7ozc,10719.3,1047.73,5317.43,7157249.429
17-05-2020 23:00,sjndEbLyjtCKgGv,0,0,7441,7037054.000
05-06-2020 09:15,bvBOhCH3iADSZry,8346,816.657,989.143,6461175.143
12-06-2020 21:30,adLQvlD726eNBSB,0,0,5988,6488722.000
16-05-2020 20:15,1IF53ai7Xc0U56Y,0,0,6592,6196594.000
17-06-2020 23:30,iCRJl6heRkivqQ3,0,0,5957,7426263.000
16-05-2020 08:45,iCRJl6heRkivqQ3,6524,639.057,724.429,7185134.429
31-05-2020 16:45,wCURE6d3bPkepu2,1819.71,178.357,6047.14,6909205.143
30-05-2020 10:30,zBIq5rxdHJRwDNY,5265.29,516.114,1397.14,6451302.143
30-05-2020 21:15,WRmjgnKYAwPKWDb,0,0,7130,7148029.000
31-05-2020 17:00,ih0vzX44oOqAx2f,1956.12,191.762,5815,6308082.000
15-06-2020 04:00,1IF53ai7Xc0U56Y,0,0,0,6414368.000
01-06-2020 17:15,ZoEaEvLYb1n2sOq,983.714,95.5571,5729.14,7228373.143
29-05-2020 09:00,z9Y9gH1T5YWrNuG,6972.62,682.712,807.5,7113169.500
13-06-2020 14:00,z9Y9gH1T5YWrNuG,12057.2,1176.61,6091.5,7222958.500
22-05-2020 08:45,rGa61gmuvPhdLxV,4208.5,413.25,768,7161167.000
22-05-2020 10:15,VHMLBKoKgIrUVDU,11564.1,1128.26,1679,7258040.000
13-06-2020 08:45,YxYtjZvoooNbGkE,6436.57,630.429,860.857,7391919.857
02-06-2020 02:45,iCRJl6heRkivqQ3,0,0,0,7310348.000
29-05-2020 22:45,iCRJl6heRkivqQ3,0,0,0,7291253.000
18-05-2020 07:00,zBIq5rxdHJRwDNY,1672.43,163.643,74.2857,6359731.286
11-06-2020 22:00,McdE0feGgRqW7Ca,0,0,5750,7367373.000
11-06-2020 01:45,rGa61gmuvPhdLxV,0,0,0,7310769.000
25-05-2020 06:15,wCURE6d3bPkepu2,393,38,3,6855794.000
24-05-2020 21:15,1BY6WEcLGh8j5v7,0,0,7537,6327940.000
10-06-2020 19:30,rGa61gmuvPhdLxV,0,0,6565,7310769.000
17-06-2020 12:30,sjndEbLyjtCKgGv,9188.62,898.163,3426.38,7259220.375
21-05-2020 15:30,1BY6WEcLGh8j5v7,6464.5,633.275,6624.75,6304970.750
23-05-2020 19:30,McdE0feGgRqW7Ca,0,0,8684,7224636.000
22-05-2020 23:30,WRmjgnKYAwPKWDb,0,0,7237,7084595.000
12-06-2020 22:45,McdE0feGgRqW7Ca,0,0,5955,7373328.000
19-05-2020 10:45,3PZuoBAID5Wc2HD,8634.71,844.043,1908.57,7015826.571
22-05-2020 11:15,sjndEbLyjtCKgGv,7573.12,740.438,2365.38,7068251.375
08-06-2020 01:45,zBIq5rxdHJRwDNY,0,0,0,6514911.000
08-06-2020 23:15,YxYtjZvoooNbGkE,0,0,8343,7365310.000
25-05-2020 17:30,iCRJl6heRkivqQ3,702.857,68.1,8832.14,7260093.143
21-05-2020 16:45,zBIq5rxdHJRwDNY,2473.14,242.614,7631.14,6388493.143
01-06-2020 07:45,sjndEbLyjtCKgGv,4836,474.214,356.571,7142598.571
27-05-2020 14:00,3PZuoBAID5Wc2HD,4402.75,432.262,4909.75,7083620.750
06-06-2020 16:15,WRmjgnKYAwPKWDb,1488.57,145.343,6196,7196466.000
20-05-2020 19:00,YxYtjZvoooNbGkE,0,0,8818,7221294.000
14-06-2020 15:15,bvBOhCH3iADSZry,9140,893.862,3098.88,6520740.875
31-05-2020 04:00,sjndEbLyjtCKgGv,0,0,0,7136255.000
16-05-2020 18:45,bvBOhCH3iADSZry,0,0,6138,6328648.000
22-05-2020 10:45,adLQvlD726eNBSB,9119.12,890.913,2093.75,6323666.750
09-06-2020 16:30,ZnxXDlPa8U1GXgE,5252.88,514.9,7631.5,6717329.500
15-06-2020 10:00,1BY6WEcLGh8j5v7,7887.75,772.075,1857.5,6469532.500
25-05-2020 15:15,YxYtjZvoooNbGkE,8971.38,877.638,7836.5,7260487.500
06-06-2020 18:00,1IF53ai7Xc0U56Y,241.375,23.2875,6536,6355093.000
07-06-2020 02:45,ih0vzX44oOqAx2f,0,0,0,6350673.000
17-05-2020 08:15,bvBOhCH3iADSZry,4846.88,475.288,463.875,6329111.875
24-05-2020 12:45,sjndEbLyjtCKgGv,12097.1,1179.89,4530,7085979.000
07-06-2020 07:15,zBIq5rxdHJRwDNY,1840.62,180.438,128.625,6506856.625
16-06-2020 23:30,1BY6WEcLGh8j5v7,0,0,5848,6479798.000
20-05-2020 04:15,1IF53ai7Xc0U56Y,0,0,0,6216430.000
29-05-2020 08:15,adLQvlD726eNBSB,4511,442.657,436.429,6379445.429
03-06-2020 19:15,adLQvlD726eNBSB,0,0,7991,6422267.000
01-06-2020 20:30,VHMLBKoKgIrUVDU,0,0,5909,7340314.000
21-05-2020 11:15,zBIq5rxdHJRwDNY,12138.4,1184.22,2947.38,6383809.375
23-05-2020 07:15,z9Y9gH1T5YWrNuG,2139.14,209.6,79.7143,7064298.714
06-06-2020 05:30,VHMLBKoKgIrUVDU,0,0,0,7371554.000
04-06-2020 05:45,3PZuoBAID5Wc2HD,0,0,0,7136488.000
04-06-2020 01:45,adLQvlD726eNBSB,0,0,0,6422267.000
26-05-2020 19:15,3PZuoBAID5Wc2HD,0,0,0,7078711.000
19-05-2020 04:15,rGa61gmuvPhdLxV,0,0,0,7136902.000
17-06-2020 23:15,zVJPv84UY57bAof,0,0,5910,7363272.000
28-05-2020 15:30,McdE0feGgRqW7Ca,8386.43,820.686,7706.71,7264095.714
16-05-2020 09:45,wCURE6d3bPkepu2,7072.71,692.614,1317.86,6790244.857
08-06-2020 08:15,YxYtjZvoooNbGkE,3283.88,322.812,434,7357401.000
08-06-2020 00:00,iCRJl6heRkivqQ3,0,0,0,7356511.000
16-05-2020 14:00,1BY6WEcLGh8j5v7,6122.57,599.814,4787.29,6270100.286
17-05-2020 21:00,McdE0feGgRqW7Ca,0,0,7606,7179627.000
07-06-2020 16:00,ih0vzX44oOqAx2f,7113,696.529,7305.57,6357978.571
20-05-2020 19:45,ZnxXDlPa8U1GXgE,0,0,8909,6564045.000
26-05-2020 12:30,adLQvlD726eNBSB,8109,792.314,4815.43,6360109.429
07-06-2020 10:45,sjndEbLyjtCKgGv,13209.7,1287.93,2154.43,7187810.429
15-06-2020 14:15,rGa61gmuvPhdLxV,6184.43,605.086,5098.29,7343070.286
22-05-2020 11:45,iCRJl6heRkivqQ3,12815.6,1249.91,2934,7230376.000
30-05-2020 22:45,ih0vzX44oOqAx2f,0,0,7146,6302267.000
16-06-2020 02:45,zVJPv84UY57bAof,0,0,0,7351100.000
03-06-2020 21:30,1BY6WEcLGh8j5v7,0,0,7341,6397809.000
08-06-2020 01:30,WRmjgnKYAwPKWDb,0,0,0,7204682.000
31-05-2020 20:00,VHMLBKoKgIrUVDU,0,0,6076,7334405.000
15-06-2020 21:00,zVJPv84UY57bAof,0,0,6820,7351100.000
18-05-2020 17:15,1IF53ai7Xc0U56Y,1684.86,164.929,5371.43,6209724.429
22-05-2020 11:00,YxYtjZvoooNbGkE,6797.86,665.214,2210.29,7231244.286
22-05-2020 08:45,ih0vzX44oOqAx2f,3848.86,378.086,741.286,6234284.286
16-05-2020 09:30,McdE0feGgRqW7Ca,6050.12,592.812,1196.25,7166631.250
16-06-2020 06:30,VHMLBKoKgIrUVDU,706.125,68.4625,11.5,7443880.500
19-05-2020 10:30,zVJPv84UY57bAof,7223.29,706.714,1764.29,7143169.286
06-06-2020 10:30,wCURE6d3bPkepu2,7746.38,756.35,2128.75,6948897.750
11-06-2020 04:30,z9Y9gH1T5YWrNuG,0,0,0,7205465.000
02-06-2020 20:45,VHMLBKoKgIrUVDU,0,0,0,7347744.000
29-05-2020 14:45,z9Y9gH1T5YWrNuG,8720.88,853.25,6551.5,7118913.500
21-05-2020 16:45,wCURE6d3bPkepu2,2444,239.757,7707.57,6831951.571
03-06-2020 16:00,3PZuoBAID5Wc2HD,5894,577.671,7270,7135884.000
06-06-2020 02:30,7JYdWkrLSPkdwr4,0,0,0,7764140.000
28-05-2020 08:15,bvBOhCH3iADSZry,5443.88,533.575,517.375,6406350.375
06-06-2020 21:00,1IF53ai7Xc0U56Y,0,0,6542,6355099.000
30-05-2020 03:30,pkci93gMrogZuBj,0,0,0,7281535.000
19-05-2020 20:30,McdE0feGgRqW7Ca,0,0,7007,7192098.000
09-06-2020 08:00,WRmjgnKYAwPKWDb,5666,555.386,399.143,7213400.143
28-05-2020 11:00,ih0vzX44oOqAx2f,10885.6,1062.09,2954.86,6281809.857
01-06-2020 22:00,adLQvlD726eNBSB,0,0,6127,6406831.000
18-05-2020 07:30,iCRJl6heRkivqQ3,3512.29,345,207,7198574.000
19-05-2020 01:15,7JYdWkrLSPkdwr4,0,0,0,7628372.000
13-06-2020 18:15,iCRJl6heRkivqQ3,298.625,28.8375,8490.88,7399849.875
04-06-2020 12:00,1IF53ai7Xc0U56Y,11078,1081.41,3690,6336349.000
15-06-2020 23:30,z9Y9gH1T5YWrNuG,0,0,6716,7239184.000
20-05-2020 19:00,pkci93gMrogZuBj,0,0,8849,7210198.000
16-05-2020 22:00,zBIq5rxdHJRwDNY,0,0,6374,6352150.000
17-06-2020 08:15,YxYtjZvoooNbGkE,3779.38,371.387,385.25,7419941.250
17-06-2020 23:00,7JYdWkrLSPkdwr4,0,0,5856,7846821.000
19-05-2020 17:00,McdE0feGgRqW7Ca,2717.25,266.7,6886,7191977.000
27-05-2020 09:15,rGa61gmuvPhdLxV,8636.29,845.029,1189.29,7201058.286
31-05-2020 10:00,wCURE6d3bPkepu2,7130.14,698,1472.57,6904630.571
16-06-2020 16:45,McdE0feGgRqW7Ca,2293,224.825,6154.25,7402384.250
22-05-2020 06:30,zBIq5rxdHJRwDNY,896.5,87.0625,28.75,6388627.750
18-05-2020 00:15,iCRJl6heRkivqQ3,0,0,0,7198367.000
04-06-2020 00:45,3PZuoBAID5Wc2HD,0,0,0,7136488.000
16-06-2020 16:15,wCURE6d3bPkepu2,3528.38,346.625,5931.12,7022375.125
13-06-2020 17:15,zBIq5rxdHJRwDNY,1757.29,172.257,8336.29,6557723.286
17-06-2020 16:00,zVJPv84UY57bAof,3269.62,321.25,5556.88,7362918.875
19-05-2020 21:00,7JYdWkrLSPkdwr4,0,0,6836,7635208.000
31-05-2020 10:15,uHbuxQJl8lW7ozc,9430.43,921.057,1603.43,7160875.429
19-05-2020 05:45,3PZuoBAID5Wc2HD,0,0,0,7013918.000
16-06-2020 12:00,WRmjgnKYAwPKWDb,3443.88,338.275,3374,7264689.000
17-06-2020 14:00,3PZuoBAID5Wc2HD,6091.25,596.763,4796,7236169.000
30-05-2020 14:30,McdE0feGgRqW7Ca,10849.4,1060.34,5327.57,7278540.571
04-06-2020 05:15,McdE0feGgRqW7Ca,0,0,0,7308369.000
24-05-2020 12:45,rGa61gmuvPhdLxV,11698.3,1141.17,4431.86,7179724.857
13-06-2020 12:15,WRmjgnKYAwPKWDb,11717.8,1143.2,4465.25,7243245.250
26-05-2020 20:00,McdE0feGgRqW7Ca,0,0,0,7249560.000
05-06-2020 09:15,adLQvlD726eNBSB,9011.57,881.343,1160,6431741.000
12-06-2020 21:15,1IF53ai7Xc0U56Y,0,0,5903,6398227.000
16-06-2020 20:00,uHbuxQJl8lW7ozc,0,0,6292,7281035.000
13-06-2020 13:30,7JYdWkrLSPkdwr4,7705,754.263,5777.88,7818194.875
25-05-2020 21:30,1IF53ai7Xc0U56Y,0,0,9048,6266528.000
07-06-2020 20:00,adLQvlD726eNBSB,0,0,8353,6453384.000
05-06-2020 20:00,VHMLBKoKgIrUVDU,0,0,0,7371554.000
20-05-2020 00:00,1BY6WEcLGh8j5v7,0,0,806.125,6290097.000
16-05-2020 23:30,rGa61gmuvPhdLxV,0,0,6233,7124099.000
04-06-2020 11:00,YxYtjZvoooNbGkE,10351.3,1010.94,2547.14,7329303.143
21-05-2020 14:30,ZnxXDlPa8U1GXgE,8358.5,817.125,6413.25,6570458.250
04-06-2020 11:45,ZnxXDlPa8U1GXgE,9926.71,969.943,3314.71,6674198.714
06-06-2020 20:45,pkci93gMrogZuBj,0,0,0,7337918.000
27-05-2020 05:15,wCURE6d3bPkepu2,0,0,0,6872485.000
22-05-2020 15:45,1BY6WEcLGh8j5v7,4687.14,459.886,6460.71,6312049.714
15-05-2020 23:00,ih0vzX44oOqAx2f,0,0,0,6191360.000
17-06-2020 12:00,adLQvlD726eNBSB,11742.2,1145.88,2918.25,6521316.250
13-06-2020 08:30,wCURE6d3bPkepu2,6800.86,666.114,685.857,6994593.857
17-06-2020 12:00,VHMLBKoKgIrUVDU,11310.9,1104.21,2861.25,7453062.250
09-06-2020 18:30,1BY6WEcLGh8j5v7,85.4286,8.21429,7455.14,6439069.143
01-06-2020 01:45,wCURE6d3bPkepu2,0,0,0,6909405.000
25-05-2020 11:15,adLQvlD726eNBSB,12567.2,1225.28,3523.5,6349654.500
16-05-2020 07:30,1BY6WEcLGh8j5v7,2322.14,227.7,157.429,6265470.429
30-05-2020 14:15,1BY6WEcLGh8j5v7,10641.1,1040.11,4687.5,6370061.500
15-06-2020 02:15,uHbuxQJl8lW7ozc,0,0,0,7267837.000
22-05-2020 13:15,7JYdWkrLSPkdwr4,11912.1,1162.26,4564.14,7656199.143
15-06-2020 04:30,1BY6WEcLGh8j5v7,0,0,0,6467675.000
22-05-2020 00:45,ZnxXDlPa8U1GXgE,0,0,0,6571864.000
06-06-2020 23:30,McdE0feGgRqW7Ca,0,0,0,7331160.000
04-06-2020 04:15,McdE0feGgRqW7Ca,0,0,0,7308369.000
02-06-2020 08:00,ZoEaEvLYb1n2sOq,3823,375.371,268.857,7228708.857
12-06-2020 12:30,3PZuoBAID5Wc2HD,7207.62,705.788,3066.88,7199252.875
26-05-2020 03:00,uHbuxQJl8lW7ozc,0,0,0,7120696.000
17-05-2020 10:00,McdE0feGgRqW7Ca,10128.9,990.125,1833.12,7173854.125
12-06-2020 12:30,YxYtjZvoooNbGkE,7024.38,687.925,2993.62,7388272.625
23-05-2020 22:30,ZoEaEvLYb1n2sOq,0,0,8471,7162184.000
16-05-2020 21:00,bvBOhCH3iADSZry,0,0,6138,6328648.000
10-06-2020 04:45,YxYtjZvoooNbGkE,0,0,0,7373268.000
15-06-2020 17:45,wCURE6d3bPkepu2,1257.57,122.5,6712.43,7016410.429
07-06-2020 06:00,adLQvlD726eNBSB,80,7.72857,0.285714,6445031.286
18-05-2020 01:45,bvBOhCH3iADSZry,0,0,0,6335576.000
02-06-2020 07:30,VHMLBKoKgIrUVDU,2146.86,210.471,154.571,7340468.571
10-06-2020 19:30,ZoEaEvLYb1n2sOq,0,0,6392,7296071.000
25-05-2020 04:00,adLQvlD726eNBSB,0,0,0,6346131.000
21-05-2020 13:30,McdE0feGgRqW7Ca,9585,935.857,5595.43,7206657.429
10-06-2020 21:00,zVJPv84UY57bAof,0,0,6560,7317016.000
15-05-2020 02:45,zVJPv84UY57bAof,0,0,0,7116151.000
05-06-2020 08:00,YxYtjZvoooNbGkE,2724,267.314,281.571,7335167.571
05-06-2020 17:15,3PZuoBAID5Wc2HD,3715.12,364.775,7561.5,7152264.500
12-06-2020 17:00,iCRJl6heRkivqQ3,1947.71,190.943,5693,7391164.000
23-05-2020 23:00,1IF53ai7Xc0U56Y,0,0,8673,6249207.000
07-06-2020 09:15,1IF53ai7Xc0U56Y,8509.62,832.663,993,6356092.000
12-06-2020 18:15,McdE0feGgRqW7Ca,376,36.3429,5948.57,7373321.571
24-05-2020 21:15,WRmjgnKYAwPKWDb,0,0,8091,7101117.000
07-06-2020 15:00,z9Y9gH1T5YWrNuG,10007.3,977.329,4897,7182186.000
14-06-2020 15:30,adLQvlD726eNBSB,6939.57,679.486,6845.43,6504341.429
08-06-2020 07:15,ZoEaEvLYb1n2sOq,1825.86,178.843,121.714,7273574.714
03-06-2020 07:15,uHbuxQJl8lW7ozc,2236.43,219.257,106,7178511.000
04-06-2020 11:30,1BY6WEcLGh8j5v7,8034.71,786.386,2851.57,6400660.571
16-05-2020 05:30,VHMLBKoKgIrUVDU,0,0,0,7212666.000
16-05-2020 06:15,VHMLBKoKgIrUVDU,357.375,34.525,4,7212670.000
10-06-2020 05:00,1BY6WEcLGh8j5v7,0,0,0,6439070.000
29-05-2020 10:00,rGa61gmuvPhdLxV,8670.5,848.1,1614.12,7216429.125
07-06-2020 20:15,wCURE6d3bPkepu2,0,0,6433,6959527.000
17-05-2020 18:00,sjndEbLyjtCKgGv,315.625,30.5125,7434.62,7037047.625
25-05-2020 01:30,zVJPv84UY57bAof,0,0,0,7188796.000
30-05-2020 00:30,wCURE6d3bPkepu2,0,0,0,6895880.000
25-05-2020 22:15,rGa61gmuvPhdLxV,0,0,8807,7192102.000
13-06-2020 06:15,zVJPv84UY57bAof,349.714,33.8286,5.14286,7328555.143
30-05-2020 00:45,pkci93gMrogZuBj,0,0,0,7281535.000
03-06-2020 09:15,7JYdWkrLSPkdwr4,6339,621.014,961.286,7741834.286
04-06-2020 22:30,uHbuxQJl8lW7ozc,0,0,0,7194535.000
17-05-2020 08:45,zBIq5rxdHJRwDNY,7387.86,723.357,759.714,6352909.714
10-06-2020 16:15,zVJPv84UY57bAof,5259.5,515.6,6135.62,7316591.625
12-06-2020 17:45,adLQvlD726eNBSB,1542.62,150.613,5938.38,6488672.375
23-05-2020 23:15,wCURE6d3bPkepu2,0,0,8605,6847830.000
14-06-2020 04:30,ZnxXDlPa8U1GXgE,0,0,0,6744343.000
16-06-2020 14:30,adLQvlD726eNBSB,10757.4,1050.13,5062.57,6517064.571
16-06-2020 09:30,VHMLBKoKgIrUVDU,7485.29,732.871,1228.29,7445097.286
06-06-2020 14:45,ih0vzX44oOqAx2f,2358.88,231.312,5536.12,6350012.125
22-05-2020 23:45,McdE0feGgRqW7Ca,0,0,0,7215952.000
09-06-2020 09:45,uHbuxQJl8lW7ozc,9191,898.462,1775.62,7227329.625
01-06-2020 00:30,uHbuxQJl8lW7ozc,0,0,0,7165353.000
21-05-2020 13:45,ZoEaEvLYb1n2sOq,10623.4,1036.81,5579,7144647.000
27-05-2020 19:30,rGa61gmuvPhdLxV,0,0,0,7206549.000
27-05-2020 02:45,iCRJl6heRkivqQ3,0,0,0,7267996.000
08-06-2020 00:30,uHbuxQJl8lW7ozc,0,0,0,7217149.000
22-05-2020 10:30,wCURE6d3bPkepu2,6233.14,610.186,1837.71,6833892.714
23-05-2020 02:00,1IF53ai7Xc0U56Y,0,0,0,6240534.000
27-05-2020 15:45,z9Y9gH1T5YWrNuG,5880,576.043,5979.14,7103162.143
23-05-2020 00:15,YxYtjZvoooNbGkE,0,0,0,7236121.000
08-06-2020 08:15,3PZuoBAID5Wc2HD,3473,341.4,465,7167689.000
10-06-2020 07:45,pkci93gMrogZuBj,4037.14,396.671,293.286,7363009.286
06-06-2020 05:30,ZoEaEvLYb1n2sOq,0,0,0,7259075.000
28-05-2020 18:30,rGa61gmuvPhdLxV,72.4286,6.95714,8265.14,7214814.143
03-06-2020 00:30,ZoEaEvLYb1n2sOq,0,0,0,7235727.000
15-05-2020 04:15,z9Y9gH1T5YWrNuG,0,0,0,7007866.000
09-06-2020 07:45,adLQvlD726eNBSB,2738.86,268.914,324.714,6462328.714
03-06-2020 02:00,wCURE6d3bPkepu2,0,0,0,6922869.000
09-06-2020 06:00,VHMLBKoKgIrUVDU,153.143,14.7571,0.714286,7394696.714
22-05-2020 09:15,1BY6WEcLGh8j5v7,5106.43,500.6,953.714,6306542.714
26-05-2020 01:15,z9Y9gH1T5YWrNuG,0,0,0,7089440.000
26-05-2020 10:00,WRmjgnKYAwPKWDb,10701.6,1045.97,2047.71,7112043.714
15-05-2020 18:30,rGa61gmuvPhdLxV,0,0,6373,7117866.000
07-06-2020 21:30,3PZuoBAID5Wc2HD,0,0,8242,7167224.000
03-06-2020 17:45,YxYtjZvoooNbGkE,1291.75,125.812,7783.12,7326712.125
13-06-2020 11:15,bvBOhCH3iADSZry,11911.8,1161.67,3028.38,6512807.375
04-06-2020 11:15,zVJPv84UY57bAof,9387.14,916.914,2874.14,7265927.143
18-05-2020 11:30,uHbuxQJl8lW7ozc,5357.88,525.175,1323.38,7060116.375
04-06-2020 03:00,adLQvlD726eNBSB,0,0,0,6422267.000
12-06-2020 05:45,YxYtjZvoooNbGkE,0,0,0,7385279.000
31-05-2020 02:00,zVJPv84UY57bAof,0,0,0,7235977.000
17-06-2020 13:30,z9Y9gH1T5YWrNuG,8768.25,857.812,4199.75,7249584.750
05-06-2020 02:00,wCURE6d3bPkepu2,0,0,0,6939021.000
21-05-2020 11:15,WRmjgnKYAwPKWDb,13109.2,1278.14,3061.62,7072786.625
11-06-2020 09:45,ih0vzX44oOqAx2f,4680.14,459.143,801.857,6381833.857
13-06-2020 18:30,ZoEaEvLYb1n2sOq,65.125,6.2875,8377.5,7315762.500
24-05-2020 18:00,WRmjgnKYAwPKWDb,598.429,57.9286,8071,7101097.000
20-05-2020 05:15,adLQvlD726eNBSB,0,0,0,6304513.000
18-05-2020 14:15,ih0vzX44oOqAx2f,4798.86,470.8,3617.14,6208818.143
20-05-2020 13:00,z9Y9gH1T5YWrNuG,11524.4,1124.79,5401,7045866.000
18-05-2020 21:00,rGa61gmuvPhdLxV,0,0,5365,7136902.000
20-05-2020 10:30,zVJPv84UY57bAof,10994.1,1074.42,2427,7150764.000
21-05-2020 22:30,1BY6WEcLGh8j5v7,0,0,7243,6305589.000
12-06-2020 05:15,zBIq5rxdHJRwDNY,0,0,0,6543550.000
20-05-2020 06:00,ih0vzX44oOqAx2f,99.8571,9.64286,0.285714,6217277.286
29-05-2020 06:15,wCURE6d3bPkepu2,527.333,51.0667,2.33333,6887711.333
24-05-2020 22:30,3PZuoBAID5Wc2HD,0,0,8300,7061568.000
29-05-2020 09:30,rGa61gmuvPhdLxV,6912.88,676.913,1226.25,7216041.250
17-05-2020 06:30,7JYdWkrLSPkdwr4,441,42.6375,6.75,7615543.750
14-06-2020 10:00,McdE0feGgRqW7Ca,8463.71,828.214,1672.14,7383595.143
17-06-2020 11:15,1BY6WEcLGh8j5v7,7522.75,736.525,1985.75,6481783.750
09-06-2020 12:00,wCURE6d3bPkepu2,9848.57,961.586,3929.43,6971899.429
06-06-2020 12:15,wCURE6d3bPkepu2,9313.86,909.657,3626,6950395.000
02-06-2020 19:30,zBIq5rxdHJRwDNY,0,0,7421,6476454.000
09-06-2020 10:00,sjndEbLyjtCKgGv,6249,611.771,1913.71,7202838.714
09-06-2020 00:30,1BY6WEcLGh8j5v7,0,0,0,6431614.000
10-06-2020 18:45,7JYdWkrLSPkdwr4,0,0,6362,7801091.000
10-06-2020 02:15,ZoEaEvLYb1n2sOq,0,0,0,7289679.000
21-05-2020 19:30,zVJPv84UY57bAof,0,0,7944,7165123.000
12-06-2020 09:15,z9Y9gH1T5YWrNuG,5973.43,585.3,618.286,7211682.286
28-05-2020 18:30,iCRJl6heRkivqQ3,52,5,8345,7283037.000
01-06-2020 09:15,adLQvlD726eNBSB,6419.29,628.871,1370.43,6402074.429
15-05-2020 05:15,ZnxXDlPa8U1GXgE,0,0,0,6522172.000
13-06-2020 07:45,zVJPv84UY57bAof,4211.57,413.714,284.857,7328834.857
23-05-2020 20:30,YxYtjZvoooNbGkE,0,0,8559,7244680.000
15-06-2020 10:45,YxYtjZvoooNbGkE,8553.88,836.263,2684.62,7409386.625
20-05-2020 20:15,ZnxXDlPa8U1GXgE,0,0,8909,6564045.000
10-06-2020 11:30,sjndEbLyjtCKgGv,10554,1030.23,2508.29,7211603.286
26-05-2020 04:00,3PZuoBAID5Wc2HD,0,0,0,7070636.000
17-05-2020 10:30,7JYdWkrLSPkdwr4,10010.9,978.214,2267,7617804.000
12-06-2020 07:45,wCURE6d3bPkepu2,1293.71,125.886,115.286,6988169.286
09-06-2020 07:15,ZoEaEvLYb1n2sOq,2557.57,250.786,150.714,7281874.714
16-06-2020 00:15,wCURE6d3bPkepu2,0,0,0,7016444.000
16-06-2020 15:00,pkci93gMrogZuBj,4308,422.843,5282.14,7408499.143
10-06-2020 09:15,iCRJl6heRkivqQ3,8069.71,789.771,1016.57,7374236.571
01-06-2020 03:45,zVJPv84UY57bAof,0,0,0,7242024.000
20-05-2020 02:45,1BY6WEcLGh8j5v7,0,0,0,6290097.000
06-06-2020 05:15,sjndEbLyjtCKgGv,0,0,0,7179277.000
31-05-2020 00:15,3PZuoBAID5Wc2HD,0,0,0,7109488.000
24-05-2020 01:30,bvBOhCH3iADSZry,0,0,0,6376772.000
27-05-2020 14:30,YxYtjZvoooNbGkE,9880.29,965.314,5241.86,7274574.857
04-06-2020 10:15,bvBOhCH3iADSZry,6683.38,654.175,1658.88,6454382.875
30-05-2020 08:30,wCURE6d3bPkepu2,3556.57,349.629,475.714,6896355.714
19-05-2020 14:00,wCURE6d3bPkepu2,9482.86,927.457,4805.86,6813198.857
16-05-2020 10:15,ih0vzX44oOqAx2f,7136.88,698.75,1676.62,6193036.625
18-05-2020 01:30,ih0vzX44oOqAx2f,0,0,0,6205201.000
09-06-2020 15:00,ZoEaEvLYb1n2sOq,8101.71,792.914,6483.43,7288207.429
25-05-2020 02:30,rGa61gmuvPhdLxV,0,0,0,7183295.000
02-06-2020 13:00,ZnxXDlPa8U1GXgE,12785.2,1246.96,4475.38,6659918.375
12-06-2020 06:45,McdE0feGgRqW7Ca,725,70.2875,22,7367395.000
15-05-2020 11:30,ZnxXDlPa8U1GXgE,6904.57,676.071,2281.14,6524453.143
13-06-2020 01:00,YxYtjZvoooNbGkE,0,0,0,7391059.000
31-05-2020 04:30,YxYtjZvoooNbGkE,0,0,0,7299769.000
17-06-2020 00:45,3PZuoBAID5Wc2HD,0,0,0,7231373.000
27-05-2020 09:00,YxYtjZvoooNbGkE,8382.86,820.343,1009.86,7270342.857
15-05-2020 13:30,pkci93gMrogZuBj,7972.12,780.325,3991.12,7173093.125
14-06-2020 23:45,7JYdWkrLSPkdwr4,0,0,7306,7828158.000
16-06-2020 09:45,ZnxXDlPa8U1GXgE,8921,872.688,1416.5,6759920.500
27-05-2020 03:15,1BY6WEcLGh8j5v7,0,0,0,6343669.000
03-06-2020 14:45,adLQvlD726eNBSB,11173.1,1091.01,6293.71,6420569.714
13-06-2020 02:30,iCRJl6heRkivqQ3,0,0,0,7391359.000
16-06-2020 03:45,3PZuoBAID5Wc2HD,0,0,0,7225042.000
12-06-2020 21:45,adLQvlD726eNBSB,0,0,5988,6488722.000
19-05-2020 22:00,bvBOhCH3iADSZry,0,0,6369,6346907.000
07-06-2020 03:45,iCRJl6heRkivqQ3,0,0,0,7348234.000
31-05-2020 21:45,wCURE6d3bPkepu2,0,0,6247,6909405.000
23-05-2020 02:15,sjndEbLyjtCKgGv,0,0,0,7072962.000
02-06-2020 11:15,ih0vzX44oOqAx2f,6838,669.643,2908.57,6316891.571
16-05-2020 08:15,ih0vzX44oOqAx2f,4711.75,462.175,434.75,6191794.750
16-06-2020 14:15,1IF53ai7Xc0U56Y,4473.38,439.087,4827.75,6426041.750
25-05-2020 17:45,bvBOhCH3iADSZry,457.875,44.2875,8102.88,6392314.875
23-05-2020 18:45,iCRJl6heRkivqQ3,0,0,8627,7243220.000
28-05-2020 19:15,z9Y9gH1T5YWrNuG,0,0,8477,7112362.000
22-05-2020 23:30,bvBOhCH3iADSZry,0,0,6760,6368908.000
21-05-2020 14:15,1IF53ai7Xc0U56Y,8614.5,841.638,6243.38,6231670.375
01-06-2020 17:30,1BY6WEcLGh8j5v7,656.125,63.5375,5466.38,6383397.375
06-06-2020 12:00,ZoEaEvLYb1n2sOq,8113.57,792.671,3372.14,7262447.143
29-05-2020 17:45,rGa61gmuvPhdLxV,938.143,91.1,8235.86,7223050.857
16-05-2020 15:30,3PZuoBAID5Wc2HD,5218.71,511.586,6071.43,7000104.429
22-05-2020 00:00,1IF53ai7Xc0U56Y,0,0,0,6233247.000
23-05-2020 15:45,bvBOhCH3iADSZry,7076.43,693,7017,6375925.000
30-05-2020 10:15,McdE0feGgRqW7Ca,4520.71,443.729,1289,7274502.000
06-06-2020 06:15,ZnxXDlPa8U1GXgE,428.75,41.475,7,6686706.000
19-05-2020 17:30,ih0vzX44oOqAx2f,1242.12,120.812,6761,6217248.000
31-05-2020 09:30,z9Y9gH1T5YWrNuG,9648.12,943.15,1157.25,7128754.250
27-05-2020 00:45,sjndEbLyjtCKgGv,0,0,0,7105889.000
28-05-2020 21:15,uHbuxQJl8lW7ozc,0,0,8374,7143632.000
22-05-2020 08:30,rGa61gmuvPhdLxV,2570.14,252.014,670,7161069.000
26-05-2020 14:30,VHMLBKoKgIrUVDU,8159.38,797.913,6526.25,7296051.250
08-06-2020 02:00,3PZuoBAID5Wc2HD,0,0,0,7167224.000
04-06-2020 23:00,z9Y9gH1T5YWrNuG,0,0,0,7163262.000
19-05-2020 03:45,YxYtjZvoooNbGkE,0,0,0,7205598.000
17-06-2020 22:00,McdE0feGgRqW7Ca,0,0,5992,7408587.000
18-05-2020 20:45,z9Y9gH1T5YWrNuG,0,0,5347,7033573.000
31-05-2020 23:45,pkci93gMrogZuBj,0,0,5915,7294791.000
20-05-2020 05:30,YxYtjZvoooNbGkE,0,0,0,7212476.000
22-05-2020 15:15,McdE0feGgRqW7Ca,5913.29,579.557,6242.57,7215297.571
14-06-2020 19:00,McdE0feGgRqW7Ca,0,0,7435,7389358.000
23-05-2020 08:00,ih0vzX44oOqAx2f,4400.62,432,320.875,6240863.875
15-06-2020 10:30,1IF53ai7Xc0U56Y,10915.9,1065.11,2582.29,6416950.286
21-05-2020 20:15,ZnxXDlPa8U1GXgE,0,0,0,6571864.000
22-05-2020 11:30,zBIq5rxdHJRwDNY,12225.4,1192.74,2608.86,6391207.857
14-06-2020 18:45,ih0vzX44oOqAx2f,0,0,7165,6407683.000
02-06-2020 08:00,1BY6WEcLGh8j5v7,4657.86,456.9,272,6383711.000
22-05-2020 05:30,z9Y9gH1T5YWrNuG,0,0,0,7057147.000
17-05-2020 13:45,sjndEbLyjtCKgGv,7522.12,735.975,5308.5,7034921.500
10-06-2020 22:00,iCRJl6heRkivqQ3,0,0,6559,7379779.000
04-06-2020 18:00,wCURE6d3bPkepu2,891.714,86.5429,8227.29,6939003.286
15-05-2020 07:45,bvBOhCH3iADSZry,1890.12,185.3,207.625,6317010.625
16-06-2020 15:00,uHbuxQJl8lW7ozc,4321.29,424.243,5310,7280053.000
13-06-2020 17:00,wCURE6d3bPkepu2,1597.57,156.314,8320,7002228.000
13-06-2020 08:00,YxYtjZvoooNbGkE,5123,502.225,400.25,7391459.250
21-05-2020 18:45,iCRJl6heRkivqQ3,0,0,7837,7227442.000
08-06-2020 02:00,WRmjgnKYAwPKWDb,0,0,0,7204682.000
27-05-2020 00:30,1IF53ai7Xc0U56Y,0,0,0,6274638.000
09-06-2020 11:30,wCURE6d3bPkepu2,8295.14,810.929,3407.57,6971377.571
17-06-2020 19:45,rGa61gmuvPhdLxV,0,0,5950,7356897.000
06-06-2020 22:45,wCURE6d3bPkepu2,0,0,0,6953094.000
27-05-2020 04:30,z9Y9gH1T5YWrNuG,0,0,0,7097183.000
11-06-2020 08:45,VHMLBKoKgIrUVDU,3468.86,341.014,415.143,7409710.143
07-06-2020 02:30,VHMLBKoKgIrUVDU,0,0,0,7377989.000
18-05-2020 10:30,rGa61gmuvPhdLxV,3216,315.887,736.75,7132273.750
08-06-2020 03:00,iCRJl6heRkivqQ3,0,0,0,7356511.000
05-06-2020 00:15,ZnxXDlPa8U1GXgE,0,0,0,6679062.000
18-05-2020 22:15,WRmjgnKYAwPKWDb,0,0,5348,7054452.000
24-05-2020 02:45,iCRJl6heRkivqQ3,0,0,0,7243220.000
31-05-2020 19:15,WRmjgnKYAwPKWDb,0,0,5837,7153866.000
08-06-2020 05:30,ih0vzX44oOqAx2f,0,0,0,6358692.000
24-05-2020 03:00,7JYdWkrLSPkdwr4,0,0,0,7667220.000
24-05-2020 20:45,7JYdWkrLSPkdwr4,0,0,8021,7675241.000
20-05-2020 03:15,wCURE6d3bPkepu2,0,0,0,6815349.000
27-05-2020 15:00,pkci93gMrogZuBj,6145.12,601.987,5476.38,7263770.375
18-05-2020 16:00,ZnxXDlPa8U1GXgE,6085.14,596.243,4916.86,6547654.857
07-06-2020 20:30,WRmjgnKYAwPKWDb,0,0,8071,7204682.000
03-06-2020 01:30,zVJPv84UY57bAof,0,0,0,7255217.000
17-06-2020 12:45,ih0vzX44oOqAx2f,9663.86,944.7,3560.43,6423931.429
11-06-2020 06:00,ZnxXDlPa8U1GXgE,0,0,0,6724210.000
26-05-2020 12:00,7JYdWkrLSPkdwr4,10425,1017.34,4081.62,7688101.625
12-06-2020 18:00,ZnxXDlPa8U1GXgE,871.5,84.625,5861.25,6735763.250
07-06-2020 02:15,ZoEaEvLYb1n2sOq,0,0,0,7265368.000
07-06-2020 11:15,McdE0feGgRqW7Ca,14091.7,1373.93,2826.57,7333986.571
25-05-2020 04:00,uHbuxQJl8lW7ozc,0,0,0,7111852.000
24-05-2020 23:45,wCURE6d3bPkepu2,0,0,3411.86,6855791.000
13-06-2020 23:45,1IF53ai7Xc0U56Y,0,0,8654,6406881.000
12-06-2020 20:45,pkci93gMrogZuBj,0,0,5851,7380807.000
17-05-2020 23:30,pkci93gMrogZuBj,0,0,7397,7189047.000
30-05-2020 09:15,sjndEbLyjtCKgGv,5669.86,555.729,756.429,7129785.429
05-06-2020 11:45,uHbuxQJl8lW7ozc,13590.7,1325.07,3502.57,7198037.571
01-06-2020 18:30,zVJPv84UY57bAof,24,2.325,5742,7247766.000
10-06-2020 09:30,7JYdWkrLSPkdwr4,9168,896.743,1249.43,7795978.429
25-05-2020 19:45,pkci93gMrogZuBj,0,0,8812,7250519.000
16-05-2020 04:00,ih0vzX44oOqAx2f,0,0,0,6191360.000
30-05-2020 02:45,VHMLBKoKgIrUVDU,0,0,0,7321059.000
14-06-2020 13:15,ZnxXDlPa8U1GXgE,11373.1,1110.25,4425.5,6748768.500
15-05-2020 06:45,McdE0feGgRqW7Ca,1331.86,129.886,38.7143,7159002.714
17-05-2020 18:45,bvBOhCH3iADSZry,0,0,6928,6335576.000
08-06-2020 04:00,zBIq5rxdHJRwDNY,0,0,0,6514911.000
16-06-2020 00:45,YxYtjZvoooNbGkE,0,0,0,7413335.000
22-05-2020 17:45,uHbuxQJl8lW7ozc,504.143,48.7571,7261.86,7095237.857
09-06-2020 06:00,McdE0feGgRqW7Ca,172.25,16.6375,1.375,7346783.375
04-06-2020 02:30,sjndEbLyjtCKgGv,0,0,0,7163293.000
28-05-2020 11:45,WRmjgnKYAwPKWDb,13077.1,1275.01,3986.75,7128524.750
17-06-2020 19:15,ZnxXDlPa8U1GXgE,0,0,5929,6770737.000
15-06-2020 01:00,rGa61gmuvPhdLxV,0,0,0,7337972.000
15-05-2020 10:00,bvBOhCH3iADSZry,5785.12,567.062,1173.25,6317976.250
03-06-2020 19:00,sjndEbLyjtCKgGv,0,0,7846,7163293.000
08-06-2020 20:15,rGa61gmuvPhdLxV,0,0,8291,7295964.000
22-05-2020 04:15,ZoEaEvLYb1n2sOq,0,0,0,7146685.000
09-06-2020 08:45,3PZuoBAID5Wc2HD,7927,775.663,914.25,7176647.250
25-05-2020 03:15,bvBOhCH3iADSZry,0,0,0,6384212.000
15-06-2020 13:30,1IF53ai7Xc0U56Y,3583.88,351.775,4936.25,6419304.250
04-06-2020 06:45,ih0vzX44oOqAx2f,1198,116.529,42.5714,6329052.571
21-05-2020 18:00,VHMLBKoKgIrUVDU,328.286,31.7,7834.14,7256358.143
11-06-2020 13:15,uHbuxQJl8lW7ozc,7367.62,721.362,3232.88,7243740.875
21-05-2020 15:30,z9Y9gH1T5YWrNuG,7504.88,734.725,7221,7056482.000
04-06-2020 23:45,1BY6WEcLGh8j5v7,0,0,7571,6405380.000
01-06-2020 14:00,z9Y9gH1T5YWrNuG,3199.14,313.471,5175.86,7139072.857
14-06-2020 12:00,zBIq5rxdHJRwDNY,7329.71,717.686,3409.86,6561231.857
16-05-2020 13:15,iCRJl6heRkivqQ3,10772.6,1052.58,4225.75,7188635.750
28-05-2020 21:30,3PZuoBAID5Wc2HD,0,0,8528,7093979.000
13-06-2020 10:45,wCURE6d3bPkepu2,11670.1,1138.19,2590.14,6996498.143
23-05-2020 01:30,sjndEbLyjtCKgGv,0,0,0,7072962.000
05-06-2020 21:00,1BY6WEcLGh8j5v7,0,0,7162,6412542.000
12-06-2020 16:30,bvBOhCH3iADSZry,2536.14,248.714,5084.71,6509491.714
08-06-2020 11:30,3PZuoBAID5Wc2HD,10953.4,1069.24,3675.88,7170899.875
12-06-2020 18:30,3PZuoBAID5Wc2HD,80.2857,7.75714,5899.86,7202085.857
17-06-2020 02:15,7JYdWkrLSPkdwr4,0,0,0,7840965.000
10-06-2020 17:00,3PZuoBAID5Wc2HD,2396.14,234.957,6377.43,7190296.429
02-06-2020 01:45,WRmjgnKYAwPKWDb,0,0,0,7159700.000
20-05-2020 01:15,ZoEaEvLYb1n2sOq,0,0,0,7130332.000
10-06-2020 09:30,1BY6WEcLGh8j5v7,8517.38,833.4,1155,6440225.000
23-05-2020 08:45,iCRJl6heRkivqQ3,7652.43,749.171,830.429,7235423.429
10-06-2020 18:30,zVJPv84UY57bAof,0,0,6560,7317016.000
12-06-2020 10:45,VHMLBKoKgIrUVDU,6773.29,663.386,1629,7416640.000
21-05-2020 23:30,bvBOhCH3iADSZry,0,0,7110,6362148.000
07-06-2020 08:15,VHMLBKoKgIrUVDU,3589.43,352.829,394.571,7378383.571
16-06-2020 14:30,wCURE6d3bPkepu2,9896.62,966.675,4944.75,7021388.750
25-05-2020 16:15,wCURE6d3bPkepu2,4437.25,435.525,8625.5,6864416.500
10-06-2020 13:00,zBIq5rxdHJRwDNY,10293.4,1005.26,4148.14,6535553.143
01-06-2020 14:30,rGa61gmuvPhdLxV,5308.14,520.4,5016.14,7241348.143
14-06-2020 15:00,3PZuoBAID5Wc2HD,8781.25,858.475,6334.25,7217053.250
17-05-2020 08:45,pkci93gMrogZuBj,7345,719.171,749.571,7182399.571
12-06-2020 05:00,1IF53ai7Xc0U56Y,0,0,0,6392324.000
04-06-2020 20:15,wCURE6d3bPkepu2,0,0,0,6939021.000
29-05-2020 17:30,7JYdWkrLSPkdwr4,1243.38,121.05,7956.75,7714784.750
11-06-2020 22:15,sjndEbLyjtCKgGv,0,0,5654,7221254.000
18-05-2020 21:15,WRmjgnKYAwPKWDb,0,0,5348,7054452.000
14-06-2020 10:30,1IF53ai7Xc0U56Y,11588.9,1131.33,2137.38,6409018.375
05-06-2020 09:00,ZoEaEvLYb1n2sOq,6629.86,649.014,864.714,7252404.714
14-06-2020 18:15,WRmjgnKYAwPKWDb,246.5,23.7875,7400.25,7254579.250
07-06-2020 17:15,zBIq5rxdHJRwDNY,3528.88,346.675,8033.62,6514761.625
11-06-2020 06:30,McdE0feGgRqW7Ca,369.125,35.6875,6.75,7361629.750
08-06-2020 05:30,uHbuxQJl8lW7ozc,0,0,0,7217149.000
10-06-2020 19:00,wCURE6d3bPkepu2,0,0,6423,6982403.000
20-05-2020 17:30,sjndEbLyjtCKgGv,1863,182.6,8706,7057990.000
11-06-2020 06:45,7JYdWkrLSPkdwr4,526.429,50.9286,18.5714,7801109.571
24-05-2020 11:15,bvBOhCH3iADSZry,10768.7,1051.1,2809,6379581.000
29-05-2020 09:30,zVJPv84UY57bAof,6624.75,648.862,1219.12,7221692.125
28-05-2020 11:30,YxYtjZvoooNbGkE,12949,1262.54,3530.86,7279559.857
03-06-2020 06:15,WRmjgnKYAwPKWDb,336.625,32.5,3.75,7166920.750
22-05-2020 00:45,YxYtjZvoooNbGkE,0,0,0,7229034.000
17-05-2020 16:15,ZnxXDlPa8U1GXgE,4629.14,454.386,7172.57,6542324.571
05-06-2020 20:45,McdE0feGgRqW7Ca,0,0,7920,7324681.000
19-05-2020 21:45,sjndEbLyjtCKgGv,0,0,6879,7049284.000
04-06-2020 05:45,iCRJl6heRkivqQ3,0,0,0,7325696.000
16-06-2020 07:15,3PZuoBAID5Wc2HD,2422.12,237.575,108.375,7225150.375
06-06-2020 00:30,zVJPv84UY57bAof,0,0,0,7279090.000
24-05-2020 06:15,VHMLBKoKgIrUVDU,418.75,40.475,6.5,7272338.500
11-06-2020 15:45,z9Y9gH1T5YWrNuG,6243.71,611.7,4948,7210413.000
27-05-2020 14:30,ZnxXDlPa8U1GXgE,10276.1,1003.6,5267.43,6617916.429
18-05-2020 05:45,McdE0feGgRqW7Ca,0,0,0,7179627.000
20-05-2020 21:15,pkci93gMrogZuBj,0,0,8849,7210198.000
22-05-2020 11:00,zVJPv84UY57bAof,8366,817.757,2202.14,7167325.143
25-05-2020 11:15,McdE0feGgRqW7Ca,12380.7,1207.09,3371.29,7236062.286
15-06-2020 16:15,VHMLBKoKgIrUVDU,2506.5,245.863,6384,7443439.000
10-06-2020 18:00,ZnxXDlPa8U1GXgE,568.714,55.0571,6428.57,6724200.571
31-05-2020 04:30,adLQvlD726eNBSB,0,0,0,6394771.000
17-05-2020 20:30,1BY6WEcLGh8j5v7,0,0,7045,6278650.000
16-05-2020 18:15,z9Y9gH1T5YWrNuG,123.143,11.8714,6487.43,7020739.429
22-05-2020 15:30,ZnxXDlPa8U1GXgE,4200.38,412.163,6730.88,6578594.875
06-06-2020 18:30,adLQvlD726eNBSB,0,0,6603,6445031.000
27-05-2020 11:30,1IF53ai7Xc0U56Y,13073.5,1274.67,3151.5,6277789.500
26-05-2020 17:00,WRmjgnKYAwPKWDb,3887.88,381.35,7779.38,7117775.375
24-05-2020 15:45,pkci93gMrogZuBj,2914.12,285.887,7362.88,7241037.875
13-06-2020 06:15,1IF53ai7Xc0U56Y,381.857,36.8857,5.71429,6398232.714
11-06-2020 01:15,pkci93gMrogZuBj,0,0,0,7369294.000
16-05-2020 12:15,ZoEaEvLYb1n2sOq,7674.25,751.237,3258.62,7107618.625
25-05-2020 10:15,1IF53ai7Xc0U56Y,11394.9,1112.91,2295.38,6259775.375
23-05-2020 12:30,WRmjgnKYAwPKWDb,12230,1193.11,4620.25,7089215.250
07-06-2020 04:45,ZnxXDlPa8U1GXgE,0,0,0,6693054.000
12-06-2020 06:45,ZoEaEvLYb1n2sOq,678,65.6875,19.25,7301651.250
06-06-2020 11:30,bvBOhCH3iADSZry,8105.86,791.929,2896.43,6470147.429
06-06-2020 20:30,YxYtjZvoooNbGkE,0,0,0,7348812.000
24-05-2020 07:45,ih0vzX44oOqAx2f,3887.57,382.014,278.429,6249216.429
04-06-2020 00:30,zVJPv84UY57bAof,0,0,0,7263053.000
05-06-2020 23:15,adLQvlD726eNBSB,0,0,0,6438428.000
14-06-2020 08:30,ZnxXDlPa8U1GXgE,4791.62,486.114,612.714,6744955.714
22-05-2020 15:30,zVJPv84UY57bAof,4478.12,439.462,6638.75,7171761.750
17-05-2020 01:45,rGa61gmuvPhdLxV,0,0,0,7124099.000
08-06-2020 05:30,wCURE6d3bPkepu2,0,0,0,6959527.000
09-06-2020 11:00,iCRJl6heRkivqQ3,13702.7,1336,3025.43,7367980.429
18-05-2020 15:00,VHMLBKoKgIrUVDU,7890.43,772.357,4244.57,7231341.571
26-05-2020 18:15,McdE0feGgRqW7Ca,0,0,7911,7249560.000
29-05-2020 09:45,z9Y9gH1T5YWrNuG,8649.14,846.143,1377.57,7113739.571
23-05-2020 19:45,3PZuoBAID5Wc2HD,0,0,8652,7053268.000
16-05-2020 02:30,ih0vzX44oOqAx2f,0,0,0,6191360.000
20-05-2020 10:00,bvBOhCH3iADSZry,9438.38,923.175,1786,6348693.000
18-05-2020 18:15,adLQvlD726eNBSB,191,18.4,5504.29,6297814.286
02-06-2020 12:15,zBIq5rxdHJRwDNY,9530.86,931.729,3617.71,6472650.714
24-05-2020 19:00,zBIq5rxdHJRwDNY,0,0,7277,6411758.000
29-05-2020 11:00,bvBOhCH3iADSZry,10364.7,1012.76,2467.86,6416052.857
12-06-2020 03:15,VHMLBKoKgIrUVDU,0,0,0,7415011.000
17-06-2020 22:45,wCURE6d3bPkepu2,0,0,5883,7028601.000
24-05-2020 23:45,uHbuxQJl8lW7ozc,0,0,8106,7111852.000
14-06-2020 19:15,ZnxXDlPa8U1GXgE,0,0,7404,6751747.000
09-06-2020 23:45,1IF53ai7Xc0U56Y,0,0,8189,6380022.000
15-05-2020 12:45,z9Y9gH1T5YWrNuG,9541.29,931.957,3489.71,7011355.714
19-05-2020 10:00,sjndEbLyjtCKgGv,6086.57,596.429,1352.57,7043757.571
29-05-2020 12:45,rGa61gmuvPhdLxV,12530.4,1221.72,4736.88,7219551.875
21-05-2020 19:30,bvBOhCH3iADSZry,0,0,7110,6362148.000
05-06-2020 08:00,1BY6WEcLGh8j5v7,2653.5,260.363,266.5,6405646.500
22-05-2020 08:00,uHbuxQJl8lW7ozc,4770.25,467.975,459.25,7088435.250
08-06-2020 01:15,ZoEaEvLYb1n2sOq,0,0,0,7273453.000
28-05-2020 09:45,sjndEbLyjtCKgGv,9555.29,934.443,1726.71,7114291.714
10-06-2020 20:15,WRmjgnKYAwPKWDb,0,0,6389,7227367.000
26-05-2020 16:45,3PZuoBAID5Wc2HD,5792.43,567.671,7837.14,7078473.143
31-05-2020 13:15,WRmjgnKYAwPKWDb,7018,686.357,4195.29,7152224.286
30-05-2020 09:00,wCURE6d3bPkepu2,3766.43,370.129,645.429,6896525.429
01-06-2020 21:00,VHMLBKoKgIrUVDU,0,0,5909,7340314.000
22-05-2020 22:30,7JYdWkrLSPkdwr4,0,0,7135,7658770.000
30-05-2020 03:30,ZnxXDlPa8U1GXgE,0,0,0,6636066.000
23-05-2020 10:15,McdE0feGgRqW7Ca,8906.43,870.9,2155.43,7218107.429
15-05-2020 15:00,ZoEaEvLYb1n2sOq,5021.86,492.629,5140.71,7103239.714
12-06-2020 09:30,ZnxXDlPa8U1GXgE,5331.75,522.638,757.625,6730659.625
05-06-2020 18:30,bvBOhCH3iADSZry,84.2857,8.14286,7064.43,6467250.429
09-06-2020 14:45,uHbuxQJl8lW7ozc,8869.86,867.571,6568.86,7232122.857
16-05-2020 05:45,VHMLBKoKgIrUVDU,0,0,0,7212666.000
27-05-2020 03:00,1IF53ai7Xc0U56Y,0,0,0,6274638.000
06-06-2020 12:15,adLQvlD726eNBSB,8437.5,824.513,3883.12,6442311.125
20-05-2020 05:00,zBIq5rxdHJRwDNY,0,0,0,6371971.000
19-05-2020 14:15,pkci93gMrogZuBj,9002.38,880.45,5053.88,7199464.875
05-06-2020 19:45,YxYtjZvoooNbGkE,0,0,7603,7342489.000
15-06-2020 23:15,iCRJl6heRkivqQ3,0,0,6777,7414001.000
10-06-2020 09:30,bvBOhCH3iADSZry,7761.75,759.688,1146.5,6494493.500
15-06-2020 22:30,pkci93gMrogZuBj,0,0,6795,7403217.000
24-05-2020 03:45,7JYdWkrLSPkdwr4,0,0,0,7667220.000
07-06-2020 19:15,pkci93gMrogZuBj,0,0,8214,7346132.000
16-06-2020 15:45,adLQvlD726eNBSB,4981,488.486,5817.14,6517819.143
30-05-2020 19:30,3PZuoBAID5Wc2HD,0,0,7299,7109488.000
04-06-2020 02:15,bvBOhCH3iADSZry,0,0,0,6452724.000
03-06-2020 21:00,adLQvlD726eNBSB,0,0,7991,6422267.000
05-06-2020 22:00,zVJPv84UY57bAof,0,0,7817,7279090.000
03-06-2020 10:15,zVJPv84UY57bAof,6206.62,608.075,1539.75,7256756.750
28-05-2020 00:45,sjndEbLyjtCKgGv,0,0,0,7112565.000
06-06-2020 01:45,YxYtjZvoooNbGkE,0,0,0,7342489.000
11-06-2020 05:45,uHbuxQJl8lW7ozc,0,0,0,7240508.000
28-05-2020 01:30,ih0vzX44oOqAx2f,0,0,0,6278855.000
24-05-2020 14:00,zBIq5rxdHJRwDNY,10388.1,1015.53,5500.14,6409981.143
03-06-2020 01:00,YxYtjZvoooNbGkE,0,0,0,7318929.000
11-06-2020 01:30,uHbuxQJl8lW7ozc,0,0,0,7240508.000
04-06-2020 10:00,sjndEbLyjtCKgGv,9804.71,957.614,1621.29,7164914.286
26-05-2020 12:15,WRmjgnKYAwPKWDb,11345.6,1106.96,4419.12,7114415.125
17-06-2020 19:15,1IF53ai7Xc0U56Y,0,0,6034,6433566.000
31-05-2020 13:15,adLQvlD726eNBSB,7320.43,715.829,4295.71,6399066.714
08-06-2020 00:00,1BY6WEcLGh8j5v7,0,0,752.571,6423750.000
16-06-2020 18:30,1BY6WEcLGh8j5v7,75.4286,7.27143,5847.86,6479797.857
19-05-2020 17:30,VHMLBKoKgIrUVDU,1270.62,123.612,6959.5,7239513.500
30-05-2020 08:00,3PZuoBAID5Wc2HD,3186.57,312.957,299.429,7102488.429
15-05-2020 11:15,1IF53ai7Xc0U56Y,6082.38,595.925,2194.12,6185839.125
25-05-2020 22:45,bvBOhCH3iADSZry,0,0,8124,6392336.000
09-06-2020 08:00,YxYtjZvoooNbGkE,5102.38,500.262,369.5,7365679.500
29-05-2020 14:15,bvBOhCH3iADSZry,8123.71,795.057,5617,6419202.000
24-05-2020 00:00,z9Y9gH1T5YWrNuG,0,0,2135.75,7072762.000
14-06-2020 17:00,1IF53ai7Xc0U56Y,1842.12,180.575,7364.5,6414245.500
10-06-2020 19:00,YxYtjZvoooNbGkE,0,0,6419,7379687.000
18-05-2020 03:45,1BY6WEcLGh8j5v7,0,0,0,6278650.000
31-05-2020 01:45,wCURE6d3bPkepu2,0,0,0,6903158.000
18-05-2020 17:30,1IF53ai7Xc0U56Y,1166.62,113.45,5406.12,6209759.125
10-06-2020 13:30,z9Y9gH1T5YWrNuG,11703.7,1141.8,4542.86,7203595.857
04-06-2020 07:00,VHMLBKoKgIrUVDU,1938.29,190,80.5714,7355741.571
07-06-2020 13:45,1BY6WEcLGh8j5v7,1134.71,111.486,3636.57,6422118.571
31-05-2020 10:45,iCRJl6heRkivqQ3,9312.86,910.043,2199.43,7300797.429
19-05-2020 11:00,McdE0feGgRqW7Ca,11280.1,1100.64,2179.71,7187270.714
11-06-2020 20:15,McdE0feGgRqW7Ca,0,0,5750,7367373.000
23-05-2020 02:15,WRmjgnKYAwPKWDb,0,0,0,7084595.000
21-05-2020 15:15,WRmjgnKYAwPKWDb,5600,548.971,6830.14,7076555.143
15-05-2020 05:45,ih0vzX44oOqAx2f,0,0,0,6185184.000
21-05-2020 11:00,VHMLBKoKgIrUVDU,12141.3,1184.54,2789.71,7251313.714
27-05-2020 12:15,McdE0feGgRqW7Ca,10288.7,1005.53,3983.43,7253543.429
02-06-2020 08:15,WRmjgnKYAwPKWDb,8129.5,795.587,410.625,7160110.625
22-05-2020 12:15,uHbuxQJl8lW7ozc,11632.1,1135.19,3580,7091556.000
15-06-2020 15:45,zVJPv84UY57bAof,5856.86,573.929,6253.43,7350533.429
07-06-2020 00:30,wCURE6d3bPkepu2,0,0,0,6953094.000
22-05-2020 05:30,VHMLBKoKgIrUVDU,0,0,0,7256361.000
17-06-2020 18:00,wCURE6d3bPkepu2,600.714,58.1429,5866.57,7028584.571
23-05-2020 01:15,bvBOhCH3iADSZry,0,0,0,6368908.000
10-06-2020 13:15,WRmjgnKYAwPKWDb,7635.43,746.914,4277.14,7225255.143
16-06-2020 21:30,zVJPv84UY57bAof,0,0,6262,7357362.000
17-05-2020 10:45,bvBOhCH3iADSZry,11185.4,1093.01,2349,6330997.000
15-06-2020 06:15,uHbuxQJl8lW7ozc,460.571,44.5571,6.71429,7267843.714
18-05-2020 15:30,z9Y9gH1T5YWrNuG,7624.43,746.386,4522.14,7032748.143
16-05-2020 08:30,uHbuxQJl8lW7ozc,6091.71,596.886,578.857,7045646.857
11-06-2020 13:45,wCURE6d3bPkepu2,6442.71,631.157,3502,6985905.000
16-06-2020 07:30,rGa61gmuvPhdLxV,2809,275.488,168.125,7344872.125
29-05-2020 17:00,uHbuxQJl8lW7ozc,3333.25,327.525,8135.62,7151767.625
05-06-2020 02:45,1BY6WEcLGh8j5v7,0,0,0,6405380.000
16-06-2020 01:15,uHbuxQJl8lW7ozc,0,0,0,7274743.000
19-05-2020 22:30,sjndEbLyjtCKgGv,0,0,6879,7049284.000
30-05-2020 21:45,1IF53ai7Xc0U56Y,0,0,7332,6305543.000
02-06-2020 22:15,rGa61gmuvPhdLxV,0,0,7361,7249330.000
24-05-2020 22:45,1BY6WEcLGh8j5v7,0,0,7537,6327940.000
21-05-2020 15:00,wCURE6d3bPkepu2,10640.8,1039.75,6803.75,6831047.750
08-06-2020 08:00,zBIq5rxdHJRwDNY,3937.14,386.786,341.571,6515252.571
02-06-2020 12:45,VHMLBKoKgIrUVDU,11171.3,1091.09,4123.86,7344437.857
23-05-2020 17:45,iCRJl6heRkivqQ3,1601.14,156.786,8560.29,7243153.286
29-05-2020 19:30,3PZuoBAID5Wc2HD,0,0,8210,7102189.000
27-05-2020 13:15,zBIq5rxdHJRwDNY,4561.29,447.5,4418,6432120.000
10-06-2020 11:30,VHMLBKoKgIrUVDU,7337.29,717.957,2566.57,7405382.571
25-05-2020 14:45,7JYdWkrLSPkdwr4,8959.14,876.3,7364.86,7682605.857
27-05-2020 21:30,sjndEbLyjtCKgGv,0,0,0,7112565.000
08-06-2020 18:00,3PZuoBAID5Wc2HD,749.75,72.7,8487,7175711.000
02-06-2020 08:45,sjndEbLyjtCKgGv,7521.12,736.263,880.75,7148888.750
23-05-2020 10:30,VHMLBKoKgIrUVDU,9013.62,881.288,2392,7266113.000
21-05-2020 11:45,VHMLBKoKgIrUVDU,12288.8,1198.84,3727.88,7252251.875
27-05-2020 20:00,rGa61gmuvPhdLxV,0,0,0,7206549.000
11-06-2020 21:45,zBIq5rxdHJRwDNY,0,0,5647,6543550.000
07-06-2020 16:30,7JYdWkrLSPkdwr4,3298.43,323.686,7631.14,7778088.143
16-05-2020 22:45,uHbuxQJl8lW7ozc,0,0,6271,7051339.000
06-06-2020 05:15,McdE0feGgRqW7Ca,0,0,0,7324681.000
05-06-2020 22:45,uHbuxQJl8lW7ozc,0,0,7838,7202373.000
02-06-2020 23:30,ZoEaEvLYb1n2sOq,0,0,7287,7235727.000
23-05-2020 04:30,McdE0feGgRqW7Ca,0,0,0,7215952.000
16-05-2020 15:45,ZoEaEvLYb1n2sOq,3813.29,374.714,5921,7110281.000
08-06-2020 13:00,1BY6WEcLGh8j5v7,9730.88,950.263,4726.12,6428476.125
23-05-2020 11:30,7JYdWkrLSPkdwr4,13032.1,1270.66,3351.43,7662121.429
17-06-2020 10:00,WRmjgnKYAwPKWDb,6264,613.686,1284.86,7268863.857
02-06-2020 16:00,1BY6WEcLGh8j5v7,6637,649.957,6506.14,6389945.143
07-06-2020 11:15,sjndEbLyjtCKgGv,13735,1339.17,2768.43,7188424.429
15-06-2020 08:30,wCURE6d3bPkepu2,7820.12,765.462,734.875,7010432.875
02-06-2020 02:30,YxYtjZvoooNbGkE,0,0,0,7311516.000
18-05-2020 05:30,YxYtjZvoooNbGkE,0,0,0,7200229.000
28-05-2020 01:45,7JYdWkrLSPkdwr4,0,0,0,7698550.000
31-05-2020 21:15,1IF53ai7Xc0U56Y,0,0,5889,6311432.000
06-06-2020 11:15,ZoEaEvLYb1n2sOq,10718,1046.12,2874.75,7261949.750
17-06-2020 07:45,zBIq5rxdHJRwDNY,3678,361.486,211.143,6577763.143
20-05-2020 03:45,3PZuoBAID5Wc2HD,0,0,0,7020512.000
16-06-2020 08:45,sjndEbLyjtCKgGv,5876,575.8,735,7250274.000
16-05-2020 12:45,bvBOhCH3iADSZry,10950.4,1070.17,3603.71,6326113.714
29-05-2020 16:30,pkci93gMrogZuBj,4252.75,417.562,7930.88,7281188.875
23-05-2020 02:15,1BY6WEcLGh8j5v7,0,0,0,6312437.000
02-06-2020 00:15,z9Y9gH1T5YWrNuG,0,0,0,7139828.000
20-05-2020 05:30,sjndEbLyjtCKgGv,0,0,0,7049284.000
09-06-2020 04:30,1IF53ai7Xc0U56Y,0,0,0,6371833.000
25-05-2020 16:15,pkci93gMrogZuBj,4224,414.825,8581.75,7250288.750
01-06-2020 22:45,YxYtjZvoooNbGkE,0,0,5777,7311516.000
02-06-2020 19:00,bvBOhCH3iADSZry,0,0,6842,6445487.000
10-06-2020 17:45,bvBOhCH3iADSZry,1090.71,106.029,5836.57,6499183.571
18-05-2020 18:15,zVJPv84UY57bAof,189.857,18.3143,5387.43,7141402.429
29-05-2020 10:30,VHMLBKoKgIrUVDU,12421.8,1211.44,2162.5,7315049.500
17-06-2020 19:15,ih0vzX44oOqAx2f,0,0,5758,6426129.000
01-06-2020 08:15,YxYtjZvoooNbGkE,5956,583.663,632.25,7306371.250
15-05-2020 13:30,iCRJl6heRkivqQ3,8068.71,789.786,4039.86,7182031.857
15-06-2020 18:45,bvBOhCH3iADSZry,0,0,6192,6527792.000
02-06-2020 20:15,zBIq5rxdHJRwDNY,0,0,7421,6476454.000
19-05-2020 05:30,uHbuxQJl8lW7ozc,0,0,0,7064201.000
03-06-2020 07:15,McdE0feGgRqW7Ca,2222.38,217.887,106.5,7300465.500
10-06-2020 04:45,rGa61gmuvPhdLxV,0,0,0,7304204.000
16-05-2020 14:15,zBIq5rxdHJRwDNY,8731,854.25,4932.75,6350708.750
05-06-2020 12:30,WRmjgnKYAwPKWDb,3676.57,361.343,3837.86,7186502.857
18-05-2020 05:30,pkci93gMrogZuBj,0,0,0,7189047.000
16-06-2020 12:30,zVJPv84UY57bAof,6688.29,654.971,3621.43,7354721.429
16-06-2020 04:30,zBIq5rxdHJRwDNY,0,0,0,6571833.000
01-06-2020 02:30,iCRJl6heRkivqQ3,0,0,0,7304567.000
03-06-2020 00:15,pkci93gMrogZuBj,0,0,0,7307650.000
03-06-2020 02:15,1BY6WEcLGh8j5v7,0,0,0,6390468.000
22-05-2020 14:00,7JYdWkrLSPkdwr4,10066.5,982.337,5324.62,7656959.625
15-06-2020 12:30,McdE0feGgRqW7Ca,5675.12,556.2,4261.5,7393619.500
25-05-2020 18:30,VHMLBKoKgIrUVDU,28,2.7,9013,7289525.000
28-05-2020 20:15,z9Y9gH1T5YWrNuG,0,0,8477,7112362.000
15-06-2020 02:15,WRmjgnKYAwPKWDb,0,0,0,7254584.000
31-05-2020 12:00,WRmjgnKYAwPKWDb,6737.12,659.675,3105,7151134.000
18-05-2020 17:00,wCURE6d3bPkepu2,2249.38,220.55,5263.38,6808263.375
26-05-2020 04:45,VHMLBKoKgIrUVDU,0,0,0,7289525.000
11-06-2020 14:00,3PZuoBAID5Wc2HD,6806.86,666.643,3731.43,7194200.429
08-06-2020 01:00,ih0vzX44oOqAx2f,0,0,0,6358692.000
15-05-2020 14:45,iCRJl6heRkivqQ3,7290.43,713.271,5114.14,7183106.143
16-06-2020 13:30,bvBOhCH3iADSZry,7705,754.186,3992.14,6531784.143
01-06-2020 09:45,uHbuxQJl8lW7ozc,6909.62,676.525,1554.75,7166907.750
09-06-2020 15:45,McdE0feGgRqW7Ca,7842.25,767.675,7317.25,7354099.250
26-05-2020 21:15,YxYtjZvoooNbGkE,0,0,0,7269333.000
23-05-2020 17:00,YxYtjZvoooNbGkE,3389.5,333.262,8309.25,7244430.250
30-05-2020 02:00,ih0vzX44oOqAx2f,0,0,0,6295121.000
17-06-2020 15:45,bvBOhCH3iADSZry,1302.29,126.957,5079.86,6538628.857
26-05-2020 21:30,pkci93gMrogZuBj,0,0,0,7258294.000
06-06-2020 22:00,uHbuxQJl8lW7ozc,0,0,0,7208855.000
23-05-2020 07:45,McdE0feGgRqW7Ca,3715.57,365.171,233.571,7216185.571
08-06-2020 12:00,pkci93gMrogZuBj,10012.5,978.938,4044,7350176.000
15-05-2020 14:30,zBIq5rxdHJRwDNY,7498.62,733.388,4924,6344304.000
06-06-2020 03:00,z9Y9gH1T5YWrNuG,0,0,0,7171001.000
15-05-2020 05:15,bvBOhCH3iADSZry,0,0,0,6316803.000
29-05-2020 11:00,iCRJl6heRkivqQ3,11797,1150.93,2724.57,7285761.571
13-06-2020 19:30,7JYdWkrLSPkdwr4,0,0,8435,7820852.000
08-06-2020 21:00,7JYdWkrLSPkdwr4,0,0,8283,7786793.000
13-06-2020 11:15,z9Y9gH1T5YWrNuG,12947,1262.36,3128.71,7219995.714
12-06-2020 05:30,pkci93gMrogZuBj,0,0,0,7374956.000
02-06-2020 05:45,McdE0feGgRqW7Ca,0,0,0,7292752.000
14-06-2020 23:00,1BY6WEcLGh8j5v7,0,0,4012,6467675.000
12-06-2020 04:15,zBIq5rxdHJRwDNY,0,0,0,6543550.000
07-06-2020 16:45,ZnxXDlPa8U1GXgE,5098.75,499.837,7861.75,6700915.750
29-05-2020 21:15,VHMLBKoKgIrUVDU,0,0,8172,7321059.000
01-06-2020 23:00,zBIq5rxdHJRwDNY,0,0,5794,6469033.000
02-06-2020 06:00,pkci93gMrogZuBj,43.5714,4.2,0.428571,7300300.429
09-06-2020 17:00,z9Y9gH1T5YWrNuG,3238.29,318.329,7401.71,7198825.714
03-06-2020 12:15,ZoEaEvLYb1n2sOq,9980,975.812,3471.88,7239198.875
25-05-2020 01:00,ih0vzX44oOqAx2f,0,0,0,6256494.000
26-05-2020 19:30,7JYdWkrLSPkdwr4,0,0,0,7691912.000
25-05-2020 14:00,zBIq5rxdHJRwDNY,11030.9,1078,6291.5,6418049.500
08-06-2020 09:45,ZoEaEvLYb1n2sOq,11379.4,1110.9,1575.12,7275028.125
10-06-2020 17:45,rGa61gmuvPhdLxV,1207,117.4,6536.14,7310740.143
19-05-2020 13:00,YxYtjZvoooNbGkE,9759,953.929,3889.14,7209487.143
06-06-2020 04:45,1BY6WEcLGh8j5v7,0,0,0,6412542.000
04-06-2020 21:30,uHbuxQJl8lW7ozc,0,0,0,7194535.000
29-05-2020 08:45,wCURE6d3bPkepu2,5532.29,542.229,660.429,6888369.429
15-05-2020 10:00,WRmjgnKYAwPKWDb,6619.25,648.275,1329.75,7030002.750
30-05-2020 16:45,bvBOhCH3iADSZry,3833.86,376.757,6391.71,6427414.714
14-06-2020 03:30,uHbuxQJl8lW7ozc,0,0,0,7260531.000
24-05-2020 07:15,rGa61gmuvPhdLxV,2318.38,227.312,124,7175417.000
10-06-2020 03:45,McdE0feGgRqW7Ca,0,0,0,7355017.000
28-05-2020 06:30,pkci93gMrogZuBj,740.143,71.7571,20.2857,7265005.286
19-05-2020 20:00,VHMLBKoKgIrUVDU,0,0,6988,7239542.000
04-06-2020 06:30,wCURE6d3bPkepu2,718.75,69.65,19.375,6930795.375
08-06-2020 00:30,McdE0feGgRqW7Ca,0,0,0,7338202.000
25-05-2020 02:30,ih0vzX44oOqAx2f,0,0,0,6256494.000
08-06-2020 05:15,pkci93gMrogZuBj,0,0,0,7346132.000
05-06-2020 11:00,ZnxXDlPa8U1GXgE,9266,905.571,2558.43,6681620.429
24-05-2020 04:30,uHbuxQJl8lW7ozc,0,0,0,7103746.000
16-06-2020 01:45,ZoEaEvLYb1n2sOq,0,0,0,7329691.000
27-05-2020 12:15,wCURE6d3bPkepu2,9060.12,885.788,3907.62,6876392.625
26-05-2020 17:15,uHbuxQJl8lW7ozc,1061.38,103.287,7793.25,7128489.250
14-06-2020 08:30,1BY6WEcLGh8j5v7,4431,451.286,567.143,6464230.143
05-06-2020 20:45,rGa61gmuvPhdLxV,0,0,7741,7273090.000
04-06-2020 08:30,bvBOhCH3iADSZry,5721.14,560.686,599.714,6453323.714
11-06-2020 06:30,3PZuoBAID5Wc2HD,370.143,35.7571,7.85714,7190476.857
09-06-2020 22:45,1BY6WEcLGh8j5v7,0,0,7456,6439070.000
19-05-2020 05:00,iCRJl6heRkivqQ3,0,0,0,7203767.000
14-06-2020 18:45,WRmjgnKYAwPKWDb,0,0,7405,7254584.000
13-06-2020 13:00,pkci93gMrogZuBj,9375,915.729,5228.57,7386035.571
22-05-2020 16:45,wCURE6d3bPkepu2,1958.57,192,7035.29,6839090.286
16-06-2020 08:15,WRmjgnKYAwPKWDb,4653.12,456.738,482.875,7261797.875
07-06-2020 21:30,zBIq5rxdHJRwDNY,0,0,8183,6514911.000
16-06-2020 08:45,ZnxXDlPa8U1GXgE,5955.75,583.587,743.75,6759247.750
15-05-2020 15:15,ZnxXDlPa8U1GXgE,6732.25,659.3,5311.12,6527483.125
13-06-2020 02:15,3PZuoBAID5Wc2HD,0,0,0,7202086.000
16-06-2020 10:30,ZnxXDlPa8U1GXgE,8753,856.371,2165.29,6760669.286
11-06-2020 08:15,7JYdWkrLSPkdwr4,2874.57,281.971,255.429,7801346.429
26-05-2020 05:30,adLQvlD726eNBSB,0,0,0,6355294.000
14-06-2020 11:45,WRmjgnKYAwPKWDb,5892.71,577.243,3330.43,7250509.429
28-05-2020 03:30,wCURE6d3bPkepu2,0,0,0,6879195.000
20-05-2020 10:00,uHbuxQJl8lW7ozc,10300.4,1006.99,1909,7073107.000
07-06-2020 16:00,pkci93gMrogZuBj,7370.57,721.586,7448.57,7345366.571
14-06-2020 04:00,z9Y9gH1T5YWrNuG,0,0,0,7225230.000
13-06-2020 03:15,1IF53ai7Xc0U56Y,0,0,0,6398227.000
26-05-2020 09:30,YxYtjZvoooNbGkE,9512.86,930.371,1487.57,7262951.571
24-05-2020 20:15,wCURE6d3bPkepu2,0,0,7961,6855791.000
17-06-2020 08:15,ZnxXDlPa8U1GXgE,3856.12,378.913,388.5,6765196.500
09-06-2020 03:00,wCURE6d3bPkepu2,0,0,0,6967970.000
09-06-2020 08:00,pkci93gMrogZuBj,5131.71,503.157,370.857,7354846.857
26-05-2020 18:15,bvBOhCH3iADSZry,0,0,7364,6399700.000
15-05-2020 22:30,ih0vzX44oOqAx2f,0,0,0,6191360.000
28-05-2020 05:00,VHMLBKoKgIrUVDU,0,0,0,7304378.000
30-05-2020 12:15,rGa61gmuvPhdLxV,10397,1015.03,2885.29,7225959.286
27-05-2020 16:15,1IF53ai7Xc0U56Y,4969.38,487.05,6411.12,6281049.125
22-05-2020 08:00,adLQvlD726eNBSB,5202.25,509.887,521,6322094.000
17-06-2020 04:15,zBIq5rxdHJRwDNY,0,0,0,6577552.000
20-05-2020 01:45,zBIq5rxdHJRwDNY,0,0,0,6371971.000
08-06-2020 01:15,rGa61gmuvPhdLxV,0,0,0,7287673.000
25-05-2020 06:30,3PZuoBAID5Wc2HD,811.25,78.675,18.75,7061586.750
12-06-2020 13:00,7JYdWkrLSPkdwr4,7849.29,768.371,3358,7810022.000
25-05-2020 11:45,ZnxXDlPa8U1GXgE,12627.6,1231.19,3956.86,6599712.857
17-06-2020 22:45,1IF53ai7Xc0U56Y,0,0,6034,6433566.000
17-05-2020 06:15,McdE0feGgRqW7Ca,137.75,13.2875,1.125,7172022.125
19-05-2020 01:30,7JYdWkrLSPkdwr4,0,0,0,7628372.000
06-06-2020 17:30,YxYtjZvoooNbGkE,455.857,44.0714,6307.86,7348796.857
27-05-2020 21:30,adLQvlD726eNBSB,0,0,6857,6370373.000
26-05-2020 13:45,z9Y9gH1T5YWrNuG,11842,1155.03,5805,7095245.000
22-05-2020 14:00,adLQvlD726eNBSB,9574.5,935.237,5500.25,6327073.250
07-06-2020 23:15,McdE0feGgRqW7Ca,0,0,7042,7338202.000
24-05-2020 04:15,z9Y9gH1T5YWrNuG,0,0,0,7072762.000
06-06-2020 18:15,bvBOhCH3iADSZry,88.2857,8.51429,5872.57,6473123.571
12-06-2020 15:45,zBIq5rxdHJRwDNY,4649.12,456.188,5293.75,6548843.750
27-05-2020 09:45,rGa61gmuvPhdLxV,5913.14,579.543,1622.71,7201491.714
08-06-2020 17:45,bvBOhCH3iADSZry,1209.38,117.75,7649.75,6485942.750
14-06-2020 07:00,McdE0feGgRqW7Ca,2002.62,196.2,72,7381995.000
28-05-2020 06:15,7JYdWkrLSPkdwr4,451,43.6,8,7698558.000
28-05-2020 03:15,ZoEaEvLYb1n2sOq,0,0,0,7193291.000
24-05-2020 23:15,bvBOhCH3iADSZry,0,0,7440,6384212.000
05-06-2020 21:45,VHMLBKoKgIrUVDU,0,0,0,7371554.000
07-06-2020 04:30,ZoEaEvLYb1n2sOq,0,0,0,7265368.000
14-06-2020 17:30,ih0vzX44oOqAx2f,1023.88,99.575,7124.25,6407642.250
11-06-2020 09:30,ih0vzX44oOqAx2f,4373.25,429.538,688.25,6381720.250
16-05-2020 15:15,z9Y9gH1T5YWrNuG,5840.43,572.286,5780.43,7020032.429
06-06-2020 05:00,1IF53ai7Xc0U56Y,0,0,0,6348557.000
23-05-2020 12:00,WRmjgnKYAwPKWDb,12189.5,1188.84,3982.88,7088577.875
05-06-2020 09:15,zVJPv84UY57bAof,8761.75,857,1072.75,7272345.750
03-06-2020 20:30,zVJPv84UY57bAof,0,0,7836,7263053.000
23-05-2020 20:00,iCRJl6heRkivqQ3,0,0,8627,7243220.000
20-05-2020 18:15,zBIq5rxdHJRwDNY,367.429,35.5,8885.71,6380856.714
18-05-2020 21:30,zBIq5rxdHJRwDNY,0,0,5390,6365047.000
16-06-2020 21:15,uHbuxQJl8lW7ozc,0,0,6292,7281035.000
27-05-2020 11:45,iCRJl6heRkivqQ3,10145.4,990.429,3324.86,7271320.857
05-06-2020 00:15,1IF53ai7Xc0U56Y,0,0,0,6340855.000
27-05-2020 01:15,iCRJl6heRkivqQ3,0,0,0,7267996.000
08-06-2020 09:45,1IF53ai7Xc0U56Y,11880.4,1159.28,1686.62,6365024.625
17-05-2020 07:30,ZoEaEvLYb1n2sOq,2770.62,272.038,154.375,7110898.375
09-06-2020 11:30,iCRJl6heRkivqQ3,8677,847.8,3555.29,7368510.286
23-05-2020 10:45,pkci93gMrogZuBj,12421.3,1211.53,2540.43,7227740.429
20-05-2020 02:00,1IF53ai7Xc0U56Y,0,0,0,6216430.000
17-06-2020 16:30,ih0vzX44oOqAx2f,1877.71,183.971,5559.14,6425930.143
28-05-2020 17:00,1BY6WEcLGh8j5v7,3109,305.371,7818.71,6357651.714
12-06-2020 10:30,ih0vzX44oOqAx2f,7952.38,778.362,1362.38,6387915.375
10-06-2020 03:00,McdE0feGgRqW7Ca,0,0,0,7355017.000
07-06-2020 00:30,VHMLBKoKgIrUVDU,0,0,0,7377989.000
10-06-2020 22:00,wCURE6d3bPkepu2,0,0,6423,6982403.000
14-06-2020 23:15,7JYdWkrLSPkdwr4,0,0,7306,7828158.000
16-06-2020 18:00,zBIq5rxdHJRwDNY,670.375,64.925,5701.75,6577534.750
18-05-2020 05:45,YxYtjZvoooNbGkE,0,0,0,7200229.000
20-05-2020 01:30,YxYtjZvoooNbGkE,0,0,0,7212476.000
10-06-2020 09:15,VHMLBKoKgIrUVDU,6769,662.938,1075.25,7403891.250
15-05-2020 07:15,iCRJl6heRkivqQ3,2036.43,199.629,124.429,7178116.429
05-06-2020 06:30,7JYdWkrLSPkdwr4,632.25,61.2,17.25,7756638.250
04-06-2020 07:15,3PZuoBAID5Wc2HD,2763.86,271.157,144.857,7136632.857
03-06-2020 02:00,rGa61gmuvPhdLxV,0,0,0,7249330.000
09-06-2020 05:15,wCURE6d3bPkepu2,0,0,0,6967970.000
10-06-2020 00:45,7JYdWkrLSPkdwr4,0,0,0,7794729.000
03-06-2020 14:30,adLQvlD726eNBSB,8817,862.3,6069.12,6420345.125
21-05-2020 16:00,pkci93gMrogZuBj,3936.62,386.788,7389.5,7217587.500
17-06-2020 16:30,ZnxXDlPa8U1GXgE,1935,189.657,5727.57,6770535.571
24-05-2020 06:30,iCRJl6heRkivqQ3,720.125,69.775,20.125,7243240.125
18-05-2020 17:45,YxYtjZvoooNbGkE,726.125,70.4,5346.5,7205575.500
05-06-2020 09:30,ih0vzX44oOqAx2f,9787.43,956.614,1241.71,6338260.714
03-06-2020 11:30,ih0vzX44oOqAx2f,10169.6,993.85,2640,6323951.000
23-05-2020 21:30,VHMLBKoKgIrUVDU,0,0,8611,7272332.000
16-05-2020 11:00,WRmjgnKYAwPKWDb,9206.71,900.471,2453,7037268.000
25-05-2020 16:00,WRmjgnKYAwPKWDb,7665.57,750.429,8505,7109622.000
16-05-2020 11:15,VHMLBKoKgIrUVDU,8020.88,785,2636.62,7215302.625
19-05-2020 04:15,McdE0feGgRqW7Ca,0,0,0,7185091.000
15-05-2020 10:15,sjndEbLyjtCKgGv,8947.12,874.163,1574.75,7018406.750
04-06-2020 09:15,ih0vzX44oOqAx2f,6185.75,606.013,1082.25,6330092.250
28-05-2020 03:00,WRmjgnKYAwPKWDb,0,0,0,7124538.000
16-05-2020 15:15,wCURE6d3bPkepu2,5890.14,577.157,5830.71,6794757.714
20-05-2020 06:30,z9Y9gH1T5YWrNuG,699.286,67.7714,20.2857,7040485.286
25-05-2020 07:00,YxYtjZvoooNbGkE,1700,166.529,72.1429,7252723.143
02-06-2020 07:45,YxYtjZvoooNbGkE,2361,231.525,205.75,7311721.750
03-06-2020 16:00,ZnxXDlPa8U1GXgE,5374.43,526.929,7267.71,6670235.714
23-05-2020 15:45,3PZuoBAID5Wc2HD,7572,741.337,7763.88,7052379.875
17-05-2020 00:30,iCRJl6heRkivqQ3,0,0,0,7190848.000
02-06-2020 17:15,1BY6WEcLGh8j5v7,1451.86,141.771,6961.43,6390400.429
09-06-2020 05:00,zVJPv84UY57bAof,0,0,0,7302167.000
31-05-2020 12:30,zVJPv84UY57bAof,7012.38,686.2,3736.25,7239713.250
26-05-2020 03:45,uHbuxQJl8lW7ozc,0,0,0,7120696.000
29-05-2020 20:00,bvBOhCH3iADSZry,0,0,7438,6421023.000
04-06-2020 12:30,YxYtjZvoooNbGkE,9734,950.286,4073.57,7330829.571
16-06-2020 23:00,z9Y9gH1T5YWrNuG,0,0,6201,7245385.000
02-06-2020 11:30,zVJPv84UY57bAof,6371.25,624.175,3098.62,7250864.625
19-05-2020 00:45,rGa61gmuvPhdLxV,0,0,0,7136902.000
27-05-2020 21:15,z9Y9gH1T5YWrNuG,0,0,0,7103885.000
27-05-2020 06:45,1BY6WEcLGh8j5v7,1427.88,139.375,45.25,6343714.250
16-05-2020 21:45,adLQvlD726eNBSB,0,0,6705,6284443.000
30-05-2020 01:00,1IF53ai7Xc0U56Y,0,0,0,6298211.000
19-05-2020 05:00,VHMLBKoKgIrUVDU,0,0,0,7232554.000
12-06-2020 08:45,zVJPv84UY57bAof,4139.25,406.538,373.25,7323060.250
30-05-2020 21:45,ih0vzX44oOqAx2f,0,0,7146,6302267.000
17-05-2020 17:30,1BY6WEcLGh8j5v7,1279.57,124.486,7000.71,6278605.714
16-06-2020 15:15,rGa61gmuvPhdLxV,4802.5,471.125,5382.38,7350086.375
29-05-2020 14:45,ih0vzX44oOqAx2f,8844.88,865.3,6423,6293593.000
31-05-2020 17:45,zVJPv84UY57bAof,1048.25,101.862,6011.12,7241988.125
05-06-2020 06:30,bvBOhCH3iADSZry,534.5,51.7125,15.5,6460201.500
28-05-2020 10:45,YxYtjZvoooNbGkE,9042.43,883.357,2724.86,7278753.857
17-05-2020 22:15,sjndEbLyjtCKgGv,0,0,7441,7037054.000
15-06-2020 03:30,ZoEaEvLYb1n2sOq,0,0,0,7323052.000
16-06-2020 12:30,ZnxXDlPa8U1GXgE,6974,682.914,3693.57,6762197.571
20-05-2020 09:00,YxYtjZvoooNbGkE,7785,762.075,1025.88,7213501.875
22-05-2020 15:15,adLQvlD726eNBSB,6370.57,624.014,6711,6328284.000
29-05-2020 21:45,1BY6WEcLGh8j5v7,0,0,7564,6365374.000
27-05-2020 02:30,3PZuoBAID5Wc2HD,0,0,0,7078711.000
16-06-2020 10:30,iCRJl6heRkivqQ3,8600.57,841.543,2150,7416151.000
15-06-2020 03:00,YxYtjZvoooNbGkE,0,0,0,7406702.000
05-06-2020 03:45,VHMLBKoKgIrUVDU,0,0,0,7363821.000
09-06-2020 11:15,iCRJl6heRkivqQ3,11428.5,1115.34,3348.5,7368303.500
03-06-2020 08:45,iCRJl6heRkivqQ3,5157.71,505.614,673.286,7318486.286
24-05-2020 13:15,YxYtjZvoooNbGkE,11444.4,1116.23,5236.71,7249916.714
04-06-2020 22:30,wCURE6d3bPkepu2,0,0,0,6939021.000
04-06-2020 05:45,sjndEbLyjtCKgGv,0,0,0,7163293.000
01-06-2020 00:15,WRmjgnKYAwPKWDb,0,0,0,7153866.000
20-05-2020 03:00,7JYdWkrLSPkdwr4,0,0,0,7635208.000
22-05-2020 23:45,bvBOhCH3iADSZry,0,0,3862.86,6368908.000
05-06-2020 11:00,1BY6WEcLGh8j5v7,9449.14,923,2433.86,6407813.857
23-05-2020 08:30,zBIq5rxdHJRwDNY,7897,773.025,641.75,6396448.750
28-05-2020 18:45,rGa61gmuvPhdLxV,0,0,8266,7214815.000
02-06-2020 21:30,sjndEbLyjtCKgGv,0,0,7439,7155447.000
22-05-2020 12:30,1IF53ai7Xc0U56Y,10890.9,1063.49,3882.86,6237129.857
18-05-2020 07:00,bvBOhCH3iADSZry,1587.25,155.213,71,6335647.000
20-05-2020 10:00,zVJPv84UY57bAof,10278.6,1004.89,1899,7150236.000
28-05-2020 03:15,WRmjgnKYAwPKWDb,0,0,0,7124538.000
02-06-2020 08:00,pkci93gMrogZuBj,3828.86,375.871,268.714,7300568.714
01-06-2020 15:15,uHbuxQJl8lW7ozc,1986.62,194.762,5200.25,7170553.250
03-06-2020 17:15,WRmjgnKYAwPKWDb,2435.75,238.925,7593.75,7174510.750
03-06-2020 00:45,uHbuxQJl8lW7ozc,0,0,0,7178405.000
07-06-2020 03:30,iCRJl6heRkivqQ3,0,0,0,7348234.000
26-05-2020 00:30,VHMLBKoKgIrUVDU,0,0,0,7289525.000
03-06-2020 07:00,iCRJl6heRkivqQ3,1437.12,140.2,61.5,7317874.500
15-06-2020 21:00,1IF53ai7Xc0U56Y,0,0,6846,6421214.000
15-06-2020 00:45,zVJPv84UY57bAof,0,0,0,7344280.000
16-06-2020 03:30,YxYtjZvoooNbGkE,0,0,0,7413335.000
22-05-2020 09:15,zVJPv84UY57bAof,5574,546.3,984.667,7166107.667
07-06-2020 14:45,7JYdWkrLSPkdwr4,4502.75,441.863,6498.25,7776955.250
11-06-2020 13:15,bvBOhCH3iADSZry,6719.5,658.163,2977.25,6502187.250
19-05-2020 20:45,3PZuoBAID5Wc2HD,0,0,0,7020512.000
27-05-2020 15:30,3PZuoBAID5Wc2HD,7556.25,739.6,5868.88,7084579.875
15-05-2020 05:30,WRmjgnKYAwPKWDb,0,0,0,7028673.000
15-06-2020 05:45,iCRJl6heRkivqQ3,0,0,0,7407224.000
22-05-2020 04:45,1IF53ai7Xc0U56Y,0,0,0,6233247.000
16-05-2020 07:30,VHMLBKoKgIrUVDU,2536.12,248.713,170.625,7212836.625
08-06-2020 15:30,zVJPv84UY57bAof,6360.88,622.775,7414.5,7301204.500
18-05-2020 16:45,iCRJl6heRkivqQ3,2947.75,289.312,5208,7203575.000
03-06-2020 17:30,rGa61gmuvPhdLxV,2238,219.425,7720.75,7257050.750
15-05-2020 08:45,3PZuoBAID5Wc2HD,5567.43,545.729,613.286,6988372.286
17-05-2020 06:00,WRmjgnKYAwPKWDb,0,0,0,7041430.000
08-06-2020 15:00,iCRJl6heRkivqQ3,10608.3,1036.91,7015.71,7363526.714
26-05-2020 16:45,1IF53ai7Xc0U56Y,5876.57,575.871,7868.29,6274396.286
13-06-2020 17:30,1IF53ai7Xc0U56Y,1231.5,120.037,8593.75,6406820.750
19-05-2020 16:15,ih0vzX44oOqAx2f,5259.14,515.786,6364.29,6216851.286
06-06-2020 05:00,iCRJl6heRkivqQ3,0,0,0,7341803.000
22-05-2020 22:45,zVJPv84UY57bAof,0,0,0,7172294.000
28-05-2020 12:45,1BY6WEcLGh8j5v7,11597.6,1131.53,4919.71,6354752.714
30-05-2020 09:45,zVJPv84UY57bAof,4599.12,451.413,1049.88,7229736.875
17-06-2020 20:30,YxYtjZvoooNbGkE,0,0,5886,7425442.000
20-05-2020 19:45,sjndEbLyjtCKgGv,0,0,8777,7058061.000
05-06-2020 21:00,bvBOhCH3iADSZry,0,0,7065,6467251.000
04-06-2020 02:45,zBIq5rxdHJRwDNY,0,0,0,6484342.000
24-05-2020 19:15,YxYtjZvoooNbGkE,0,0,7971,7252651.000
26-05-2020 23:00,ih0vzX44oOqAx2f,0,0,0,6272291.000
27-05-2020 00:15,1BY6WEcLGh8j5v7,0,0,0,6343669.000
06-06-2020 19:45,ZoEaEvLYb1n2sOq,0,0,0,7265368.000
23-05-2020 20:30,z9Y9gH1T5YWrNuG,0,0,8543,7072762.000
17-05-2020 02:15,3PZuoBAID5Wc2HD,0,0,0,7000689.000
17-05-2020 04:15,zBIq5rxdHJRwDNY,0,0,0,6352150.000
19-05-2020 14:30,ZoEaEvLYb1n2sOq,10328.3,1009.71,5170.43,7128697.429
24-05-2020 13:15,ZoEaEvLYb1n2sOq,11985.3,1168.89,5172.71,7167356.714
18-05-2020 04:45,WRmjgnKYAwPKWDb,0,0,0,7049104.000
11-06-2020 22:30,WRmjgnKYAwPKWDb,0,0,5619,7232986.000
23-05-2020 16:15,1IF53ai7Xc0U56Y,5540.75,543.138,8098.25,6248632.250
29-05-2020 17:30,bvBOhCH3iADSZry,1152.57,112.071,7390.71,6420975.714
01-06-2020 22:45,McdE0feGgRqW7Ca,0,0,5992,7292752.000
23-05-2020 22:00,7JYdWkrLSPkdwr4,0,0,8450,7667220.000
01-06-2020 11:00,1BY6WEcLGh8j5v7,8495.43,830.443,2542.14,6380473.143
14-06-2020 03:30,ZoEaEvLYb1n2sOq,0,0,0,7315763.000
17-05-2020 18:30,1IF53ai7Xc0U56Y,0,0,7759,6204353.000
18-05-2020 05:45,zBIq5rxdHJRwDNY,0,0,0,6359657.000
19-05-2020 20:45,1IF53ai7Xc0U56Y,0,0,0,6216430.000
23-05-2020 12:00,iCRJl6heRkivqQ3,12605,1228.97,4043.86,7238636.857
08-06-2020 19:45,WRmjgnKYAwPKWDb,0,0,8319,7213001.000
09-06-2020 01:15,ZoEaEvLYb1n2sOq,0,0,0,7281724.000
21-05-2020 12:15,pkci93gMrogZuBj,11236.5,1096.26,4080.62,7214278.625
15-05-2020 14:15,z9Y9gH1T5YWrNuG,11975.7,1168.31,4680.71,7012546.714
22-05-2020 13:30,ih0vzX44oOqAx2f,11161.4,1089.01,4772.29,6238315.286
02-06-2020 15:30,rGa61gmuvPhdLxV,5969.5,584.938,6505.5,7248474.500
13-06-2020 23:30,1IF53ai7Xc0U56Y,0,0,8654,6406881.000
29-05-2020 22:30,adLQvlD726eNBSB,0,0,8343,6387352.000
27-05-2020 20:30,adLQvlD726eNBSB,0,0,6857,6370373.000
27-05-2020 22:00,3PZuoBAID5Wc2HD,0,0,6740,7085451.000
30-05-2020 22:30,pkci93gMrogZuBj,0,0,7341,7288876.000
15-06-2020 19:15,ZoEaEvLYb1n2sOq,0,0,6639,7329691.000
22-05-2020 01:30,1BY6WEcLGh8j5v7,0,0,0,6305589.000
26-05-2020 11:30,ih0vzX44oOqAx2f,10627.1,1037.25,3494.75,6268073.750
18-05-2020 11:30,iCRJl6heRkivqQ3,5288,518.35,1319.5,7199686.500
10-06-2020 00:30,ZnxXDlPa8U1GXgE,0,0,0,6717772.000
23-05-2020 23:00,sjndEbLyjtCKgGv,0,0,8487,7081449.000
09-06-2020 22:45,ZnxXDlPa8U1GXgE,0,0,8074,6717772.000
22-05-2020 02:00,7JYdWkrLSPkdwr4,0,0,0,7651635.000
28-05-2020 11:45,VHMLBKoKgIrUVDU,12633.6,1232.2,4001.43,7308379.429
06-06-2020 10:30,bvBOhCH3iADSZry,8498.62,829.087,1979,6469230.000
22-05-2020 19:15,1IF53ai7Xc0U56Y,0,0,7287,6240534.000
14-06-2020 15:00,7JYdWkrLSPkdwr4,8690.75,849.938,6142.12,7826994.125
14-06-2020 02:00,McdE0feGgRqW7Ca,0,0,0,7381923.000
14-06-2020 03:15,pkci93gMrogZuBj,0,0,0,7389161.000
09-06-2020 19:45,WRmjgnKYAwPKWDb,0,0,7977,7220978.000
15-05-2020 17:00,rGa61gmuvPhdLxV,2297.43,225.257,6238.86,7117731.857
02-06-2020 08:45,wCURE6d3bPkepu2,7331,717.771,879.571,6916223.571
14-06-2020 22:15,1BY6WEcLGh8j5v7,0,0,4012,6467675.000
28-05-2020 14:00,3PZuoBAID5Wc2HD,7327.33,716.583,6615.83,7092066.833
15-05-2020 03:30,z9Y9gH1T5YWrNuG,0,0,0,7007866.000
07-06-2020 18:30,wCURE6d3bPkepu2,65.625,6.325,6432.12,6959526.125
09-06-2020 12:45,YxYtjZvoooNbGkE,9474.12,925.913,4604.62,7369914.625
07-06-2020 18:00,z9Y9gH1T5YWrNuG,683.625,66.2375,6325.25,7183614.250
10-06-2020 21:45,ZoEaEvLYb1n2sOq,0,0,6392,7296071.000
06-06-2020 21:00,1BY6WEcLGh8j5v7,0,0,5940,6418482.000
27-05-2020 04:00,bvBOhCH3iADSZry,0,0,0,6399700.000
27-05-2020 23:45,1IF53ai7Xc0U56Y,0,0,5971,6281462.000
07-06-2020 15:45,bvBOhCH3iADSZry,5744.38,562.562,4380.88,6477504.875
16-06-2020 19:45,zBIq5rxdHJRwDNY,0,0,5719,6577552.000
13-06-2020 15:15,z9Y9gH1T5YWrNuG,9733,951.737,7368.5,7224235.500
06-06-2020 01:30,3PZuoBAID5Wc2HD,0,0,0,7152486.000
23-05-2020 23:30,WRmjgnKYAwPKWDb,0,0,8431,7093026.000
28-05-2020 14:00,zVJPv84UY57bAof,11253.5,1098.6,6294,7218376.000
21-05-2020 22:00,1IF53ai7Xc0U56Y,0,0,0,6233247.000
16-05-2020 12:30,uHbuxQJl8lW7ozc,8863.14,866.986,3399.14,7048467.143
16-05-2020 14:00,zBIq5rxdHJRwDNY,6246.29,611.929,4746.29,6350522.286
05-06-2020 18:15,McdE0feGgRqW7Ca,559.286,54.1286,7911.86,7324672.857
24-05-2020 23:00,zBIq5rxdHJRwDNY,0,0,7277,6411758.000
14-06-2020 10:30,ih0vzX44oOqAx2f,10107.1,987.462,2003.75,6402521.750
30-05-2020 23:45,z9Y9gH1T5YWrNuG,0,0,7142,7127597.000
15-06-2020 15:30,VHMLBKoKgIrUVDU,5253.43,515.071,6071,7443126.000
01-06-2020 08:45,wCURE6d3bPkepu2,6802,666.15,918.125,6910323.125
23-05-2020 13:45,zVJPv84UY57bAof,12866.4,1254.47,6035.38,7178329.375
26-05-2020 05:00,ih0vzX44oOqAx2f,0,0,0,6264579.000
20-05-2020 03:00,VHMLBKoKgIrUVDU,0,0,0,7239542.000
02-06-2020 03:30,WRmjgnKYAwPKWDb,0,0,0,7159700.000
14-06-2020 06:00,McdE0feGgRqW7Ca,52.5,5.075,0.375,7381923.375
03-06-2020 23:30,sjndEbLyjtCKgGv,0,0,7846,7163293.000
14-06-2020 06:45,ZnxXDlPa8U1GXgE,1093.29,106.257,37,6744380.000
04-06-2020 23:00,adLQvlD726eNBSB,0,0,8314,6430581.000
09-06-2020 05:15,bvBOhCH3iADSZry,0,0,0,6485986.000
27-05-2020 01:45,uHbuxQJl8lW7ozc,0,0,0,7128538.000
11-06-2020 21:00,WRmjgnKYAwPKWDb,0,0,5619,7232986.000
12-06-2020 04:15,1IF53ai7Xc0U56Y,0,0,0,6392324.000
23-05-2020 11:30,pkci93gMrogZuBj,11401.4,1112.99,3422.75,7228622.750
09-06-2020 19:15,1BY6WEcLGh8j5v7,0,0,7456,6439070.000
20-05-2020 09:00,1BY6WEcLGh8j5v7,7395.88,724.15,985.875,6291082.875
07-06-2020 21:00,ih0vzX44oOqAx2f,0,0,8019,6358692.000
24-05-2020 06:45,rGa61gmuvPhdLxV,1124.5,109.3,42.375,7175335.375
19-05-2020 13:00,McdE0feGgRqW7Ca,10680.1,1043.26,3961.57,7189052.571
04-06-2020 17:45,bvBOhCH3iADSZry,1748,170.963,7415.75,6460139.750
05-06-2020 17:30,1IF53ai7Xc0U56Y,3502.38,344.175,7565.25,6348420.250
13-06-2020 14:30,YxYtjZvoooNbGkE,8480.57,829.357,6651.57,7397710.571
24-05-2020 15:30,3PZuoBAID5Wc2HD,4272.38,419.175,7491.12,7060759.125
08-06-2020 15:45,ZnxXDlPa8U1GXgE,8154.29,797.771,7606,6708869.000
24-05-2020 12:30,VHMLBKoKgIrUVDU,11931.1,1164,4583.25,7276915.250
08-06-2020 05:00,YxYtjZvoooNbGkE,0,0,0,7356967.000
15-05-2020 21:30,iCRJl6heRkivqQ3,0,0,6418,7184410.000
06-06-2020 21:15,1BY6WEcLGh8j5v7,0,0,5940,6418482.000
22-05-2020 19:00,3PZuoBAID5Wc2HD,0,0,7315,7044616.000
15-05-2020 17:00,McdE0feGgRqW7Ca,2386.57,234.129,6336.43,7165300.429
01-06-2020 08:00,sjndEbLyjtCKgGv,6069.12,594.663,488.125,7142730.125
07-06-2020 23:30,z9Y9gH1T5YWrNuG,0,0,6342,7183631.000
09-06-2020 19:00,1IF53ai7Xc0U56Y,0,0,8189,6380022.000
16-05-2020 04:30,uHbuxQJl8lW7ozc,0,0,0,7045068.000
15-05-2020 17:00,1IF53ai7Xc0U56Y,2165.29,212.271,6227.14,6189872.143
03-06-2020 09:00,z9Y9gH1T5YWrNuG,6194.71,606.929,815.571,7148089.571
07-06-2020 17:15,3PZuoBAID5Wc2HD,3255,319.829,8097,7167079.000
24-05-2020 04:30,wCURE6d3bPkepu2,0,0,0,6847830.000
10-06-2020 04:45,McdE0feGgRqW7Ca,0,0,0,7355017.000
18-05-2020 13:45,adLQvlD726eNBSB,12941.6,1261.83,3333.88,6295643.875
30-05-2020 20:15,VHMLBKoKgIrUVDU,0,0,7270,7328329.000
06-06-2020 00:15,WRmjgnKYAwPKWDb,0,0,0,7190270.000
31-05-2020 09:45,7JYdWkrLSPkdwr4,5682,556.862,1173.25,7723151.250
16-06-2020 05:30,ZnxXDlPa8U1GXgE,0,0,0,6758504.000
04-06-2020 15:00,bvBOhCH3iADSZry,10639.8,1039.97,5913,6458637.000
08-06-2020 06:45,3PZuoBAID5Wc2HD,1146.88,111.525,48.25,7167272.250
07-06-2020 11:15,ZnxXDlPa8U1GXgE,13193.6,1286.65,2800.62,6695854.625
15-06-2020 21:15,adLQvlD726eNBSB,0,0,6916,6512002.000
01-06-2020 23:00,McdE0feGgRqW7Ca,0,0,5992,7292752.000
15-05-2020 01:45,ih0vzX44oOqAx2f,0,0,0,6185184.000
07-06-2020 01:30,z9Y9gH1T5YWrNuG,0,0,0,7177289.000
18-05-2020 12:00,7JYdWkrLSPkdwr4,7986.14,781.614,1606.57,7624669.571
30-05-2020 07:30,ZoEaEvLYb1n2sOq,1996.75,195.713,171.375,7209771.375
16-06-2020 03:15,ZnxXDlPa8U1GXgE,0,0,0,6758504.000
29-05-2020 07:15,iCRJl6heRkivqQ3,1983.14,194.429,141.571,7283178.571
28-05-2020 16:30,1IF53ai7Xc0U56Y,4158.38,407.625,8148.25,6289610.250
27-05-2020 22:45,uHbuxQJl8lW7ozc,0,0,0,7135258.000
01-06-2020 21:45,z9Y9gH1T5YWrNuG,0,0,5931,7139828.000
02-06-2020 10:30,7JYdWkrLSPkdwr4,6788.62,664.812,2206.25,7735830.250
29-05-2020 23:15,1BY6WEcLGh8j5v7,0,0,7564,6365374.000
13-06-2020 18:30,pkci93gMrogZuBj,67.5,6.525,8353.75,7389160.750
26-05-2020 05:30,WRmjgnKYAwPKWDb,0,0,0,7109996.000
13-06-2020 13:30,iCRJl6heRkivqQ3,7982.25,781.312,5719.25,7397078.250
17-06-2020 16:30,WRmjgnKYAwPKWDb,1880.12,184.062,5755.12,7273334.125
19-05-2020 14:00,rGa61gmuvPhdLxV,9378.71,917.343,4795.14,7141697.143
15-05-2020 10:30,3PZuoBAID5Wc2HD,5319.86,521.6,1661.86,6989420.857
05-06-2020 00:00,adLQvlD726eNBSB,0,0,0,6430581.000
26-05-2020 10:00,wCURE6d3bPkepu2,10776.6,1053.27,1975.29,6866625.286
08-06-2020 00:15,zBIq5rxdHJRwDNY,0,0,0,6514911.000
28-05-2020 10:45,zVJPv84UY57bAof,10275.7,1002.66,2706,7214788.000
05-06-2020 01:00,zBIq5rxdHJRwDNY,0,0,0,6492579.000
30-05-2020 11:45,1IF53ai7Xc0U56Y,9337.86,912.929,2354.43,6300565.429
18-05-2020 23:15,YxYtjZvoooNbGkE,0,0,5369,7205598.000
19-05-2020 20:30,adLQvlD726eNBSB,0,0,0,6304513.000
21-05-2020 23:15,bvBOhCH3iADSZry,0,0,7110,6362148.000
16-06-2020 13:45,bvBOhCH3iADSZry,5474.62,536.388,4127.38,6531919.375
10-06-2020 14:30,z9Y9gH1T5YWrNuG,6006.43,587.957,5407,7204460.000
11-06-2020 10:00,rGa61gmuvPhdLxV,5209.38,510.637,943.25,7311712.250
17-06-2020 15:45,sjndEbLyjtCKgGv,1400.38,136.65,5478.5,7261272.500
07-06-2020 19:30,ih0vzX44oOqAx2f,0,0,8019,6358692.000
26-05-2020 08:15,ZnxXDlPa8U1GXgE,5985.88,586.538,540,6605206.000
09-06-2020 02:00,VHMLBKoKgIrUVDU,0,0,0,7394696.000
14-06-2020 07:45,pkci93gMrogZuBj,4347.88,426.85,305.5,7389466.500
08-06-2020 07:15,zBIq5rxdHJRwDNY,1838.25,180.15,120.125,6515031.125
15-06-2020 21:30,bvBOhCH3iADSZry,0,0,6192,6527792.000
30-05-2020 13:15,McdE0feGgRqW7Ca,11436.8,1116.67,3927.88,7277140.875
19-05-2020 20:30,YxYtjZvoooNbGkE,0,0,6878,7212476.000
22-05-2020 10:45,YxYtjZvoooNbGkE,8643,844.513,1974.5,7231008.500
11-06-2020 08:15,1BY6WEcLGh8j5v7,2702.71,265.086,237.571,6445218.571
17-06-2020 11:45,wCURE6d3bPkepu2,11444.4,1117.29,2519,7025237.000
01-06-2020 02:15,zBIq5rxdHJRwDNY,0,0,0,6463239.000
15-05-2020 10:30,adLQvlD726eNBSB,5257.57,515.571,1712.43,6273067.429
23-05-2020 01:00,wCURE6d3bPkepu2,0,0,0,6839225.000
17-05-2020 22:00,uHbuxQJl8lW7ozc,0,0,7454,7058793.000
28-05-2020 10:45,bvBOhCH3iADSZry,8876.5,867.6,2543.88,6408376.875
19-05-2020 21:15,ZoEaEvLYb1n2sOq,0,0,6805,7130332.000
20-05-2020 06:30,adLQvlD726eNBSB,782.125,75.875,22.875,6304535.875
13-06-2020 09:15,WRmjgnKYAwPKWDb,9191.57,899.014,1356.86,7240136.857
17-05-2020 08:15,1IF53ai7Xc0U56Y,5427,531.925,525.25,6197119.250
15-06-2020 08:00,ZoEaEvLYb1n2sOq,6230.29,610.429,372.429,7323424.429
06-06-2020 21:45,wCURE6d3bPkepu2,0,0,0,6953094.000
06-06-2020 07:30,VHMLBKoKgIrUVDU,4056.88,398.575,271.5,7371825.500
31-05-2020 22:15,zBIq5rxdHJRwDNY,0,0,0,6463239.000
14-06-2020 01:45,McdE0feGgRqW7Ca,0,0,0,7381923.000
18-05-2020 04:45,bvBOhCH3iADSZry,0,0,0,6335576.000
05-06-2020 11:00,bvBOhCH3iADSZry,9728.29,950.2,2406,6462592.000
23-05-2020 01:00,zBIq5rxdHJRwDNY,0,0,0,6395807.000
01-06-2020 15:00,zBIq5rxdHJRwDNY,2943.29,288.914,5342.14,6468581.143
26-05-2020 00:15,bvBOhCH3iADSZry,0,0,0,6392336.000
12-06-2020 20:45,1BY6WEcLGh8j5v7,0,0,5441,6455679.000
25-05-2020 11:00,sjndEbLyjtCKgGv,11861.6,1156.53,2981.88,7092332.875
15-05-2020 02:15,WRmjgnKYAwPKWDb,0,0,0,7028673.000
31-05-2020 08:30,bvBOhCH3iADSZry,4000.86,393.071,400,6428081.000
05-06-2020 08:45,zBIq5rxdHJRwDNY,7830.12,766.487,694.875,6493273.875
18-05-2020 23:15,VHMLBKoKgIrUVDU,0,0,5457,7232554.000
08-06-2020 15:30,sjndEbLyjtCKgGv,7808,764.043,7394.43,7199948.429
14-06-2020 14:45,bvBOhCH3iADSZry,5929.75,581.062,2696.12,6520338.125
15-06-2020 10:45,3PZuoBAID5Wc2HD,8717,851.725,2759,7220982.000
20-05-2020 13:00,ih0vzX44oOqAx2f,11880.5,1158.7,5325.38,6222602.375
18-05-2020 00:00,sjndEbLyjtCKgGv,0,0,0,7037054.000
22-05-2020 15:45,WRmjgnKYAwPKWDb,4452.25,436.925,6823.88,7084181.875
09-06-2020 14:45,iCRJl6heRkivqQ3,7798.43,763.214,6522.86,7371477.857
21-05-2020 18:00,pkci93gMrogZuBj,311.75,30.1,7771.5,7217969.500
26-05-2020 02:45,YxYtjZvoooNbGkE,0,0,0,7261464.000
16-05-2020 09:00,WRmjgnKYAwPKWDb,6406,627.529,906.143,7035721.143
31-05-2020 12:45,bvBOhCH3iADSZry,12623.3,1230.76,3717.43,6431398.429
17-05-2020 13:15,McdE0feGgRqW7Ca,6429.12,629,5022.62,7177043.625
14-06-2020 21:15,bvBOhCH3iADSZry,0,0,3958,6521600.000
14-06-2020 20:15,VHMLBKoKgIrUVDU,0,0,7489,7437055.000
16-05-2020 11:15,pkci93gMrogZuBj,6742.71,660.414,2400.14,7177877.143
31-05-2020 01:15,ZoEaEvLYb1n2sOq,0,0,0,7216848.000
26-05-2020 02:15,YxYtjZvoooNbGkE,0,0,0,7261464.000
17-05-2020 07:30,rGa61gmuvPhdLxV,2792.29,274.171,157,7124256.000
13-06-2020 21:30,zVJPv84UY57bAof,0,0,8410,7336960.000
12-06-2020 07:30,7JYdWkrLSPkdwr4,946.143,91.8857,88.7143,7806752.714
19-05-2020 01:15,z9Y9gH1T5YWrNuG,0,0,0,7033573.000
22-05-2020 09:45,VHMLBKoKgIrUVDU,5400.25,529.5,1342,7257703.000
15-05-2020 18:00,WRmjgnKYAwPKWDb,292,28.2286,6136.71,7034809.714
19-05-2020 21:45,pkci93gMrogZuBj,0,0,6938,7201349.000
22-05-2020 22:00,adLQvlD726eNBSB,0,0,7378,6328951.000
16-05-2020 11:30,z9Y9gH1T5YWrNuG,7666.57,750.443,2646.71,7016898.714
10-06-2020 04:00,uHbuxQJl8lW7ozc,0,0,0,7233863.000
01-06-2020 23:45,1IF53ai7Xc0U56Y,0,0,6012,6317444.000
11-06-2020 13:15,iCRJl6heRkivqQ3,7393.88,723.925,3239.25,7383018.250
21-05-2020 23:45,WRmjgnKYAwPKWDb,0,0,0,7077358.000
27-05-2020 07:45,7JYdWkrLSPkdwr4,3909.14,384.029,305.429,7692217.429
16-06-2020 11:45,YxYtjZvoooNbGkE,7407.86,725.157,3214,7416549.000
21-05-2020 19:45,1BY6WEcLGh8j5v7,0,0,7243,6305589.000
02-06-2020 18:00,YxYtjZvoooNbGkE,362,35,7399.29,7318915.286
13-06-2020 12:45,WRmjgnKYAwPKWDb,11781,1149.41,5066.25,7243846.250
13-06-2020 08:30,sjndEbLyjtCKgGv,6917.71,677.5,696.286,7227797.286
10-06-2020 20:15,1BY6WEcLGh8j5v7,0,0,5911,6444981.000
05-06-2020 10:30,bvBOhCH3iADSZry,9798.43,956.786,1918.43,6462104.429
12-06-2020 15:30,3PZuoBAID5Wc2HD,5909.75,579.1,5226.75,7201412.750
30-05-2020 04:15,sjndEbLyjtCKgGv,0,0,0,7129029.000
09-06-2020 20:30,McdE0feGgRqW7Ca,0,0,8235,7355017.000
19-05-2020 05:45,1BY6WEcLGh8j5v7,0,0,0,6283648.000
22-05-2020 23:15,rGa61gmuvPhdLxV,0,0,0,7167141.000
26-05-2020 09:00,uHbuxQJl8lW7ozc,8150.14,797.7,1046.86,7121742.857
13-06-2020 00:00,ZoEaEvLYb1n2sOq,0,0,0,7307385.000
18-05-2020 11:30,rGa61gmuvPhdLxV,5301,519.625,1318.25,7132855.250
19-05-2020 04:45,1BY6WEcLGh8j5v7,0,0,0,6283648.000
06-06-2020 21:30,uHbuxQJl8lW7ozc,0,0,0,7208855.000
26-05-2020 05:30,zVJPv84UY57bAof,0,0,0,7197609.000
02-06-2020 10:30,WRmjgnKYAwPKWDb,6529.43,639.543,2182.86,7161882.857
21-05-2020 16:15,1BY6WEcLGh8j5v7,3180.29,312.4,6976.43,6305322.429
16-05-2020 06:30,1IF53ai7Xc0U56Y,735.5,71.3,17.25,6190019.250
17-05-2020 06:30,rGa61gmuvPhdLxV,462.429,44.7143,7.85714,7124106.857
17-06-2020 02:30,rGa61gmuvPhdLxV,0,0,0,7350947.000
08-06-2020 01:30,McdE0feGgRqW7Ca,0,0,0,7338202.000
11-06-2020 19:00,1BY6WEcLGh8j5v7,0,0,5257,6450238.000
01-06-2020 09:45,1BY6WEcLGh8j5v7,6253.5,612.612,1469.88,6379400.875
28-05-2020 03:15,zVJPv84UY57bAof,0,0,0,7212082.000
08-06-2020 13:00,WRmjgnKYAwPKWDb,10096,985.529,5009,7209691.000
27-05-2020 11:15,sjndEbLyjtCKgGv,11297.7,1102.37,2764.57,7108653.571
15-06-2020 10:45,sjndEbLyjtCKgGv,11271.6,1100.2,2716.57,7245527.571
09-06-2020 18:45,rGa61gmuvPhdLxV,0,0,8240,7304204.000
04-06-2020 10:30,ZoEaEvLYb1n2sOq,10275.2,1003.39,1989.25,7245490.250
16-05-2020 18:15,1BY6WEcLGh8j5v7,120.143,11.6,6291.43,6271604.429
31-05-2020 07:30,ZnxXDlPa8U1GXgE,2018.62,197.887,145,6643528.000
17-05-2020 07:00,WRmjgnKYAwPKWDb,1479.5,144.475,53,7041483.000
23-05-2020 10:45,ZnxXDlPa8U1GXgE,8582.88,838.875,2525.5,6581664.500
14-06-2020 23:30,rGa61gmuvPhdLxV,0,0,7302,7337972.000
12-06-2020 01:00,z9Y9gH1T5YWrNuG,0,0,0,7211064.000
06-06-2020 22:30,zBIq5rxdHJRwDNY,0,0,0,6506728.000
23-05-2020 18:30,zBIq5rxdHJRwDNY,34.875,3.375,8674,6404481.000
16-05-2020 09:45,adLQvlD726eNBSB,8174.25,799.987,1413,6279151.000
07-06-2020 07:15,adLQvlD726eNBSB,1921.62,188.338,140.25,6445171.250
28-05-2020 05:30,ZnxXDlPa8U1GXgE,0,0,0,6619376.000
31-05-2020 14:00,uHbuxQJl8lW7ozc,9548.14,932.5,4996.86,7164268.857
31-05-2020 05:45,rGa61gmuvPhdLxV,0,0,0,7230438.000
31-05-2020 20:45,uHbuxQJl8lW7ozc,0,0,6081,7165353.000
28-05-2020 17:45,zBIq5rxdHJRwDNY,629.5,60.9375,7886.38,6441969.375
30-05-2020 01:30,uHbuxQJl8lW7ozc,0,0,0,7151932.000
30-05-2020 19:00,McdE0feGgRqW7Ca,0,0,7352,7280565.000
10-06-2020 17:45,VHMLBKoKgIrUVDU,1191.86,115.9,6450.71,7409266.714
09-06-2020 15:15,uHbuxQJl8lW7ozc,8389.14,820.971,6995.14,7232549.143
10-06-2020 21:45,zBIq5rxdHJRwDNY,0,0,6498,6537903.000
16-05-2020 16:30,pkci93gMrogZuBj,2609.14,255.871,5941.71,7181418.714
07-06-2020 06:45,ZnxXDlPa8U1GXgE,1516.14,148.229,47,6693101.000
27-05-2020 16:00,3PZuoBAID5Wc2HD,6199.14,607.329,6211.29,7084922.286
16-06-2020 14:30,VHMLBKoKgIrUVDU,10570.9,1032.03,5012,7448881.000
12-06-2020 14:00,7JYdWkrLSPkdwr4,8712.43,852.443,4188.14,7810852.143
30-05-2020 17:45,ZnxXDlPa8U1GXgE,1023.5,99.475,7281.25,6643347.250
05-06-2020 20:15,7JYdWkrLSPkdwr4,0,0,0,7764140.000
24-05-2020 13:45,1BY6WEcLGh8j5v7,11000.8,1075.08,5513.62,6325916.625
06-06-2020 03:45,bvBOhCH3iADSZry,0,0,0,6467251.000
02-06-2020 09:30,adLQvlD726eNBSB,9931.71,969.943,1356.29,6408187.286
25-05-2020 18:45,iCRJl6heRkivqQ3,0,0,8869,7260130.000
06-06-2020 08:00,McdE0feGgRqW7Ca,5242,513.871,486.143,7325167.143
13-06-2020 15:00,McdE0feGgRqW7Ca,10229.4,999.7,7310.14,7380638.143
31-05-2020 23:15,WRmjgnKYAwPKWDb,0,0,5837,7153866.000
01-06-2020 14:45,wCURE6d3bPkepu2,2873.75,282.137,5430.25,6914835.250
08-06-2020 11:30,ZnxXDlPa8U1GXgE,10833.9,1058.11,3598.86,6704861.857
26-05-2020 08:30,pkci93gMrogZuBj,6490,635.771,668.143,7251187.143
08-06-2020 03:30,sjndEbLyjtCKgGv,0,0,0,7192554.000
13-06-2020 22:15,VHMLBKoKgIrUVDU,0,0,8652,7429566.000
11-06-2020 12:15,McdE0feGgRqW7Ca,9087.12,888.938,2568,7364191.000
15-06-2020 08:15,pkci93gMrogZuBj,7001.57,685.671,543.571,7396965.571
24-05-2020 09:00,bvBOhCH3iADSZry,7089.12,694.125,882.25,6377654.250
07-06-2020 17:00,zVJPv84UY57bAof,3429.57,336.586,8023.43,7293553.429
07-06-2020 19:00,ZoEaEvLYb1n2sOq,0,0,8085,7273453.000
31-05-2020 18:45,ZoEaEvLYb1n2sOq,0,0,5796,7222644.000
08-06-2020 17:30,McdE0feGgRqW7Ca,2035.43,199.429,8487.29,7346689.286
09-06-2020 04:15,rGa61gmuvPhdLxV,0,0,0,7295964.000
30-05-2020 13:15,ZnxXDlPa8U1GXgE,12273.6,1197.4,3924.86,6639990.857
10-06-2020 10:30,McdE0feGgRqW7Ca,6710.57,657.229,1898.14,7356915.143
09-06-2020 01:45,adLQvlD726eNBSB,0,0,0,6462004.000
30-05-2020 06:15,ZnxXDlPa8U1GXgE,319,30.8143,5.71429,6636071.714
16-06-2020 06:30,bvBOhCH3iADSZry,632.375,61.25,10.5,6527802.500
15-06-2020 16:00,YxYtjZvoooNbGkE,1819.25,178,6156,7412858.000
05-06-2020 00:30,ZnxXDlPa8U1GXgE,0,0,0,6679062.000
17-06-2020 14:00,adLQvlD726eNBSB,6460.62,632.737,4841.38,6523239.375
02-06-2020 15:45,VHMLBKoKgIrUVDU,6334.25,620.487,6717.62,7347031.625
31-05-2020 18:00,ZnxXDlPa8U1GXgE,693,67.1429,6127.57,6649510.571
11-06-2020 23:45,ZoEaEvLYb1n2sOq,0,0,5561,7301632.000
17-06-2020 03:15,YxYtjZvoooNbGkE,0,0,0,7419556.000
24-05-2020 19:15,sjndEbLyjtCKgGv,0,0,7902,7089351.000
07-06-2020 17:30,3PZuoBAID5Wc2HD,2113.75,207.137,8164,7167146.000
16-05-2020 18:00,7JYdWkrLSPkdwr4,402.429,38.9143,6452.43,7615528.429
26-05-2020 14:00,ZoEaEvLYb1n2sOq,9134.12,892.425,5989.38,7184903.375
16-05-2020 03:45,z9Y9gH1T5YWrNuG,0,0,0,7014252.000
31-05-2020 11:15,wCURE6d3bPkepu2,12817.1,1250.35,2699,6905857.000
09-06-2020 22:15,McdE0feGgRqW7Ca,0,0,8235,7355017.000
31-05-2020 04:45,VHMLBKoKgIrUVDU,0,0,0,7328329.000
18-05-2020 13:15,YxYtjZvoooNbGkE,10415,1017.2,2652.57,7202881.571
31-05-2020 19:30,1IF53ai7Xc0U56Y,0,0,5889,6311432.000
11-06-2020 10:30,z9Y9gH1T5YWrNuG,5721.14,560.7,1200.71,7206665.714
02-06-2020 20:30,zVJPv84UY57bAof,0,0,7451,7255217.000
23-05-2020 01:00,zVJPv84UY57bAof,0,0,0,7172294.000
03-06-2020 18:45,1BY6WEcLGh8j5v7,0,0,7341,6397809.000
02-06-2020 20:45,3PZuoBAID5Wc2HD,0,0,0,7128614.000
31-05-2020 22:15,YxYtjZvoooNbGkE,0,0,5970,7305739.000
24-05-2020 06:00,WRmjgnKYAwPKWDb,110.25,10.65,0.375,7093026.375
07-06-2020 13:00,ih0vzX44oOqAx2f,12350.5,1204.19,4822.62,6355495.625
12-06-2020 08:15,sjndEbLyjtCKgGv,2800.43,274.686,209.143,7221463.143
26-05-2020 20:00,uHbuxQJl8lW7ozc,0,0,0,7128538.000
19-05-2020 14:30,zBIq5rxdHJRwDNY,10436.6,1020.24,5264.29,6370311.286
05-06-2020 15:30,z9Y9gH1T5YWrNuG,5144,503.543,6458.57,7169720.571
23-05-2020 13:00,YxYtjZvoooNbGkE,10306.4,1007.53,5136.43,7241257.429
05-06-2020 05:30,zBIq5rxdHJRwDNY,0,0,0,6492579.000
27-05-2020 03:30,zVJPv84UY57bAof,0,0,0,7205383.000
09-06-2020 04:45,iCRJl6heRkivqQ3,0,0,0,7364955.000
20-05-2020 06:45,iCRJl6heRkivqQ3,938,91.1125,40,7210758.000
11-06-2020 08:30,VHMLBKoKgIrUVDU,3085.88,303.087,334.625,7409629.625
17-05-2020 19:00,3PZuoBAID5Wc2HD,0,0,7794,7008483.000
29-05-2020 06:15,ih0vzX44oOqAx2f,446.167,43.2167,2,6287172.000
08-06-2020 12:15,sjndEbLyjtCKgGv,8350.86,817.057,4290,7196844.000
13-06-2020 06:45,7JYdWkrLSPkdwr4,1127.5,109.625,38,7812455.000
14-06-2020 06:30,VHMLBKoKgIrUVDU,677.5,65.65,16.75,7429582.750
06-06-2020 21:00,7JYdWkrLSPkdwr4,0,0,6317,7770457.000
25-05-2020 08:00,WRmjgnKYAwPKWDb,4575.29,448.8,386.714,7101503.714
02-06-2020 23:15,ZoEaEvLYb1n2sOq,0,0,7287,7235727.000
18-05-2020 12:30,WRmjgnKYAwPKWDb,8417.43,823.729,2055.57,7051159.571
02-06-2020 10:30,sjndEbLyjtCKgGv,7252.62,710.075,2303.5,7150311.500
29-05-2020 11:00,1BY6WEcLGh8j5v7,10951.3,1069.87,2519.43,6360329.429
18-05-2020 13:00,uHbuxQJl8lW7ozc,8312,813.4,2467.12,7061260.125
14-06-2020 04:00,7JYdWkrLSPkdwr4,0,0,0,7820852.000
18-05-2020 10:30,1BY6WEcLGh8j5v7,2999,294.586,695.429,6279345.429
15-05-2020 06:45,YxYtjZvoooNbGkE,1292.12,125.963,37.25,7180003.250
16-05-2020 11:00,wCURE6d3bPkepu2,7736.88,757.375,2296.5,6791223.500
17-06-2020 19:00,ih0vzX44oOqAx2f,0,0,5758,6426129.000
02-06-2020 06:45,uHbuxQJl8lW7ozc,809.25,78.5375,30.75,7170972.750
15-06-2020 18:45,ZoEaEvLYb1n2sOq,0,0,6639,7329691.000
29-05-2020 18:00,zVJPv84UY57bAof,445,43.0375,8209.25,7228682.250
16-06-2020 12:15,7JYdWkrLSPkdwr4,6473,634.038,3425.12,7838224.125
05-06-2020 16:30,YxYtjZvoooNbGkE,6032.57,591.1,7030.86,7341916.857
20-05-2020 12:30,YxYtjZvoooNbGkE,12873,1255.13,4777.71,7217253.714
02-06-2020 11:30,adLQvlD726eNBSB,6647.29,651.1,3089.86,6409920.857
22-05-2020 14:15,rGa61gmuvPhdLxV,7926.5,775.6,5334,7165733.000
16-06-2020 05:45,wCURE6d3bPkepu2,0,0,0,7016444.000
21-05-2020 23:00,zVJPv84UY57bAof,0,0,7944,7165123.000
05-06-2020 23:00,WRmjgnKYAwPKWDb,0,0,0,7190270.000
09-06-2020 13:30,1BY6WEcLGh8j5v7,9372.43,915.329,5088.43,6436702.429
26-05-2020 19:30,uHbuxQJl8lW7ozc,0,0,0,7128538.000
11-06-2020 17:00,adLQvlD726eNBSB,2456.12,240.838,5625.5,6482569.500
05-06-2020 11:00,sjndEbLyjtCKgGv,8333.88,815.075,2575.88,7174093.875
21-05-2020 11:45,wCURE6d3bPkepu2,12387.6,1208.49,3556.88,6827800.875
12-06-2020 09:30,7JYdWkrLSPkdwr4,5280.88,517.663,749.25,7807413.250
21-05-2020 10:15,1IF53ai7Xc0U56Y,7354.86,719.086,2075.57,6227502.571
15-05-2020 11:45,sjndEbLyjtCKgGv,6771.38,663.075,2640,7019472.000
03-06-2020 19:15,zVJPv84UY57bAof,0,0,7836,7263053.000
18-05-2020 03:30,zVJPv84UY57bAof,0,0,0,7136015.000
24-05-2020 14:30,ih0vzX44oOqAx2f,6684.71,654.529,6256.86,6255194.857
07-06-2020 04:15,zVJPv84UY57bAof,0,0,0,7285530.000
31-05-2020 14:00,adLQvlD726eNBSB,10837.4,1057.74,4771.62,6399542.625
25-05-2020 00:30,1BY6WEcLGh8j5v7,0,0,0,6327940.000
17-05-2020 08:00,uHbuxQJl8lW7ozc,4843,475.071,363.143,7051702.143
20-05-2020 06:30,3PZuoBAID5Wc2HD,747.714,72.4857,20.5714,7020532.571
12-06-2020 11:45,bvBOhCH3iADSZry,8490.57,830.857,2212.29,6506619.286
16-05-2020 13:45,WRmjgnKYAwPKWDb,6439,630.757,4867,7039682.000
21-05-2020 08:00,uHbuxQJl8lW7ozc,4829.8,473.54,369.2,7080474.667
30-05-2020 18:00,VHMLBKoKgIrUVDU,647.286,62.6714,7254.57,7328313.571
22-05-2020 10:30,ZnxXDlPa8U1GXgE,6476.62,634.025,1898.5,6573762.500
06-06-2020 17:45,YxYtjZvoooNbGkE,335.75,32.4375,6317.75,7348806.750
03-06-2020 18:15,1BY6WEcLGh8j5v7,347,33.5429,7334.86,6397802.857
11-06-2020 21:45,pkci93gMrogZuBj,0,0,5662,7374956.000
15-05-2020 16:15,iCRJl6heRkivqQ3,4732.14,464.257,5983,7183975.000
07-06-2020 06:00,WRmjgnKYAwPKWDb,66,6.37143,0.285714,7196611.286
17-05-2020 23:30,zVJPv84UY57bAof,0,0,7480,7136015.000
19-05-2020 23:45,ZoEaEvLYb1n2sOq,0,0,6805,7130332.000
07-06-2020 21:45,1IF53ai7Xc0U56Y,0,0,8239,6363338.000
16-05-2020 05:45,ZnxXDlPa8U1GXgE,0,0,0,6528476.000
03-06-2020 18:15,3PZuoBAID5Wc2HD,360.429,34.8429,7868.29,7136482.286
15-06-2020 19:15,1IF53ai7Xc0U56Y,0,0,6846,6421214.000
02-06-2020 12:45,7JYdWkrLSPkdwr4,10673.3,1042.63,4011.86,7737635.857
04-06-2020 15:30,zBIq5rxdHJRwDNY,8800,860.9,6943.29,6491285.286
13-06-2020 01:00,pkci93gMrogZuBj,0,0,0,7380807.000
18-05-2020 21:15,zBIq5rxdHJRwDNY,0,0,5390,6365047.000
25-05-2020 14:45,3PZuoBAID5Wc2HD,9591.29,937.957,7597.14,7069165.143
24-05-2020 02:15,sjndEbLyjtCKgGv,0,0,0,7081449.000
20-05-2020 13:15,McdE0feGgRqW7Ca,12517.5,1220.43,5743.83,7197841.833
18-05-2020 16:30,3PZuoBAID5Wc2HD,3796.62,373.05,5160.88,7013643.875
21-05-2020 12:45,1BY6WEcLGh8j5v7,8430.25,824.4,4273.38,6302619.375
26-05-2020 14:00,McdE0feGgRqW7Ca,9593.5,936.5,6153.5,7247802.500
16-06-2020 01:45,VHMLBKoKgIrUVDU,0,0,0,7443869.000
12-06-2020 15:15,zBIq5rxdHJRwDNY,4924.88,482.938,5027.25,6548577.250
07-06-2020 04:15,3PZuoBAID5Wc2HD,0,0,0,7158982.000
04-06-2020 15:15,wCURE6d3bPkepu2,8597,840.657,6748.57,6937524.571
15-05-2020 13:30,7JYdWkrLSPkdwr4,7975.43,780.686,3782.29,7606742.286
26-05-2020 22:30,1BY6WEcLGh8j5v7,0,0,0,6343669.000
03-06-2020 02:45,7JYdWkrLSPkdwr4,0,0,0,7740873.000
22-05-2020 15:30,rGa61gmuvPhdLxV,4100.62,402.125,6269.5,7166668.500
28-05-2020 10:00,1IF53ai7Xc0U56Y,10736.1,1048.64,2093,6283555.000
27-05-2020 17:15,sjndEbLyjtCKgGv,1840.71,180.186,6613.86,7112502.857
17-06-2020 11:00,WRmjgnKYAwPKWDb,6593.29,645.657,1935.86,7269514.857
16-06-2020 19:45,sjndEbLyjtCKgGv,0,0,6255,7255794.000
17-05-2020 14:15,McdE0feGgRqW7Ca,4386,430.55,5903.12,7177924.125
04-06-2020 03:45,WRmjgnKYAwPKWDb,0,0,0,7174627.000
04-06-2020 12:30,ZnxXDlPa8U1GXgE,8029.88,785.425,4103.38,6674987.375
14-06-2020 09:00,WRmjgnKYAwPKWDb,6076,595.286,889,7248068.000
17-05-2020 12:45,1IF53ai7Xc0U56Y,11852.4,1156.49,4790.14,6201384.143
19-05-2020 21:30,wCURE6d3bPkepu2,0,0,6956,6815349.000
21-05-2020 07:45,uHbuxQJl8lW7ozc,4057.5,398.65,302.5,7080413.500
17-05-2020 14:30,VHMLBKoKgIrUVDU,4206,412.529,6079.14,7225459.143
05-06-2020 23:15,wCURE6d3bPkepu2,0,0,7748,6946769.000
09-06-2020 02:30,7JYdWkrLSPkdwr4,0,0,0,7786793.000
10-06-2020 02:00,zVJPv84UY57bAof,0,0,0,7310456.000
01-06-2020 16:30,wCURE6d3bPkepu2,1727.29,169.286,5770.29,6915175.286
22-05-2020 16:45,zVJPv84UY57bAof,1949.86,191.143,7037.71,7172160.714
30-05-2020 02:30,sjndEbLyjtCKgGv,0,0,0,7129029.000
18-05-2020 09:45,3PZuoBAID5Wc2HD,1547.25,151.175,595.125,7009078.125
01-06-2020 23:15,1BY6WEcLGh8j5v7,0,0,5508,6383439.000
24-05-2020 05:45,rGa61gmuvPhdLxV,0,0,0,7175293.000
29-05-2020 23:30,zBIq5rxdHJRwDNY,0,0,0,6449905.000
13-06-2020 10:45,YxYtjZvoooNbGkE,9176.38,896.163,2607.25,7393666.250
14-06-2020 15:45,WRmjgnKYAwPKWDb,5921.75,580.275,6820.25,7253999.250
15-05-2020 03:45,z9Y9gH1T5YWrNuG,0,0,0,7007866.000
30-05-2020 00:15,3PZuoBAID5Wc2HD,0,0,0,7102189.000
09-06-2020 07:15,pkci93gMrogZuBj,2547.38,249.8,150.375,7354626.375
30-05-2020 11:30,ih0vzX44oOqAx2f,7512.29,735.5,2074.29,6297195.286
29-05-2020 23:00,ZnxXDlPa8U1GXgE,0,0,8150,6636066.000
02-06-2020 15:45,ZnxXDlPa8U1GXgE,7040.75,689.275,6784.38,6662227.375
17-05-2020 12:45,7JYdWkrLSPkdwr4,10987.5,1072.34,4609.88,7620146.875
31-05-2020 11:45,iCRJl6heRkivqQ3,7087,693.8,3061.14,7301659.143
17-06-2020 04:45,ZnxXDlPa8U1GXgE,0,0,0,6764808.000
26-05-2020 08:15,7JYdWkrLSPkdwr4,5995.25,587.438,560.125,7684580.125
19-05-2020 08:15,z9Y9gH1T5YWrNuG,2831.12,277.675,368.875,7033941.875
03-06-2020 03:15,3PZuoBAID5Wc2HD,0,0,0,7128614.000
13-06-2020 18:30,McdE0feGgRqW7Ca,70.2857,6.78571,8594.43,7381922.429
01-06-2020 22:15,McdE0feGgRqW7Ca,0,0,5992,7292752.000
04-06-2020 08:30,z9Y9gH1T5YWrNuG,6132.14,600.886,618.429,7155731.429
29-05-2020 17:15,bvBOhCH3iADSZry,2105.29,206.414,7354.57,6420939.571
16-06-2020 14:45,1BY6WEcLGh8j5v7,6350.29,622.114,4847.29,6478797.286
15-05-2020 03:45,McdE0feGgRqW7Ca,0,0,0,7158964.000
29-05-2020 23:00,7JYdWkrLSPkdwr4,0,0,8007,7714835.000
02-06-2020 12:15,YxYtjZvoooNbGkE,9686.29,947.014,3628.57,7315144.571
26-05-2020 10:00,uHbuxQJl8lW7ozc,10527.9,1029.07,1967.29,7122663.286
12-06-2020 08:30,bvBOhCH3iADSZry,2975.57,292,261.429,6504668.429
21-05-2020 20:30,WRmjgnKYAwPKWDb,0,0,0,7077358.000
09-06-2020 03:45,ZoEaEvLYb1n2sOq,0,0,0,7281724.000
11-06-2020 17:45,zBIq5rxdHJRwDNY,988.857,96.0857,5612,6543515.000
12-06-2020 07:45,bvBOhCH3iADSZry,1216.5,118.325,107.125,6504514.125
20-05-2020 11:00,bvBOhCH3iADSZry,10609.9,1037.09,2770.75,6349677.750
14-06-2020 11:30,rGa61gmuvPhdLxV,9289.5,908.337,3050.25,7333720.250
26-05-2020 03:45,McdE0feGgRqW7Ca,0,0,0,7241649.000
07-06-2020 22:15,3PZuoBAID5Wc2HD,0,0,8242,7167224.000
01-06-2020 18:15,iCRJl6heRkivqQ3,277.857,26.8429,5777.71,7310344.714
16-05-2020 02:15,bvBOhCH3iADSZry,0,0,0,6322510.000
13-06-2020 19:15,7JYdWkrLSPkdwr4,0,0,8435,7820852.000
14-06-2020 04:00,iCRJl6heRkivqQ3,0,0,0,7399855.000
24-05-2020 09:15,1IF53ai7Xc0U56Y,7861.75,769.375,1210.62,6250417.625
05-06-2020 03:45,ZnxXDlPa8U1GXgE,0,0,0,6679062.000
24-05-2020 12:30,WRmjgnKYAwPKWDb,11870.4,1157.81,4528.14,7097554.143
02-06-2020 04:30,zBIq5rxdHJRwDNY,0,0,0,6469033.000
08-06-2020 04:15,z9Y9gH1T5YWrNuG,0,0,0,7183631.000
04-06-2020 10:15,zBIq5rxdHJRwDNY,8495.29,829.843,1783.57,6486125.571
15-06-2020 04:30,YxYtjZvoooNbGkE,0,0,0,7406702.000
06-06-2020 08:45,YxYtjZvoooNbGkE,5991.25,587.025,917.875,7343406.875
15-05-2020 16:15,ZnxXDlPa8U1GXgE,4593.62,450.725,5869.5,6528041.500
16-06-2020 02:00,uHbuxQJl8lW7ozc,0,0,0,7274743.000
02-06-2020 14:00,1BY6WEcLGh8j5v7,6286.57,615.9,5194.29,6388633.286
24-05-2020 14:30,iCRJl6heRkivqQ3,9016.43,881.129,6520,7249740.000
23-05-2020 06:45,YxYtjZvoooNbGkE,687.167,66.5833,26.5,7236147.500
25-05-2020 02:00,zBIq5rxdHJRwDNY,0,0,0,6411758.000
05-06-2020 04:45,McdE0feGgRqW7Ca,0,0,0,7316761.000
14-06-2020 02:45,YxYtjZvoooNbGkE,0,0,0,7399439.000
24-05-2020 20:30,WRmjgnKYAwPKWDb,0,0,8091,7101117.000
17-06-2020 09:00,7JYdWkrLSPkdwr4,5100,499.971,691.286,7841656.286
25-05-2020 19:00,bvBOhCH3iADSZry,0,0,8124,6392336.000
01-06-2020 12:45,7JYdWkrLSPkdwr4,3875.62,380.825,4157.5,7731978.500
21-05-2020 11:00,rGa61gmuvPhdLxV,9665.12,944.237,2694,7155327.000
09-06-2020 07:00,ih0vzX44oOqAx2f,2210.14,216.671,97,6367006.000
26-05-2020 15:15,7JYdWkrLSPkdwr4,3710.43,364.443,6732,7690752.000
23-05-2020 21:30,uHbuxQJl8lW7ozc,0,0,8493,7103746.000
30-05-2020 01:00,ih0vzX44oOqAx2f,0,0,0,6295121.000
20-05-2020 01:30,WRmjgnKYAwPKWDb,0,0,0,7060932.000
17-05-2020 05:00,ZnxXDlPa8U1GXgE,0,0,0,6535152.000
01-06-2020 12:45,wCURE6d3bPkepu2,3742.57,367.7,4194.71,6913599.714
06-06-2020 04:15,pkci93gMrogZuBj,0,0,0,7331487.000
08-06-2020 21:30,sjndEbLyjtCKgGv,0,0,8371,7200925.000
27-05-2020 12:00,sjndEbLyjtCKgGv,11949.4,1165.9,3626.12,7109515.125
07-06-2020 22:00,WRmjgnKYAwPKWDb,0,0,8071,7204682.000
07-06-2020 06:00,rGa61gmuvPhdLxV,46.7143,4.51429,0,7279501.000
12-06-2020 13:30,z9Y9gH1T5YWrNuG,8230.57,805.571,3770.43,7214834.429
26-05-2020 11:00,VHMLBKoKgIrUVDU,13057.6,1273.11,3157,7292682.000
27-05-2020 04:00,WRmjgnKYAwPKWDb,0,0,0,7117880.000
20-05-2020 18:00,pkci93gMrogZuBj,843.875,81.9125,8829.75,7210178.750
17-06-2020 02:15,1IF53ai7Xc0U56Y,0,0,0,6427532.000
19-05-2020 00:15,WRmjgnKYAwPKWDb,0,0,0,7054452.000
09-06-2020 10:00,ZoEaEvLYb1n2sOq,5233.5,512.837,1856,7283580.000
29-05-2020 23:15,z9Y9gH1T5YWrNuG,0,0,0,7120455.000
13-06-2020 04:30,pkci93gMrogZuBj,0,0,0,7380807.000
10-06-2020 10:00,McdE0feGgRqW7Ca,4915.14,482.071,1578.29,7356595.286
20-05-2020 01:15,WRmjgnKYAwPKWDb,0,0,0,7060932.000
16-06-2020 00:00,1IF53ai7Xc0U56Y,0,0,0,6421214.000
15-05-2020 15:00,uHbuxQJl8lW7ozc,6160.62,603.688,5237.25,7043918.250
30-05-2020 09:15,adLQvlD726eNBSB,5474.62,536.663,811.625,6388163.625
21-05-2020 14:45,wCURE6d3bPkepu2,7673.71,750.886,6564.14,6830808.143
27-05-2020 01:30,ih0vzX44oOqAx2f,0,0,0,6272291.000
06-06-2020 18:00,zVJPv84UY57bAof,141.5,13.65,6440,7285530.000
03-06-2020 06:15,ZoEaEvLYb1n2sOq,335.857,32.4857,4.28571,7235731.286
22-05-2020 13:45,ZoEaEvLYb1n2sOq,8744.71,854.114,4982.86,7151667.857
01-06-2020 21:00,3PZuoBAID5Wc2HD,0,0,5965,7121269.000
25-05-2020 18:00,1BY6WEcLGh8j5v7,394.857,38.1857,8258.43,6336198.429
25-05-2020 01:15,pkci93gMrogZuBj,0,0,0,7241707.000
06-06-2020 03:00,1BY6WEcLGh8j5v7,0,0,0,6412542.000
02-06-2020 10:15,zBIq5rxdHJRwDNY,7075.38,692.8,2093.62,6471126.625
10-06-2020 22:15,wCURE6d3bPkepu2,0,0,6423,6982403.000
09-06-2020 21:45,7JYdWkrLSPkdwr4,0,0,7936,7794729.000
13-06-2020 16:45,WRmjgnKYAwPKWDb,2186.71,214.414,8213.14,7246993.143
10-06-2020 14:30,adLQvlD726eNBSB,5620.57,550.586,5636,6475913.000
11-06-2020 05:15,McdE0feGgRqW7Ca,0,0,0,7361623.000
15-06-2020 01:45,3PZuoBAID5Wc2HD,0,0,0,7218223.000
10-06-2020 23:45,rGa61gmuvPhdLxV,0,0,6565,7310769.000
12-06-2020 14:00,pkci93gMrogZuBj,8942.62,874.837,4243.88,7379199.875
12-06-2020 10:45,3PZuoBAID5Wc2HD,6743.12,660.45,1638.62,7197824.625
04-06-2020 15:45,1IF53ai7Xc0U56Y,6974.57,682.971,7197.71,6339856.714
01-06-2020 10:00,YxYtjZvoooNbGkE,7631.43,746.614,1760.29,7307499.286
14-06-2020 19:30,bvBOhCH3iADSZry,0,0,3958,6521600.000
03-06-2020 19:15,1IF53ai7Xc0U56Y,0,0,7875,6332659.000
10-06-2020 19:00,z9Y9gH1T5YWrNuG,0,0,6412,7205465.000
18-05-2020 21:00,adLQvlD726eNBSB,0,0,5506,6297816.000
27-05-2020 20:45,uHbuxQJl8lW7ozc,0,0,0,7135258.000
10-06-2020 09:00,McdE0feGgRqW7Ca,7107.62,695.987,886.75,7355903.750
02-06-2020 18:30,iCRJl6heRkivqQ3,64.5714,6.21429,7464.57,7317812.571
25-05-2020 05:15,iCRJl6heRkivqQ3,0,0,0,7251261.000
30-05-2020 03:15,VHMLBKoKgIrUVDU,0,0,0,7321059.000
07-06-2020 02:00,YxYtjZvoooNbGkE,0,0,0,7348812.000
13-06-2020 02:00,3PZuoBAID5Wc2HD,0,0,0,7202086.000
24-05-2020 05:30,iCRJl6heRkivqQ3,0,0,0,7243220.000
22-05-2020 22:15,WRmjgnKYAwPKWDb,0,0,7237,7084595.000
22-05-2020 02:15,zVJPv84UY57bAof,0,0,0,7165123.000
17-06-2020 07:15,7JYdWkrLSPkdwr4,2051.86,201.157,55.8571,7841020.857
15-06-2020 23:45,WRmjgnKYAwPKWDb,0,0,5889.62,7261315.000
24-05-2020 00:00,VHMLBKoKgIrUVDU,0,0,1230.14,7272332.000
01-06-2020 03:15,wCURE6d3bPkepu2,0,0,0,6909405.000
24-05-2020 22:00,sjndEbLyjtCKgGv,0,0,7902,7089351.000
16-05-2020 05:45,3PZuoBAID5Wc2HD,0,0,0,6994033.000
02-06-2020 15:45,sjndEbLyjtCKgGv,6528.75,639.388,6704.88,7154712.875
06-06-2020 10:15,YxYtjZvoooNbGkE,8481,828.612,1990.38,7344479.375
10-06-2020 07:30,ih0vzX44oOqAx2f,3296.14,324,214.143,6374969.143
18-05-2020 11:15,VHMLBKoKgIrUVDU,7270.71,711.929,1192,7228289.000
08-06-2020 10:45,pkci93gMrogZuBj,10821.6,1056.77,2669.57,7348801.571
24-05-2020 02:00,ih0vzX44oOqAx2f,0,0,0,6248938.000
30-05-2020 21:00,WRmjgnKYAwPKWDb,0,0,7130,7148029.000
31-05-2020 13:00,7JYdWkrLSPkdwr4,9401.25,918.125,4014,7725992.000
02-06-2020 03:00,wCURE6d3bPkepu2,0,0,0,6915344.000
22-05-2020 00:45,ih0vzX44oOqAx2f,0,0,0,6233543.000
11-06-2020 15:15,3PZuoBAID5Wc2HD,6330.25,620.212,4725.25,7195194.250
12-06-2020 21:15,uHbuxQJl8lW7ozc,0,0,5888,7252094.000
17-06-2020 01:30,rGa61gmuvPhdLxV,0,0,0,7350947.000
27-05-2020 12:15,WRmjgnKYAwPKWDb,6545.86,641.129,3864.14,7121744.143
07-06-2020 09:30,pkci93gMrogZuBj,6882,673.95,1151.62,7339069.625
26-05-2020 05:15,pkci93gMrogZuBj,0,0,0,7250519.000
17-06-2020 10:45,uHbuxQJl8lW7ozc,6663.12,652.625,1794.88,7282829.875
07-06-2020 05:45,sjndEbLyjtCKgGv,0,0,0,7185656.000
25-05-2020 14:15,3PZuoBAID5Wc2HD,10696.1,1045.43,7081.43,7068649.429
30-05-2020 06:15,z9Y9gH1T5YWrNuG,313.286,30.2571,4,7120459.000
25-05-2020 12:00,bvBOhCH3iADSZry,11486.1,1121.5,3914.12,6388126.125
13-06-2020 01:45,ih0vzX44oOqAx2f,0,0,0,6392263.000
09-06-2020 09:45,sjndEbLyjtCKgGv,9886.5,965.65,1748.88,7202673.875
13-06-2020 12:30,VHMLBKoKgIrUVDU,12986.8,1266.85,4890.62,7425804.625
07-06-2020 08:00,zVJPv84UY57bAof,3389.57,333.2,306.286,7285836.286
15-06-2020 21:30,VHMLBKoKgIrUVDU,0,0,6814,7443869.000
09-06-2020 13:15,VHMLBKoKgIrUVDU,9826.71,959.786,5281.86,7399977.857
02-06-2020 06:00,rGa61gmuvPhdLxV,66.125,6.3875,0,7241969.000
29-05-2020 12:45,3PZuoBAID5Wc2HD,12723,1240.46,4702.62,7098681.625
09-06-2020 20:30,3PZuoBAID5Wc2HD,0,0,8186,7183919.000
17-05-2020 04:00,ZnxXDlPa8U1GXgE,0,0,0,6535152.000
10-06-2020 03:15,uHbuxQJl8lW7ozc,0,0,0,7233863.000
17-06-2020 07:00,3PZuoBAID5Wc2HD,1392.25,135.925,17.875,7231390.875
31-05-2020 08:45,ih0vzX44oOqAx2f,7367.43,721.229,562.286,6302829.286
11-06-2020 00:00,iCRJl6heRkivqQ3,0,0,0,7379779.000
01-06-2020 20:00,VHMLBKoKgIrUVDU,0,0,5909,7340314.000
15-05-2020 15:45,z9Y9gH1T5YWrNuG,4801,470.575,5702.62,7013568.625
03-06-2020 23:15,pkci93gMrogZuBj,0,0,7786,7315436.000
08-06-2020 22:45,wCURE6d3bPkepu2,0,0,8443,6967970.000
12-06-2020 09:15,ZoEaEvLYb1n2sOq,5835.38,571.837,614.875,7302246.875
11-06-2020 06:30,sjndEbLyjtCKgGv,366.625,35.4,6.75,7215606.750
10-06-2020 15:30,1BY6WEcLGh8j5v7,4411,433,5228.86,6444298.857
30-05-2020 10:00,VHMLBKoKgIrUVDU,4756,466.571,1187.86,7322246.857
08-06-2020 13:00,YxYtjZvoooNbGkE,10120,988.45,4962.12,7361929.125
28-05-2020 04:00,VHMLBKoKgIrUVDU,0,0,0,7304378.000
16-06-2020 00:30,ZoEaEvLYb1n2sOq,0,0,0,7329691.000
31-05-2020 18:15,adLQvlD726eNBSB,280.75,27.125,5929.5,6400700.500
21-05-2020 21:45,1IF53ai7Xc0U56Y,0,0,0,6233247.000
26-05-2020 19:30,rGa61gmuvPhdLxV,0,0,0,7199869.000
06-06-2020 06:00,ih0vzX44oOqAx2f,132.143,12.7429,0.285714,6344476.286
17-06-2020 08:15,zVJPv84UY57bAof,3765.62,370.075,382.75,7357744.750
14-06-2020 01:00,YxYtjZvoooNbGkE,0,0,0,7399439.000
10-06-2020 18:00,1IF53ai7Xc0U56Y,572,55.3714,6589.14,6386611.143
23-05-2020 00:00,1BY6WEcLGh8j5v7,0,0,856,6312437.000
17-06-2020 13:15,adLQvlD726eNBSB,9690.86,947.314,4191.43,6522589.429
16-05-2020 05:15,ZoEaEvLYb1n2sOq,0,0,0,7104360.000
10-06-2020 01:15,1BY6WEcLGh8j5v7,0,0,0,6439070.000
28-05-2020 20:45,z9Y9gH1T5YWrNuG,0,0,8477,7112362.000
16-05-2020 12:30,rGa61gmuvPhdLxV,9343.57,913.771,3403.57,7121269.571
18-05-2020 02:15,1IF53ai7Xc0U56Y,0,0,0,6204353.000
23-05-2020 09:45,1IF53ai7Xc0U56Y,9512,929.843,1735.14,6242269.143
12-06-2020 23:30,wCURE6d3bPkepu2,0,0,5854,6993908.000
17-05-2020 14:45,ih0vzX44oOqAx2f,10236.9,1000.7,5958.71,6203768.714
24-05-2020 02:30,z9Y9gH1T5YWrNuG,0,0,0,7072762.000
05-06-2020 16:00,1BY6WEcLGh8j5v7,6881.38,673.987,6352.75,6411732.750
10-06-2020 00:45,sjndEbLyjtCKgGv,0,0,0,7209095.000
20-05-2020 08:30,7JYdWkrLSPkdwr4,6833.38,669.275,709,7635917.000
23-05-2020 12:00,1BY6WEcLGh8j5v7,12502.3,1219.34,3714.14,6316151.143
10-06-2020 23:45,zVJPv84UY57bAof,0,0,6560,7317016.000
28-05-2020 11:00,pkci93gMrogZuBj,12028.4,1173.2,2907,7267892.000
03-06-2020 14:15,McdE0feGgRqW7Ca,10188.6,995.614,5769.43,7306128.429
12-06-2020 15:00,1BY6WEcLGh8j5v7,5337.71,523.2,4570.57,6454808.571
01-06-2020 01:45,7JYdWkrLSPkdwr4,0,0,0,7727821.000
05-06-2020 10:30,zVJPv84UY57bAof,9559.14,933.714,2115,7273388.000
15-05-2020 20:15,zBIq5rxdHJRwDNY,0,0,6396,6345776.000
15-05-2020 14:30,pkci93gMrogZuBj,7223,706.425,4929.75,7174031.750
02-06-2020 16:45,uHbuxQJl8lW7ozc,3199.88,314.075,7262.62,7178204.625
10-06-2020 22:30,wCURE6d3bPkepu2,0,0,6423,6982403.000
23-05-2020 20:00,WRmjgnKYAwPKWDb,0,0,8431,7093026.000
23-05-2020 19:30,zBIq5rxdHJRwDNY,0,0,8674,6404481.000
11-06-2020 20:15,z9Y9gH1T5YWrNuG,0,0,5599,7211064.000
04-06-2020 03:00,zBIq5rxdHJRwDNY,0,0,0,6484342.000
22-05-2020 12:45,pkci93gMrogZuBj,12458.8,1215.11,4158.5,7222134.500
17-06-2020 19:45,WRmjgnKYAwPKWDb,0,0,5953,7273532.000
17-05-2020 03:45,bvBOhCH3iADSZry,0,0,0,6328648.000
26-05-2020 21:45,uHbuxQJl8lW7ozc,0,0,0,7128538.000
22-05-2020 08:30,zVJPv84UY57bAof,2646.12,259.512,676.375,7165799.375
15-06-2020 10:30,McdE0feGgRqW7Ca,10213.2,997.163,2571.25,7391929.250
23-05-2020 18:00,7JYdWkrLSPkdwr4,1267.75,123.35,8421,7667191.000
14-06-2020 03:00,1IF53ai7Xc0U56Y,0,0,0,6406881.000
08-06-2020 18:00,ih0vzX44oOqAx2f,825.286,80.0857,8193.43,6366885.429
16-06-2020 02:45,iCRJl6heRkivqQ3,0,0,0,7414001.000
17-05-2020 05:30,3PZuoBAID5Wc2HD,0,0,0,7000689.000
08-06-2020 16:15,ZoEaEvLYb1n2sOq,3239,317.871,7712.29,7281165.286
01-06-2020 16:30,7JYdWkrLSPkdwr4,1735,170.071,5633.14,7733454.143
30-05-2020 12:30,1BY6WEcLGh8j5v7,12228.7,1192.74,2943.86,6368317.857
31-05-2020 16:00,pkci93gMrogZuBj,3075.29,302.229,5559.86,7294435.857
02-06-2020 13:45,zBIq5rxdHJRwDNY,13298.4,1296.63,5232,6474265.000
17-06-2020 22:15,zVJPv84UY57bAof,0,0,5910,7363272.000
13-06-2020 23:30,1BY6WEcLGh8j5v7,0,0,7984,6463663.000
16-05-2020 23:45,sjndEbLyjtCKgGv,0,0,3674.86,7029613.000
27-05-2020 22:00,1BY6WEcLGh8j5v7,0,0,6164,6349833.000
13-06-2020 23:00,wCURE6d3bPkepu2,0,0,8461,7002369.000
27-05-2020 06:45,WRmjgnKYAwPKWDb,1613.25,157.887,50.75,7117930.750
14-06-2020 14:30,McdE0feGgRqW7Ca,8734.75,853.85,5860.25,7387783.250
02-06-2020 23:30,3PZuoBAID5Wc2HD,0,0,0,7128614.000
01-06-2020 20:15,ih0vzX44oOqAx2f,0,0,5751,6313983.000
16-05-2020 22:15,1IF53ai7Xc0U56Y,0,0,6592,6196594.000
15-05-2020 17:00,adLQvlD726eNBSB,2165.29,212.286,6253.43,6277608.429
13-06-2020 15:15,adLQvlD726eNBSB,10204.6,997.229,7748.43,6496470.429
26-05-2020 18:30,iCRJl6heRkivqQ3,0,0,0,7267996.000
25-05-2020 21:00,VHMLBKoKgIrUVDU,0,0,9013,7289525.000
28-05-2020 13:30,ih0vzX44oOqAx2f,6983,683.05,5839,6284701.571
22-05-2020 13:15,VHMLBKoKgIrUVDU,12816.6,1249.61,4687,7261048.000
15-05-2020 04:00,sjndEbLyjtCKgGv,0,0,0,7016832.000
11-06-2020 04:45,VHMLBKoKgIrUVDU,0,0,0,7409295.000
23-05-2020 12:00,3PZuoBAID5Wc2HD,12966.8,1264.39,4112.75,7048728.750
07-06-2020 06:00,zVJPv84UY57bAof,45.4286,4.38571,0,7285530.000
24-05-2020 11:15,1IF53ai7Xc0U56Y,11512.3,1123.61,2992.57,6252199.571
05-06-2020 10:15,VHMLBKoKgIrUVDU,6817.75,667.638,1969,7365790.000
31-05-2020 04:00,uHbuxQJl8lW7ozc,0,0,0,7159272.000
21-05-2020 23:30,1BY6WEcLGh8j5v7,0,0,7243,6305589.000
27-05-2020 08:00,uHbuxQJl8lW7ozc,4884.57,479.086,395,7128933.000
03-06-2020 06:45,pkci93gMrogZuBj,895.143,86.9,32.5714,7307682.571
15-06-2020 22:45,7JYdWkrLSPkdwr4,0,0,6641,7834799.000
16-05-2020 10:15,1IF53ai7Xc0U56Y,7505.88,734.75,1763.38,6191765.375
26-05-2020 10:00,1IF53ai7Xc0U56Y,11155.1,1089.59,2093.43,6268621.429
20-05-2020 05:15,ih0vzX44oOqAx2f,0,0,0,6217277.000
21-05-2020 11:00,pkci93gMrogZuBj,8812.71,861.557,2677.86,7212875.857
05-06-2020 21:15,1BY6WEcLGh8j5v7,0,0,7162,6412542.000
31-05-2020 00:15,sjndEbLyjtCKgGv,0,0,0,7136255.000
13-06-2020 08:30,uHbuxQJl8lW7ozc,6629.38,649.362,696.375,7252790.375
18-05-2020 01:00,iCRJl6heRkivqQ3,0,0,0,7198367.000
30-05-2020 20:30,zVJPv84UY57bAof,0,0,7290,7235977.000
29-05-2020 12:15,3PZuoBAID5Wc2HD,10230.8,999.875,4125.88,7098104.875
08-06-2020 03:45,adLQvlD726eNBSB,0,0,0,6453384.000
12-06-2020 07:00,z9Y9gH1T5YWrNuG,937.5,91.075,41,7211105.000
15-05-2020 16:00,iCRJl6heRkivqQ3,5077.88,498.075,5873.75,7183865.750
25-05-2020 22:00,7JYdWkrLSPkdwr4,0,0,8779,7684020.000
26-05-2020 23:45,sjndEbLyjtCKgGv,0,0,0,7105889.000
20-05-2020 05:45,zVJPv84UY57bAof,0,0,0,7148337.000
30-05-2020 23:30,ZnxXDlPa8U1GXgE,0,0,7317,6643383.000
22-05-2020 13:00,ZoEaEvLYb1n2sOq,10367.5,1011.95,4194,7150879.000
05-06-2020 15:15,7JYdWkrLSPkdwr4,6095.14,596.386,6193.43,7762814.429
16-06-2020 11:45,adLQvlD726eNBSB,8017.88,784.612,3309.5,6515311.500
14-06-2020 21:30,uHbuxQJl8lW7ozc,0,0,7306,7267837.000
20-05-2020 11:45,VHMLBKoKgIrUVDU,12487,1217.8,4012.57,7243554.571
13-06-2020 16:00,ZnxXDlPa8U1GXgE,6764.62,662.525,8090.62,6743875.625
08-06-2020 14:00,iCRJl6heRkivqQ3,9875.5,964.663,5998.88,7362509.875
15-06-2020 23:45,adLQvlD726eNBSB,0,0,6916,6512002.000
06-06-2020 06:00,3PZuoBAID5Wc2HD,147.125,14.2125,0.5,7152486.500
16-06-2020 02:45,uHbuxQJl8lW7ozc,0,0,0,7274743.000
25-05-2020 06:30,WRmjgnKYAwPKWDb,791.25,76.75,18.25,7101135.250
13-06-2020 16:30,wCURE6d3bPkepu2,3607.86,354.229,8199.71,7002107.714
03-06-2020 07:45,1IF53ai7Xc0U56Y,3462.88,340.45,250.125,6325034.125
18-05-2020 07:00,uHbuxQJl8lW7ozc,1683.14,164.714,75.2857,7058868.286
23-05-2020 22:45,3PZuoBAID5Wc2HD,0,0,8652,7053268.000
07-06-2020 20:30,z9Y9gH1T5YWrNuG,0,0,6342,7183631.000
09-06-2020 06:15,1IF53ai7Xc0U56Y,524.714,50.7714,8.71429,6371841.714
25-05-2020 09:00,zBIq5rxdHJRwDNY,7837.43,767.214,927.857,6412685.857
08-06-2020 23:00,1IF53ai7Xc0U56Y,0,0,8495,6371833.000
28-05-2020 12:45,adLQvlD726eNBSB,12317.1,1201.58,5360.62,6375733.625
22-05-2020 13:45,7JYdWkrLSPkdwr4,8810.57,860.171,5093.29,7656728.286
18-05-2020 23:30,VHMLBKoKgIrUVDU,0,0,5457,7232554.000
16-05-2020 02:15,1IF53ai7Xc0U56Y,0,0,0,6190002.000
22-05-2020 03:15,z9Y9gH1T5YWrNuG,0,0,0,7057147.000
30-05-2020 15:00,sjndEbLyjtCKgGv,9593.57,938.257,5730.71,7134759.714
17-06-2020 13:00,sjndEbLyjtCKgGv,6959.62,681.625,3854.62,7259648.625
24-05-2020 18:30,adLQvlD726eNBSB,156.714,15.1143,8395.43,6346129.429
20-05-2020 07:45,1BY6WEcLGh8j5v7,4069.43,399.771,269,6290366.000
21-05-2020 17:00,rGa61gmuvPhdLxV,1079.29,104.9,7698.86,7160331.857
10-06-2020 04:45,wCURE6d3bPkepu2,0,0,0,6975980.000
04-06-2020 06:15,ih0vzX44oOqAx2f,386.143,37.3571,6.28571,6329016.286
02-06-2020 01:30,1IF53ai7Xc0U56Y,0,0,0,6317444.000
18-05-2020 22:45,wCURE6d3bPkepu2,0,0,5393,6808393.000
05-06-2020 01:00,bvBOhCH3iADSZry,0,0,0,6460186.000
18-05-2020 07:45,7JYdWkrLSPkdwr4,1774.57,173.671,270.857,7623333.857
30-05-2020 01:30,VHMLBKoKgIrUVDU,0,0,0,7321059.000
20-05-2020 00:15,ZnxXDlPa8U1GXgE,0,0,0,6555136.000
21-05-2020 10:00,rGa61gmuvPhdLxV,5628.14,550.557,1295.29,7154439.714
14-06-2020 03:30,iCRJl6heRkivqQ3,0,0,0,7399855.000
27-05-2020 11:15,ih0vzX44oOqAx2f,11337.7,1106.12,2765.83,6275045.800
10-06-2020 22:45,zVJPv84UY57bAof,0,0,6560,7317016.000
11-06-2020 08:00,z9Y9gH1T5YWrNuG,2593.88,254.375,189,7205654.000
13-06-2020 15:00,iCRJl6heRkivqQ3,10685.8,1043.88,7224.75,7398583.750
24-05-2020 18:45,VHMLBKoKgIrUVDU,0,0,8180,7280512.000
08-06-2020 00:30,z9Y9gH1T5YWrNuG,0,0,0,7183631.000
24-05-2020 17:15,ZoEaEvLYb1n2sOq,2659,260.925,7857.62,7170041.625
02-06-2020 22:45,pkci93gMrogZuBj,0,0,7350,7307650.000
16-05-2020 07:15,wCURE6d3bPkepu2,1944.86,190.686,110.714,6789037.714
10-06-2020 20:00,McdE0feGgRqW7Ca,0,0,6606,7361623.000
24-05-2020 08:00,3PZuoBAID5Wc2HD,4850,475.462,426.75,7053694.750
25-05-2020 13:45,zVJPv84UY57bAof,11771.5,1147.89,6304.75,7195100.750
25-05-2020 01:30,1IF53ai7Xc0U56Y,0,0,0,6257480.000
06-06-2020 19:30,WRmjgnKYAwPKWDb,0,0,6341,7196611.000
03-06-2020 13:15,z9Y9gH1T5YWrNuG,10029.1,980.586,4622.14,7151896.143
29-05-2020 19:15,adLQvlD726eNBSB,0,0,8343,6387352.000
30-05-2020 11:45,VHMLBKoKgIrUVDU,9036.86,883.657,2345.71,7323404.714
04-06-2020 18:30,ZnxXDlPa8U1GXgE,45.8571,4.41429,8177.71,6679061.714
01-06-2020 18:00,ZoEaEvLYb1n2sOq,563,54.475,5781.75,7228425.750
24-05-2020 21:30,rGa61gmuvPhdLxV,0,0,8002,7183295.000
03-06-2020 12:00,z9Y9gH1T5YWrNuG,9526.75,931.675,3273.25,7150547.250
17-05-2020 22:00,bvBOhCH3iADSZry,0,0,6928,6335576.000
04-06-2020 14:00,sjndEbLyjtCKgGv,8373.57,818.457,5643.71,7168936.714
26-05-2020 21:45,rGa61gmuvPhdLxV,0,0,0,7199869.000
15-06-2020 14:45,wCURE6d3bPkepu2,6877.12,673.425,5566.5,7015264.500
31-05-2020 16:15,ZoEaEvLYb1n2sOq,2130.88,208.9,5510.5,7222358.500
27-05-2020 17:45,z9Y9gH1T5YWrNuG,596.143,57.7143,6692,7103875.000
15-05-2020 07:15,WRmjgnKYAwPKWDb,2024.29,198.471,126.714,7028799.714
26-05-2020 06:30,VHMLBKoKgIrUVDU,816.875,79.2625,22.75,7289547.750
21-05-2020 15:45,ZoEaEvLYb1n2sOq,5143.29,504.4,7136.71,7146204.714
10-06-2020 00:30,ih0vzX44oOqAx2f,0,0,0,6374755.000
04-06-2020 22:00,3PZuoBAID5Wc2HD,0,0,8215,7144703.000
31-05-2020 18:30,7JYdWkrLSPkdwr4,25.8571,2.5,5843,7727821.000
16-06-2020 23:45,WRmjgnKYAwPKWDb,0,0,6264,7267579.000
04-06-2020 01:15,bvBOhCH3iADSZry,0,0,0,6452724.000
22-05-2020 16:30,ZoEaEvLYb1n2sOq,2212.86,216.957,6843.57,7153528.571
14-06-2020 15:30,wCURE6d3bPkepu2,6783,664.325,6588.5,7008957.500
18-05-2020 02:00,ZnxXDlPa8U1GXgE,0,0,0,6542738.000
15-06-2020 05:30,ZnxXDlPa8U1GXgE,0,0,0,6751747.000
17-05-2020 17:00,iCRJl6heRkivqQ3,2096.62,205.575,7386.5,7198234.500
29-05-2020 20:45,WRmjgnKYAwPKWDb,0,0,8038,7140899.000
08-06-2020 23:45,pkci93gMrogZuBj,0,0,8344,7354476.000
23-05-2020 00:45,z9Y9gH1T5YWrNuG,0,0,0,7064219.000
20-05-2020 21:30,z9Y9gH1T5YWrNuG,0,0,8796,7049261.000
17-05-2020 02:00,1IF53ai7Xc0U56Y,0,0,0,6196594.000
24-05-2020 06:15,zBIq5rxdHJRwDNY,390.571,37.7429,6.85714,6404487.857
19-05-2020 15:15,ZnxXDlPa8U1GXgE,6111.5,598.85,5954.25,6554116.250
05-06-2020 14:30,WRmjgnKYAwPKWDb,11428.9,1115.86,5626.12,7188291.125
28-05-2020 11:15,zBIq5rxdHJRwDNY,12001.1,1170.11,3091.88,6437174.875
04-06-2020 21:00,1IF53ai7Xc0U56Y,0,0,8196,6340855.000
17-05-2020 07:30,zVJPv84UY57bAof,2837.14,278.571,155.571,7128690.571
11-06-2020 21:45,wCURE6d3bPkepu2,0,0,5651,6988054.000
07-06-2020 01:00,3PZuoBAID5Wc2HD,0,0,0,7158982.000
10-06-2020 20:15,ZoEaEvLYb1n2sOq,0,0,6392,7296071.000
17-05-2020 02:45,ZoEaEvLYb1n2sOq,0,0,0,7110744.000
03-06-2020 11:30,zBIq5rxdHJRwDNY,11227.6,1096.33,2703,6479157.000
11-06-2020 10:45,iCRJl6heRkivqQ3,6012.86,589.2,1364.57,7381143.571
30-05-2020 11:30,WRmjgnKYAwPKWDb,8142.25,796.875,2106.25,7143005.250
13-06-2020 03:30,1IF53ai7Xc0U56Y,0,0,0,6398227.000
10-06-2020 09:00,adLQvlD726eNBSB,7220.88,707,947.5,6471224.500
30-05-2020 20:30,WRmjgnKYAwPKWDb,0,0,7130,7148029.000
24-05-2020 23:45,sjndEbLyjtCKgGv,0,0,4515.43,7089351.000
30-05-2020 14:45,wCURE6d3bPkepu2,10269.1,1003.94,5539,6901419.000
20-05-2020 12:30,adLQvlD726eNBSB,13117,1278.91,5021.5,6309534.500
03-06-2020 16:15,WRmjgnKYAwPKWDb,3467.12,340.35,7244.88,7174161.875
30-05-2020 22:30,ZoEaEvLYb1n2sOq,0,0,7248,7216848.000
01-06-2020 21:15,uHbuxQJl8lW7ozc,0,0,5589,7170942.000
07-06-2020 19:00,sjndEbLyjtCKgGv,0,0,6898,7192554.000
22-05-2020 10:45,zBIq5rxdHJRwDNY,9984.12,974.888,1963.12,6390562.125
01-06-2020 22:15,zVJPv84UY57bAof,0,0,5742,7247766.000
04-06-2020 08:30,uHbuxQJl8lW7ozc,5945.88,582.625,617.25,7186872.250
10-06-2020 20:45,1BY6WEcLGh8j5v7,0,0,5911,6444981.000
05-06-2020 14:00,VHMLBKoKgIrUVDU,13091.2,1276.67,5207.25,7369028.250
24-05-2020 18:30,YxYtjZvoooNbGkE,145.143,14.0143,7969.71,7252649.714
22-05-2020 11:15,1BY6WEcLGh8j5v7,7977.5,780.087,2299.62,6307888.625
14-06-2020 05:45,bvBOhCH3iADSZry,0,0,0,6517642.000
14-06-2020 10:15,YxYtjZvoooNbGkE,7619.86,745.986,1810.86,7401249.857
15-05-2020 11:30,bvBOhCH3iADSZry,7353.12,719.062,2024.38,6318827.375
16-06-2020 02:00,adLQvlD726eNBSB,0,0,0,6512002.000
15-05-2020 05:15,7JYdWkrLSPkdwr4,0,0,0,7602960.000
30-05-2020 20:45,z9Y9gH1T5YWrNuG,0,0,7142,7127597.000
25-05-2020 08:30,ih0vzX44oOqAx2f,5929.43,581,554.429,6257048.429
29-05-2020 06:30,sjndEbLyjtCKgGv,991.857,96.3857,19,7120922.000
14-06-2020 08:15,sjndEbLyjtCKgGv,3619.71,355.729,513.571,7236017.571
21-05-2020 13:30,ih0vzX44oOqAx2f,10690,1043.38,5332.62,6231273.625
07-06-2020 14:00,pkci93gMrogZuBj,10248.9,1000.5,5989.71,7343907.714
27-05-2020 07:30,ZnxXDlPa8U1GXgE,3473.57,341.486,210.857,6612859.857
01-06-2020 23:00,ZoEaEvLYb1n2sOq,0,0,5796,7228440.000
16-06-2020 12:45,ZoEaEvLYb1n2sOq,7508.38,734.237,3761.38,7333452.375
04-06-2020 21:00,sjndEbLyjtCKgGv,0,0,0,7171518.000
19-05-2020 09:15,adLQvlD726eNBSB,6747.29,660.743,841.857,6298657.857
31-05-2020 23:45,ZnxXDlPa8U1GXgE,0,0,6142,6649525.000
27-05-2020 23:45,zVJPv84UY57bAof,0,0,0,7212082.000
01-06-2020 08:15,7JYdWkrLSPkdwr4,5563.57,545.329,651.286,7728472.286
13-06-2020 17:30,sjndEbLyjtCKgGv,1245,121.386,8343,7235444.000
04-06-2020 13:15,YxYtjZvoooNbGkE,12259.5,1196.06,4854.38,7331610.375
16-05-2020 19:30,rGa61gmuvPhdLxV,0,0,6233,7124099.000
02-06-2020 14:15,YxYtjZvoooNbGkE,7268.71,711.757,5634,7317150.000
30-05-2020 05:30,z9Y9gH1T5YWrNuG,0,0,0,7120455.000
13-06-2020 16:00,1IF53ai7Xc0U56Y,6496.5,636.388,8185,6406412.000
18-05-2020 04:00,wCURE6d3bPkepu2,0,0,0,6803000.000
24-05-2020 18:15,iCRJl6heRkivqQ3,373,36.0429,8033.86,7251253.857
19-05-2020 22:45,sjndEbLyjtCKgGv,0,0,6879,7049284.000
08-06-2020 01:30,adLQvlD726eNBSB,0,0,0,6453384.000
15-05-2020 22:00,zBIq5rxdHJRwDNY,0,0,6396,6345776.000
17-05-2020 15:00,rGa61gmuvPhdLxV,9840.43,962.257,6207.43,7130306.429
23-05-2020 00:30,1IF53ai7Xc0U56Y,0,0,0,6240534.000
19-05-2020 22:30,zVJPv84UY57bAof,0,0,6932,7148337.000
23-05-2020 17:45,zBIq5rxdHJRwDNY,1620.86,158.743,8606.14,6404413.143
19-05-2020 02:45,wCURE6d3bPkepu2,0,0,0,6808393.000
15-06-2020 03:30,sjndEbLyjtCKgGv,0,0,0,7242811.000
10-06-2020 09:00,ZoEaEvLYb1n2sOq,6861,671.943,855.714,7290534.714
16-05-2020 10:15,VHMLBKoKgIrUVDU,7224.14,707.371,1761.86,7214427.857
30-05-2020 00:15,z9Y9gH1T5YWrNuG,0,0,0,7120455.000
17-05-2020 08:30,7JYdWkrLSPkdwr4,5578.12,546.837,630.25,7616167.250
25-05-2020 02:45,ZnxXDlPa8U1GXgE,0,0,0,6595756.000
05-06-2020 20:15,adLQvlD726eNBSB,0,0,0,6438428.000
02-06-2020 05:30,YxYtjZvoooNbGkE,0,0,0,7311516.000
09-06-2020 04:00,zBIq5rxdHJRwDNY,0,0,0,6523269.000
20-05-2020 19:45,zBIq5rxdHJRwDNY,0,0,8891,6380862.000
07-06-2020 16:30,bvBOhCH3iADSZry,2879.57,282.357,4772.29,6477896.286
17-05-2020 09:30,bvBOhCH3iADSZry,7695,753.214,1228.71,6329876.714
13-06-2020 19:45,zVJPv84UY57bAof,0,0,8410,7336960.000
02-06-2020 19:15,sjndEbLyjtCKgGv,0,0,7439,7155447.000
13-06-2020 07:30,sjndEbLyjtCKgGv,3299.14,324.2,193.429,7227294.429
03-06-2020 20:00,iCRJl6heRkivqQ3,0,0,7883,7325696.000
09-06-2020 09:15,zVJPv84UY57bAof,9086.14,888.257,1283.86,7303450.857
01-06-2020 21:45,ih0vzX44oOqAx2f,0,0,5751,6313983.000
16-05-2020 22:00,7JYdWkrLSPkdwr4,0,0,6461,7615537.000
09-06-2020 19:15,iCRJl6heRkivqQ3,0,0,8265,7373220.000
24-05-2020 22:00,3PZuoBAID5Wc2HD,0,0,8300,7061568.000
24-05-2020 01:00,uHbuxQJl8lW7ozc,0,0,0,7103746.000
07-06-2020 11:45,z9Y9gH1T5YWrNuG,11319.4,1105.19,3341.29,7180630.286
17-06-2020 11:45,McdE0feGgRqW7Ca,11714.7,1143.47,2572,7405167.000
26-05-2020 16:45,z9Y9gH1T5YWrNuG,6124.62,600.062,7495.88,7096935.875
16-06-2020 20:45,zVJPv84UY57bAof,0,0,6262,7357362.000
19-05-2020 04:00,ZoEaEvLYb1n2sOq,0,0,0,7123527.000
20-05-2020 10:45,ZnxXDlPa8U1GXgE,11084.9,1083.24,2726.57,6557862.571
22-05-2020 01:30,ZnxXDlPa8U1GXgE,0,0,0,6571864.000
02-06-2020 12:45,YxYtjZvoooNbGkE,10882.7,1062.99,4100.14,7315616.143
29-05-2020 12:30,McdE0feGgRqW7Ca,12271.7,1197.26,4395.86,7269351.857
01-06-2020 20:15,YxYtjZvoooNbGkE,0,0,5777,7311516.000
05-06-2020 19:30,iCRJl6heRkivqQ3,0,0,7803,7341803.000
18-05-2020 05:15,7JYdWkrLSPkdwr4,0,0,0,7623063.000
01-06-2020 10:00,z9Y9gH1T5YWrNuG,7983.38,780.962,1710.5,7135607.500
15-05-2020 20:30,1BY6WEcLGh8j5v7,0,0,5754,6265313.000
15-05-2020 11:30,3PZuoBAID5Wc2HD,8226.86,803.671,2295.86,6990054.857
17-06-2020 09:30,rGa61gmuvPhdLxV,7106.71,695.857,975.429,7351922.429
23-05-2020 13:00,pkci93gMrogZuBj,10839.6,1058.6,5095.14,7230295.143
27-05-2020 07:15,rGa61gmuvPhdLxV,1877.14,183.757,130.857,7199999.857
04-06-2020 10:30,WRmjgnKYAwPKWDb,9041,882.729,2107.86,7176734.857
08-06-2020 03:15,YxYtjZvoooNbGkE,0,0,0,7356967.000
04-06-2020 12:45,zVJPv84UY57bAof,8467.71,827.3,4340.29,7267393.286
07-06-2020 17:45,VHMLBKoKgIrUVDU,1179.14,114.657,8179.86,7386168.857
10-06-2020 19:15,adLQvlD726eNBSB,0,0,6667,6476944.000
02-06-2020 17:15,1IF53ai7Xc0U56Y,1567,153.137,7278.62,6324722.625
10-06-2020 06:30,ih0vzX44oOqAx2f,839,81.4,21,6374776.000
18-05-2020 02:45,rGa61gmuvPhdLxV,0,0,0,7131537.000
02-06-2020 00:30,ZoEaEvLYb1n2sOq,0,0,0,7228440.000
19-05-2020 09:00,7JYdWkrLSPkdwr4,6189.86,606.414,674.429,7629046.429
19-05-2020 17:00,pkci93gMrogZuBj,2708.88,265.863,6816.38,7201227.375
03-06-2020 09:15,wCURE6d3bPkepu2,6376.12,624.612,965,6923834.000
04-06-2020 02:45,3PZuoBAID5Wc2HD,0,0,0,7136488.000
15-06-2020 10:00,wCURE6d3bPkepu2,9424.38,921.562,1982.5,7011680.500
19-05-2020 05:15,pkci93gMrogZuBj,0,0,0,7194411.000
23-05-2020 00:45,bvBOhCH3iADSZry,0,0,0,6368908.000
14-06-2020 15:15,WRmjgnKYAwPKWDb,9486.86,926.986,6486.43,7253665.429
14-06-2020 22:00,iCRJl6heRkivqQ3,0,0,7369,7407224.000
23-05-2020 06:45,iCRJl6heRkivqQ3,683.167,66.2,26.1667,7234619.167
30-05-2020 02:00,7JYdWkrLSPkdwr4,0,0,0,7714835.000
18-05-2020 19:15,bvBOhCH3iADSZry,0,0,4962,6340538.000
07-06-2020 05:15,pkci93gMrogZuBj,0,0,0,7337918.000
16-06-2020 22:45,YxYtjZvoooNbGkE,0,0,6221,7419556.000
29-05-2020 06:15,1BY6WEcLGh8j5v7,470.2,45.5,1.2,6357811.000
20-05-2020 09:45,zVJPv84UY57bAof,9546.57,933.657,1655.14,7149992.143
15-06-2020 05:30,z9Y9gH1T5YWrNuG,0,0,0,7232468.000
02-06-2020 15:00,ZoEaEvLYb1n2sOq,6455.29,632.243,6153.57,7234593.571
02-06-2020 05:15,wCURE6d3bPkepu2,0,0,0,6915344.000
14-06-2020 14:30,bvBOhCH3iADSZry,7117.71,696.929,2538.14,6520180.143
03-06-2020 05:30,zVJPv84UY57bAof,0,0,0,7255217.000
21-05-2020 09:30,rGa61gmuvPhdLxV,9836.14,961.843,1422.86,7154055.857
20-05-2020 08:15,1IF53ai7Xc0U56Y,6244.5,611.8,576,6217006.000
26-05-2020 23:45,pkci93gMrogZuBj,0,0,0,7258294.000
15-06-2020 05:00,rGa61gmuvPhdLxV,0,0,0,7337972.000
16-06-2020 19:30,ZnxXDlPa8U1GXgE,0,0,6304,6764808.000
27-05-2020 02:45,ih0vzX44oOqAx2f,0,0,0,6272291.000
10-06-2020 08:15,ih0vzX44oOqAx2f,2917,286.488,492,6375247.000
23-05-2020 02:30,ZoEaEvLYb1n2sOq,0,0,0,7153713.000
27-05-2020 12:00,WRmjgnKYAwPKWDb,11778,1149.42,3611.5,7121491.500
16-05-2020 12:45,wCURE6d3bPkepu2,11819.9,1152.88,3786.12,6792713.125
25-05-2020 01:30,pkci93gMrogZuBj,0,0,0,7241707.000
15-05-2020 05:00,ZnxXDlPa8U1GXgE,0,0,0,6522172.000
21-05-2020 08:45,sjndEbLyjtCKgGv,7301.29,714.886,774.857,7058835.857
11-06-2020 21:30,3PZuoBAID5Wc2HD,0,0,5717,7196186.000
09-06-2020 21:15,uHbuxQJl8lW7ozc,0,0,8309,7233863.000
03-06-2020 04:30,sjndEbLyjtCKgGv,0,0,0,7155447.000
04-06-2020 17:15,rGa61gmuvPhdLxV,3953.12,388.425,8010.62,7265147.625
28-05-2020 13:00,ZoEaEvLYb1n2sOq,12995.2,1267.05,5242.38,7198533.375
16-05-2020 15:15,3PZuoBAID5Wc2HD,5957.29,583.714,5940.14,6999973.143
18-05-2020 04:45,iCRJl6heRkivqQ3,0,0,0,7198367.000
11-06-2020 02:30,3PZuoBAID5Wc2HD,0,0,0,7190469.000
02-06-2020 07:30,ZoEaEvLYb1n2sOq,2050.57,201,145.143,7228585.143
01-06-2020 13:15,zBIq5rxdHJRwDNY,9009.71,880.557,4455.86,6467694.857
16-06-2020 16:15,1IF53ai7Xc0U56Y,3583.43,352.071,5975.86,6427189.857
02-06-2020 01:00,VHMLBKoKgIrUVDU,0,0,0,7340314.000
27-05-2020 05:15,1IF53ai7Xc0U56Y,0,0,0,6274638.000
02-06-2020 16:30,zVJPv84UY57bAof,4538.43,445.371,7149.71,7254915.714
15-06-2020 03:00,1IF53ai7Xc0U56Y,0,0,0,6414368.000
30-05-2020 03:15,pkci93gMrogZuBj,0,0,0,7281535.000
05-06-2020 05:45,adLQvlD726eNBSB,0,0,0,6430581.000
12-06-2020 02:15,McdE0feGgRqW7Ca,0,0,0,7367373.000
16-05-2020 11:30,7JYdWkrLSPkdwr4,6662.43,652.543,2719.71,7611795.714
19-05-2020 14:00,McdE0feGgRqW7Ca,9399,919.3,4846.71,7189937.714
20-05-2020 06:00,1BY6WEcLGh8j5v7,97.7143,9.44286,0.285714,6290097.286
04-06-2020 04:15,z9Y9gH1T5YWrNuG,0,0,0,7155113.000
29-05-2020 21:30,rGa61gmuvPhdLxV,0,0,0,7223074.000
04-06-2020 04:30,sjndEbLyjtCKgGv,0,0,0,7163293.000
11-06-2020 13:45,VHMLBKoKgIrUVDU,6368.75,623.925,3567.5,7412862.500
09-06-2020 22:00,ih0vzX44oOqAx2f,0,0,7846,6374755.000
13-06-2020 05:45,sjndEbLyjtCKgGv,0,0,0,7227101.000
14-06-2020 21:00,zVJPv84UY57bAof,0,0,7320,7344280.000
23-05-2020 04:30,WRmjgnKYAwPKWDb,0,0,0,7084595.000
24-05-2020 10:30,bvBOhCH3iADSZry,9498.5,927.925,2009.38,6378781.375
27-05-2020 22:30,wCURE6d3bPkepu2,0,0,0,6879195.000
06-06-2020 17:30,VHMLBKoKgIrUVDU,457.25,44.2125,6412.62,7377966.625
11-06-2020 00:15,7JYdWkrLSPkdwr4,0,0,0,7801091.000
04-06-2020 14:00,ih0vzX44oOqAx2f,7356.75,719.438,5518.38,6334528.375
21-05-2020 13:45,uHbuxQJl8lW7ozc,12286.1,1198.51,5679,7085790.000
23-05-2020 12:45,ZnxXDlPa8U1GXgE,9040.88,884.45,4897.88,6584036.875
20-05-2020 02:45,uHbuxQJl8lW7ozc,0,0,0,7071198.000
17-05-2020 22:30,YxYtjZvoooNbGkE,0,0,7497,7200229.000
29-05-2020 20:45,1IF53ai7Xc0U56Y,0,0,8253,6298211.000
12-06-2020 08:45,3PZuoBAID5Wc2HD,4163.88,408.988,373,7196559.000
03-06-2020 11:00,zVJPv84UY57bAof,9749.14,953.386,2221.14,7257438.143
22-05-2020 19:00,ih0vzX44oOqAx2f,0,0,7000,6240543.000
17-05-2020 01:30,pkci93gMrogZuBj,0,0,0,7181650.000
10-06-2020 14:45,ih0vzX44oOqAx2f,972.286,94.4571,5348.86,6380103.857
22-05-2020 06:15,7JYdWkrLSPkdwr4,583.143,56.4286,11.4286,7651646.429
08-06-2020 11:00,1BY6WEcLGh8j5v7,10768,1050.99,2856.71,6426606.714
13-06-2020 23:30,ZnxXDlPa8U1GXgE,0,0,8558,6744343.000
07-06-2020 03:15,z9Y9gH1T5YWrNuG,0,0,0,7177289.000
19-05-2020 06:45,z9Y9gH1T5YWrNuG,679.25,65.975,12.25,7033585.250
02-06-2020 01:45,1IF53ai7Xc0U56Y,0,0,0,6317444.000
14-06-2020 01:15,z9Y9gH1T5YWrNuG,0,0,0,7225230.000
04-06-2020 22:00,z9Y9gH1T5YWrNuG,0,0,0,7163262.000
22-05-2020 22:30,wCURE6d3bPkepu2,0,0,0,6839225.000
08-06-2020 08:30,iCRJl6heRkivqQ3,5466.29,535.857,533.429,7357044.429
28-05-2020 15:15,zVJPv84UY57bAof,9178.14,897.8,7309.57,7219391.571
24-05-2020 13:00,z9Y9gH1T5YWrNuG,12341,1203.24,4863.38,7077625.375
07-06-2020 09:00,adLQvlD726eNBSB,9664.57,945.086,790.429,6445821.429
02-06-2020 12:15,uHbuxQJl8lW7ozc,9895.29,967.486,3677.43,7174619.429
17-06-2020 14:00,ZoEaEvLYb1n2sOq,6351.38,622.112,4651.5,7340533.500
02-06-2020 06:45,7JYdWkrLSPkdwr4,808.75,78.475,31.25,7733655.250
04-06-2020 15:30,bvBOhCH3iADSZry,7840.62,767.462,6334.5,6459058.500
14-06-2020 17:00,adLQvlD726eNBSB,1861.38,182.45,7465.75,6504961.750
04-06-2020 15:00,ZoEaEvLYb1n2sOq,11456.1,1118.39,6352.71,7249853.714
16-06-2020 09:00,3PZuoBAID5Wc2HD,5980.29,585.986,917.714,7225959.714
11-06-2020 13:30,zVJPv84UY57bAof,4905.29,481.171,3379.14,7320395.143
16-05-2020 17:45,sjndEbLyjtCKgGv,745.286,72.2571,6410.71,7029592.714
28-05-2020 20:00,adLQvlD726eNBSB,0,0,8636,6379009.000
01-06-2020 01:30,YxYtjZvoooNbGkE,0,0,0,7305739.000
01-06-2020 00:30,YxYtjZvoooNbGkE,0,0,0,7305739.000
28-05-2020 20:15,iCRJl6heRkivqQ3,0,0,8345,7283037.000
01-06-2020 11:45,zBIq5rxdHJRwDNY,4238.86,416.314,3477,6466716.000
10-06-2020 10:15,WRmjgnKYAwPKWDb,7989.75,781.587,1735.25,7222713.250
01-06-2020 07:30,7JYdWkrLSPkdwr4,4286.5,420.938,253.75,7728074.750
26-05-2020 18:15,wCURE6d3bPkepu2,0,0,7835,6872485.000
20-05-2020 20:30,ZnxXDlPa8U1GXgE,0,0,8909,6564045.000
21-05-2020 17:00,zBIq5rxdHJRwDNY,1074.38,104.438,7669.75,6388531.750
15-05-2020 05:45,sjndEbLyjtCKgGv,0,0,0,7016832.000
10-06-2020 05:30,ZnxXDlPa8U1GXgE,0,0,0,6717772.000
11-06-2020 17:45,bvBOhCH3iADSZry,909.429,88.3143,5164.86,6504374.857
17-06-2020 07:45,iCRJl6heRkivqQ3,3761.57,369.671,213.857,7420519.857
30-05-2020 03:30,WRmjgnKYAwPKWDb,0,0,0,7140899.000
03-06-2020 02:15,ih0vzX44oOqAx2f,0,0,0,6321311.000
30-05-2020 22:15,z9Y9gH1T5YWrNuG,0,0,7142,7127597.000
21-05-2020 10:30,zBIq5rxdHJRwDNY,10729.8,1047.14,2201.5,6383063.500
30-05-2020 22:30,zVJPv84UY57bAof,0,0,7290,7235977.000
10-06-2020 00:15,wCURE6d3bPkepu2,0,0,0,6975980.000
20-05-2020 21:15,z9Y9gH1T5YWrNuG,0,0,8796,7049261.000
10-06-2020 02:45,1IF53ai7Xc0U56Y,0,0,0,6380022.000
27-05-2020 21:45,bvBOhCH3iADSZry,0,0,6133,6405833.000
19-05-2020 10:45,McdE0feGgRqW7Ca,8341.75,815.425,1944.25,7187035.250
03-06-2020 16:45,iCRJl6heRkivqQ3,4767.86,467.371,7495,7325308.000
14-06-2020 07:45,rGa61gmuvPhdLxV,4226.71,414.929,299.714,7330969.714
17-05-2020 13:15,sjndEbLyjtCKgGv,6430.75,629.125,4875.25,7034488.250
22-05-2020 08:00,iCRJl6heRkivqQ3,5008.62,491.163,469.125,7227911.125
30-05-2020 07:30,ih0vzX44oOqAx2f,1967.71,192.9,171.429,6295292.429
28-05-2020 22:15,YxYtjZvoooNbGkE,0,0,8375,7284404.000
24-05-2020 00:15,VHMLBKoKgIrUVDU,0,0,0,7272332.000
18-05-2020 04:45,pkci93gMrogZuBj,0,0,0,7189047.000
22-05-2020 10:15,7JYdWkrLSPkdwr4,11040.4,1077.62,1635.75,7653270.750
03-06-2020 06:15,rGa61gmuvPhdLxV,329.714,31.8571,3.42857,7249333.429
17-06-2020 11:30,1BY6WEcLGh8j5v7,7074.29,692.757,2162.86,6481960.857
30-05-2020 20:00,zBIq5rxdHJRwDNY,0,0,7396,6457301.000
20-05-2020 09:30,uHbuxQJl8lW7ozc,8723,853.487,1440.88,7072638.875
27-05-2020 14:00,wCURE6d3bPkepu2,4166.88,409.337,5023.38,6877508.375
24-05-2020 18:30,WRmjgnKYAwPKWDb,149.571,14.4429,8089,7101115.000
09-06-2020 01:45,1IF53ai7Xc0U56Y,0,0,0,6371833.000
13-06-2020 21:15,3PZuoBAID5Wc2HD,0,0,8633,7210719.000
25-05-2020 08:15,1IF53ai7Xc0U56Y,6362.62,623.337,497.5,6257977.500
17-05-2020 11:00,ih0vzX44oOqAx2f,11199.6,1092.33,2782.43,6200592.429
15-06-2020 03:00,7JYdWkrLSPkdwr4,0,0,0,7828158.000
11-06-2020 12:45,7JYdWkrLSPkdwr4,5860.12,574.237,2865.38,7803956.375
04-06-2020 17:30,1IF53ai7Xc0U56Y,2907.14,285.471,8087.57,6340746.571
17-05-2020 12:45,3PZuoBAID5Wc2HD,13217.4,1288.9,4806.71,7005495.714
24-05-2020 11:00,WRmjgnKYAwPKWDb,11291.4,1101.76,2806,7095832.000
07-06-2020 04:00,zBIq5rxdHJRwDNY,0,0,0,6506728.000
18-05-2020 03:45,wCURE6d3bPkepu2,0,0,0,6803000.000
31-05-2020 02:15,zBIq5rxdHJRwDNY,0,0,0,6457301.000
09-06-2020 12:00,iCRJl6heRkivqQ3,9229,901.871,4067.14,7369022.143
01-06-2020 22:30,wCURE6d3bPkepu2,0,0,5939,6915344.000
24-05-2020 16:30,iCRJl6heRkivqQ3,3279,321.475,7630.25,7250850.250
27-05-2020 11:00,3PZuoBAID5Wc2HD,7108,695.571,2607.86,7081318.857
22-05-2020 18:45,1BY6WEcLGh8j5v7,0,0,6848,6312437.000
28-05-2020 05:15,VHMLBKoKgIrUVDU,0,0,0,7304378.000
29-05-2020 10:30,WRmjgnKYAwPKWDb,12314.2,1200.95,2141.62,7135002.625
02-06-2020 23:00,bvBOhCH3iADSZry,0,0,6842,6445487.000
23-05-2020 09:15,3PZuoBAID5Wc2HD,9279.14,907.629,1296.14,7045912.143
12-06-2020 03:45,ZoEaEvLYb1n2sOq,0,0,0,7301632.000
21-05-2020 18:00,rGa61gmuvPhdLxV,321.429,31.0429,7759.29,7160392.286
14-06-2020 18:30,iCRJl6heRkivqQ3,65.75,6.35,7368.75,7407223.750
07-06-2020 09:15,rGa61gmuvPhdLxV,8590.25,840.5,957.75,7280458.750
14-06-2020 15:45,sjndEbLyjtCKgGv,5913.14,579.443,6715.71,7242219.714
16-05-2020 18:30,pkci93gMrogZuBj,0,0,6173,7181650.000
01-06-2020 20:00,bvBOhCH3iADSZry,0,0,5378,6438645.000
18-05-2020 05:15,sjndEbLyjtCKgGv,0,0,0,7037054.000
24-05-2020 13:00,McdE0feGgRqW7Ca,12560.4,1224.66,4956.62,7229592.625
11-06-2020 10:45,McdE0feGgRqW7Ca,6031.88,591.013,1370,7362993.000
08-06-2020 11:45,zVJPv84UY57bAof,10995,1073.16,3783.29,7297573.286
13-06-2020 02:45,pkci93gMrogZuBj,0,0,0,7380807.000
30-05-2020 21:00,iCRJl6heRkivqQ3,0,0,7345,7298598.000
10-06-2020 21:30,YxYtjZvoooNbGkE,0,0,6419,7379687.000
12-06-2020 05:30,uHbuxQJl8lW7ozc,0,0,0,7246206.000
29-05-2020 06:30,ZnxXDlPa8U1GXgE,985,95.7,18.8571,6627934.857
17-05-2020 15:00,z9Y9gH1T5YWrNuG,7854.71,768.6,6323.43,7027063.429
05-06-2020 15:15,McdE0feGgRqW7Ca,8483,829.638,6465.88,7323226.875
12-06-2020 04:45,adLQvlD726eNBSB,0,0,0,6482734.000
09-06-2020 03:30,pkci93gMrogZuBj,0,0,0,7354476.000
15-06-2020 05:00,3PZuoBAID5Wc2HD,0,0,0,7218223.000
25-05-2020 18:30,ZnxXDlPa8U1GXgE,39,3.775,8909.88,6604665.875
09-06-2020 00:15,ih0vzX44oOqAx2f,0,0,0,6366909.000
19-05-2020 03:30,1BY6WEcLGh8j5v7,0,0,0,6283648.000
20-05-2020 22:15,WRmjgnKYAwPKWDb,0,0,8793,7069725.000
20-05-2020 13:15,YxYtjZvoooNbGkE,12315.3,1200.73,5659.5,7218135.500
28-05-2020 00:30,1BY6WEcLGh8j5v7,0,0,0,6349833.000
22-05-2020 01:45,sjndEbLyjtCKgGv,0,0,0,7065886.000
15-06-2020 09:45,YxYtjZvoooNbGkE,8953.62,875.575,1727.12,7408429.125
15-06-2020 21:15,VHMLBKoKgIrUVDU,0,0,6814,7443869.000
13-06-2020 06:00,ih0vzX44oOqAx2f,102.875,9.9375,0.625,6392263.625
16-06-2020 08:00,VHMLBKoKgIrUVDU,4962.14,486.657,355.286,7444224.286
24-05-2020 14:15,WRmjgnKYAwPKWDb,10638.3,1039.27,6374.14,7099400.143
14-06-2020 13:15,zBIq5rxdHJRwDNY,10681.5,1043.3,4385.62,6562207.625
27-05-2020 22:30,1BY6WEcLGh8j5v7,0,0,6164,6349833.000
22-05-2020 10:15,WRmjgnKYAwPKWDb,11788.6,1150.14,1674,7079032.000
26-05-2020 10:45,WRmjgnKYAwPKWDb,10182.4,994.275,2791.62,7112787.625
02-06-2020 07:30,McdE0feGgRqW7Ca,2176.14,213.343,155,7292907.000
17-05-2020 20:30,pkci93gMrogZuBj,0,0,7397,7189047.000
04-06-2020 16:45,ZoEaEvLYb1n2sOq,3839.29,376.7,7648,7251149.000
11-06-2020 20:15,sjndEbLyjtCKgGv,0,0,5654,7221254.000
20-05-2020 08:30,3PZuoBAID5Wc2HD,7112.57,696.529,737.429,7021249.429
08-06-2020 17:15,1IF53ai7Xc0U56Y,2139,209.488,8361.25,6371699.250
30-05-2020 17:15,adLQvlD726eNBSB,2485.12,243.7,7298.5,6394650.500
19-05-2020 08:00,zBIq5rxdHJRwDNY,1980.57,194.043,321,6365368.000
16-05-2020 20:30,zVJPv84UY57bAof,0,0,6419,7128535.000
11-06-2020 03:45,zVJPv84UY57bAof,0,0,0,7317016.000
15-05-2020 18:00,adLQvlD726eNBSB,311.571,30.0857,6377.14,6277732.143
07-06-2020 00:15,ih0vzX44oOqAx2f,0,0,0,6350673.000
19-05-2020 12:30,1BY6WEcLGh8j5v7,9414,920.7,3279,6286927.000
30-05-2020 07:00,iCRJl6heRkivqQ3,1705.88,166.975,73.875,7291326.875
20-05-2020 19:45,bvBOhCH3iADSZry,0,0,8131,6355038.000
25-05-2020 04:15,YxYtjZvoooNbGkE,0,0,0,7252651.000
19-05-2020 03:15,YxYtjZvoooNbGkE,0,0,0,7205598.000
21-05-2020 18:15,uHbuxQJl8lW7ozc,125.857,12.1571,7863.14,7087974.143
22-05-2020 03:00,YxYtjZvoooNbGkE,0,0,0,7229034.000
02-06-2020 04:45,uHbuxQJl8lW7ozc,0,0,0,7170942.000
22-05-2020 03:30,bvBOhCH3iADSZry,0,0,0,6362148.000
18-05-2020 12:30,z9Y9gH1T5YWrNuG,8383.43,820.414,2031,7030257.000
31-05-2020 05:00,iCRJl6heRkivqQ3,0,0,0,7298598.000
13-06-2020 14:30,1BY6WEcLGh8j5v7,7963.12,778.888,6343.12,6462022.125
24-05-2020 05:30,1BY6WEcLGh8j5v7,0,0,0,6320403.000
07-06-2020 10:15,VHMLBKoKgIrUVDU,7734.86,757.186,1683.43,7379672.429
07-06-2020 18:00,1BY6WEcLGh8j5v7,589.286,57.0143,5253.57,6423735.571
24-05-2020 13:00,7JYdWkrLSPkdwr4,11985.2,1168.9,5035.62,7672255.625
17-06-2020 13:15,3PZuoBAID5Wc2HD,10755.9,1050.84,4144.57,7235517.571
30-05-2020 17:45,bvBOhCH3iADSZry,901.714,87.5286,6626.29,6427649.286
23-05-2020 09:45,pkci93gMrogZuBj,9116.14,891.314,1633,7226833.000
16-05-2020 10:15,3PZuoBAID5Wc2HD,7764.62,759.95,1766.88,6995799.875
10-06-2020 20:30,WRmjgnKYAwPKWDb,0,0,6389,7227367.000
16-05-2020 14:30,1IF53ai7Xc0U56Y,7631.12,747.062,5353.75,6195355.750
06-06-2020 09:30,z9Y9gH1T5YWrNuG,9456,924.4,1310,7172311.000
26-05-2020 10:15,bvBOhCH3iADSZry,8431.75,824.325,2055,6394391.000
09-06-2020 21:15,YxYtjZvoooNbGkE,0,0,7958,7373268.000
09-06-2020 17:00,3PZuoBAID5Wc2HD,3158.43,310.414,7965.43,7183698.429
28-05-2020 10:45,uHbuxQJl8lW7ozc,9810.88,957.587,2694.38,7137952.375
29-05-2020 23:00,YxYtjZvoooNbGkE,0,0,0,7292503.000
04-06-2020 12:45,1BY6WEcLGh8j5v7,7234.14,707.3,4000.71,6401809.714
15-05-2020 08:00,ih0vzX44oOqAx2f,3172.14,311.514,285.286,6185465.000
17-05-2020 01:30,1IF53ai7Xc0U56Y,0,0,0,6196594.000
30-05-2020 13:00,zBIq5rxdHJRwDNY,9303.14,909.957,3685,6453590.000
22-05-2020 15:30,iCRJl6heRkivqQ3,4921.88,482.575,6613.5,7234055.500
15-05-2020 23:00,ZoEaEvLYb1n2sOq,0,0,6261,7104360.000
17-05-2020 03:30,iCRJl6heRkivqQ3,0,0,0,7190848.000
19-05-2020 07:30,wCURE6d3bPkepu2,2665.43,261.5,178.429,6808571.429
14-06-2020 16:30,YxYtjZvoooNbGkE,2826.71,277.443,7037.57,7406476.571
31-05-2020 21:15,z9Y9gH1T5YWrNuG,0,0,6300,7133897.000
04-06-2020 18:30,z9Y9gH1T5YWrNuG,46.4286,4.48571,8149,7163262.000
12-06-2020 13:00,zVJPv84UY57bAof,8201.12,802.65,3415,7326102.000
10-06-2020 07:15,VHMLBKoKgIrUVDU,2739.43,268.7,152,7402968.000
12-06-2020 18:30,7JYdWkrLSPkdwr4,89.125,8.6,5752.5,7812416.500
28-05-2020 01:00,sjndEbLyjtCKgGv,0,0,0,7112565.000
05-06-2020 10:45,1IF53ai7Xc0U56Y,10335.6,1009.48,2460.5,6343315.500
04-06-2020 13:30,rGa61gmuvPhdLxV,7758.71,759.443,5143.71,7262280.714
10-06-2020 14:00,z9Y9gH1T5YWrNuG,6824.14,668.229,5010.57,7204063.571
10-06-2020 05:15,z9Y9gH1T5YWrNuG,0,0,0,7199053.000
19-05-2020 22:15,ZoEaEvLYb1n2sOq,0,0,6805,7130332.000
28-05-2020 21:15,ZoEaEvLYb1n2sOq,0,0,8247,7201538.000
08-06-2020 05:30,iCRJl6heRkivqQ3,0,0,0,7356511.000
26-05-2020 16:30,iCRJl6heRkivqQ3,5639,552.663,7477.12,7267607.125
17-05-2020 02:30,1BY6WEcLGh8j5v7,0,0,0,6271605.000
26-05-2020 03:45,wCURE6d3bPkepu2,0,0,0,6864650.000
14-06-2020 18:45,VHMLBKoKgIrUVDU,0,0,7489,7437055.000
08-06-2020 12:15,pkci93gMrogZuBj,8459.86,827.8,4278,7350410.000
07-06-2020 06:15,adLQvlD726eNBSB,430,41.575,6,6445037.000
26-05-2020 02:00,1BY6WEcLGh8j5v7,0,0,0,6336208.000
17-06-2020 13:45,iCRJl6heRkivqQ3,8698.29,850.243,4526.14,7424832.143
15-06-2020 03:45,z9Y9gH1T5YWrNuG,0,0,0,7232468.000
29-05-2020 21:45,YxYtjZvoooNbGkE,0,0,0,7292503.000
04-06-2020 08:00,pkci93gMrogZuBj,4644.38,455.8,358,7315794.000
16-06-2020 10:00,iCRJl6heRkivqQ3,11138.4,1087.47,1649.57,7415650.571
09-06-2020 04:45,uHbuxQJl8lW7ozc,0,0,0,7225554.000
26-05-2020 06:30,3PZuoBAID5Wc2HD,825.625,80.1125,21.625,7070657.625
14-06-2020 17:15,1IF53ai7Xc0U56Y,1747.29,171.243,7407.14,6414288.143
14-06-2020 17:45,zBIq5rxdHJRwDNY,589,56.9857,7291,6565113.000
13-06-2020 06:45,z9Y9gH1T5YWrNuG,1036.5,100.75,35.25,7216902.250
17-05-2020 04:00,VHMLBKoKgIrUVDU,0,0,0,7219380.000
25-05-2020 03:45,ZnxXDlPa8U1GXgE,0,0,0,6595756.000
14-06-2020 21:30,iCRJl6heRkivqQ3,0,0,7369,7407224.000
24-05-2020 19:30,3PZuoBAID5Wc2HD,0,0,8300,7061568.000
30-05-2020 09:30,1IF53ai7Xc0U56Y,6482.29,634.957,944.571,6299155.571
25-05-2020 08:45,zBIq5rxdHJRwDNY,7031.38,688.587,745.125,6412503.125
27-05-2020 18:00,VHMLBKoKgIrUVDU,295.625,28.5375,6756.38,7304371.375
11-06-2020 17:00,wCURE6d3bPkepu2,2386.88,234.05,5494.38,6987897.375
08-06-2020 18:00,WRmjgnKYAwPKWDb,725.375,70.2875,8296.38,7212978.375
19-05-2020 23:00,3PZuoBAID5Wc2HD,0,0,0,7020512.000
03-06-2020 02:45,McdE0feGgRqW7Ca,0,0,0,7300359.000
05-06-2020 02:45,bvBOhCH3iADSZry,0,0,0,6460186.000
18-05-2020 18:45,3PZuoBAID5Wc2HD,0,0,5435,7013918.000
02-06-2020 03:30,zVJPv84UY57bAof,0,0,0,7247766.000
08-06-2020 15:30,rGa61gmuvPhdLxV,5950.12,582.75,7343.12,7295016.125
26-05-2020 22:15,zVJPv84UY57bAof,0,0,0,7205383.000
22-05-2020 04:00,uHbuxQJl8lW7ozc,0,0,0,7087976.000
13-06-2020 21:30,pkci93gMrogZuBj,0,0,8354,7389161.000
31-05-2020 14:15,WRmjgnKYAwPKWDb,9562.57,933.771,4973.71,7153002.714
16-06-2020 15:00,ZoEaEvLYb1n2sOq,3882.57,381.443,5241.86,7334932.857
31-05-2020 12:45,ZnxXDlPa8U1GXgE,13711.4,1336.86,4129,6647512.000
04-06-2020 12:30,zVJPv84UY57bAof,10572.2,1032.17,4130.5,7267183.500
31-05-2020 12:00,3PZuoBAID5Wc2HD,6945,679.763,3097.75,7112585.750
19-05-2020 20:30,rGa61gmuvPhdLxV,0,0,6910,7143812.000
17-05-2020 11:00,rGa61gmuvPhdLxV,9853.25,962.062,2782.75,7126881.750
14-06-2020 08:30,adLQvlD726eNBSB,5025.75,509.043,645.143,6498141.143
31-05-2020 20:15,VHMLBKoKgIrUVDU,0,0,6076,7334405.000
24-05-2020 22:30,z9Y9gH1T5YWrNuG,0,0,7876,7080638.000
17-05-2020 01:30,ZnxXDlPa8U1GXgE,0,0,0,6535152.000
27-05-2020 19:45,zBIq5rxdHJRwDNY,0,0,0,6434083.000
31-05-2020 05:00,wCURE6d3bPkepu2,0,0,0,6903158.000
19-05-2020 07:30,pkci93gMrogZuBj,2842.25,279.075,179.375,7194590.375
19-05-2020 04:30,zVJPv84UY57bAof,0,0,0,7141405.000
05-06-2020 18:45,YxYtjZvoooNbGkE,0,0,7603,7342489.000
11-06-2020 04:45,bvBOhCH3iADSZry,0,0,0,6499210.000
10-06-2020 22:15,7JYdWkrLSPkdwr4,0,0,6362,7801091.000
28-05-2020 05:30,zBIq5rxdHJRwDNY,0,0,0,6434083.000
13-06-2020 15:00,rGa61gmuvPhdLxV,10563.6,1032.3,7128.75,7329409.750
09-06-2020 15:30,1BY6WEcLGh8j5v7,7789,762.475,6460.25,6438074.250
29-05-2020 15:45,uHbuxQJl8lW7ozc,7672.29,751.114,7473.29,7151105.286
01-06-2020 21:45,pkci93gMrogZuBj,0,0,5509,7300300.000
20-05-2020 00:45,wCURE6d3bPkepu2,0,0,0,6815349.000
03-06-2020 21:00,7JYdWkrLSPkdwr4,0,0,7749,7748622.000
02-06-2020 16:45,bvBOhCH3iADSZry,2870.43,281.757,6658.14,6445303.143
28-05-2020 20:00,VHMLBKoKgIrUVDU,0,0,8509,7312887.000
24-05-2020 08:15,rGa61gmuvPhdLxV,4894.88,480,497.75,7175790.750
06-06-2020 16:15,McdE0feGgRqW7Ca,1629,159.225,6335.25,7331016.250
27-05-2020 23:00,McdE0feGgRqW7Ca,0,0,0,7256389.000
14-06-2020 20:00,1BY6WEcLGh8j5v7,0,0,4012,6467675.000
27-05-2020 19:15,ih0vzX44oOqAx2f,0,0,6564,6278855.000
03-06-2020 22:15,ZoEaEvLYb1n2sOq,0,0,7774,7243501.000
07-06-2020 09:45,VHMLBKoKgIrUVDU,6308.71,618.043,1343.14,7379332.143
07-06-2020 13:00,WRmjgnKYAwPKWDb,12386.3,1207.64,4878.29,7201489.286
15-06-2020 05:45,3PZuoBAID5Wc2HD,0,0,0,7218223.000
11-06-2020 05:45,3PZuoBAID5Wc2HD,0,0,0,7190469.000
24-05-2020 22:15,zVJPv84UY57bAof,0,0,7958,7188796.000
25-05-2020 22:00,ZnxXDlPa8U1GXgE,0,0,8910,6604666.000
28-05-2020 22:00,7JYdWkrLSPkdwr4,0,0,8278,7706828.000
20-05-2020 11:15,VHMLBKoKgIrUVDU,12383.1,1207.39,3390.86,7242932.857
17-05-2020 14:00,pkci93gMrogZuBj,8559,836.6,5479.43,7187129.429
16-06-2020 17:30,YxYtjZvoooNbGkE,1454.25,141.863,6151.12,7419486.125
12-06-2020 11:30,ZoEaEvLYb1n2sOq,9630.88,941.7,2121.5,7303753.500
01-06-2020 20:15,sjndEbLyjtCKgGv,0,0,5766,7148008.000
10-06-2020 07:45,zVJPv84UY57bAof,4124.12,405.075,302.75,7310758.750
12-06-2020 09:45,adLQvlD726eNBSB,6700.25,656.275,937.75,6483671.750
17-05-2020 01:00,3PZuoBAID5Wc2HD,0,0,0,7000689.000
10-06-2020 03:15,sjndEbLyjtCKgGv,0,0,0,7209095.000
17-06-2020 04:45,sjndEbLyjtCKgGv,0,0,0,7255794.000
28-05-2020 02:15,sjndEbLyjtCKgGv,0,0,0,7112565.000
14-06-2020 15:15,wCURE6d3bPkepu2,10279,1003.81,6390.29,7008759.286
15-06-2020 16:00,McdE0feGgRqW7Ca,1801.14,176.257,6382.43,7395740.429
30-05-2020 11:15,zVJPv84UY57bAof,10371.3,1013.21,1857.14,7230544.143
20-05-2020 06:45,uHbuxQJl8lW7ozc,947.875,92.0875,40.25,7071238.250
25-05-2020 00:00,YxYtjZvoooNbGkE,0,0,0,7252651.000
30-05-2020 13:00,z9Y9gH1T5YWrNuG,7956.62,778.763,3590,7124045.000
04-06-2020 10:45,uHbuxQJl8lW7ozc,12090.3,1179.2,2406,7188661.000
05-06-2020 13:00,bvBOhCH3iADSZry,7839,767.343,3793.14,6463979.143
10-06-2020 12:45,1BY6WEcLGh8j5v7,10729.2,1047.72,3533.88,6442603.875
16-05-2020 06:00,wCURE6d3bPkepu2,56,5.4,0,6788927.000
17-06-2020 04:45,ZoEaEvLYb1n2sOq,0,0,0,7335882.000
11-06-2020 11:30,1IF53ai7Xc0U56Y,7403.86,724.914,1907.14,6388527.143
25-05-2020 23:00,zVJPv84UY57bAof,0,0,8813,7197609.000
27-05-2020 04:00,pkci93gMrogZuBj,0,0,0,7258294.000
26-05-2020 12:15,wCURE6d3bPkepu2,13153.7,1282.49,4276.57,6868926.571
29-05-2020 13:45,rGa61gmuvPhdLxV,8507.12,832.075,5879.38,7220694.375
25-05-2020 11:30,pkci93gMrogZuBj,12190,1188.54,3548.75,7245255.750
11-06-2020 17:30,zBIq5rxdHJRwDNY,1431.62,139.6,5582.25,6543485.250
22-05-2020 04:45,uHbuxQJl8lW7ozc,0,0,0,7087976.000
04-06-2020 01:45,ih0vzX44oOqAx2f,0,0,0,6329010.000
15-06-2020 08:45,bvBOhCH3iADSZry,7076.62,692.987,851.125,6522451.125
07-06-2020 20:15,zVJPv84UY57bAof,0,0,8260,7293790.000
04-06-2020 23:00,1IF53ai7Xc0U56Y,0,0,8196,6340855.000
20-05-2020 06:15,zVJPv84UY57bAof,427.625,41.3375,7.375,7148344.375
12-06-2020 21:00,uHbuxQJl8lW7ozc,0,0,5888,7252094.000
22-05-2020 03:00,ZoEaEvLYb1n2sOq,0,0,0,7146685.000
25-05-2020 02:30,pkci93gMrogZuBj,0,0,0,7241707.000
16-05-2020 21:15,pkci93gMrogZuBj,0,0,6173,7181650.000
22-05-2020 11:30,bvBOhCH3iADSZry,12976,1265.16,2509.43,6364657.429
28-05-2020 05:45,wCURE6d3bPkepu2,0,0,0,6879195.000
26-05-2020 11:45,McdE0feGgRqW7Ca,7340.86,718.2,3827.29,7245476.286
17-06-2020 19:15,McdE0feGgRqW7Ca,0,0,5992,7408587.000
06-06-2020 06:15,z9Y9gH1T5YWrNuG,408.875,39.525,6.75,7171007.750
14-06-2020 20:00,ZoEaEvLYb1n2sOq,0,0,7289,7323052.000
13-06-2020 22:15,7JYdWkrLSPkdwr4,0,0,8435,7820852.000
19-05-2020 11:30,adLQvlD726eNBSB,4161.5,408.825,2530.5,6300346.500
06-06-2020 18:00,7JYdWkrLSPkdwr4,234.5,22.6125,6311.75,7770451.750
08-06-2020 16:15,uHbuxQJl8lW7ozc,3420.5,335.538,7830.62,7224979.625
09-06-2020 03:15,YxYtjZvoooNbGkE,0,0,0,7365310.000
03-06-2020 22:45,iCRJl6heRkivqQ3,0,0,7883,7325696.000
24-05-2020 14:45,rGa61gmuvPhdLxV,10021.5,979.812,6644.25,7181937.250
15-06-2020 01:30,adLQvlD726eNBSB,0,0,0,6505086.000
21-05-2020 12:45,zVJPv84UY57bAof,11459.8,1118.53,4697.38,7161876.375
27-05-2020 17:45,zBIq5rxdHJRwDNY,596.857,57.7857,6370.43,6434072.429
21-05-2020 16:15,zBIq5rxdHJRwDNY,3443.86,338.543,7438.71,6388300.714
29-05-2020 14:15,uHbuxQJl8lW7ozc,8648.86,846.257,6302.57,7149934.571
26-05-2020 06:15,adLQvlD726eNBSB,443.571,42.9,8.14286,6355302.143
10-06-2020 14:15,uHbuxQJl8lW7ozc,9594.71,938.314,5394.29,7239257.286
29-05-2020 08:00,iCRJl6heRkivqQ3,3361,330.3,326.75,7283363.750
30-05-2020 01:00,zVJPv84UY57bAof,0,0,0,7228687.000
11-06-2020 22:15,YxYtjZvoooNbGkE,0,0,5592,7385279.000
27-05-2020 21:45,wCURE6d3bPkepu2,0,0,0,6879195.000
27-05-2020 05:00,uHbuxQJl8lW7ozc,0,0,0,7128538.000
01-06-2020 02:15,rGa61gmuvPhdLxV,0,0,0,7236332.000
18-05-2020 21:15,bvBOhCH3iADSZry,0,0,4962,6340538.000
15-06-2020 23:45,1BY6WEcLGh8j5v7,0,0,6275,6473950.000
18-05-2020 13:30,ih0vzX44oOqAx2f,11553.2,1127.15,2868,6208069.000
22-05-2020 04:30,ih0vzX44oOqAx2f,0,0,0,6233543.000
13-06-2020 16:15,uHbuxQJl8lW7ozc,2984.57,293.043,8094.14,7260188.143
22-05-2020 09:45,1BY6WEcLGh8j5v7,5051.57,495.429,1238,6306827.000
21-05-2020 23:00,rGa61gmuvPhdLxV,0,0,7766,7160399.000
17-06-2020 16:30,1IF53ai7Xc0U56Y,1858.71,182.029,5829.29,6433361.286
19-05-2020 08:45,McdE0feGgRqW7Ca,4178.62,410.175,569.25,7185660.250
05-06-2020 15:00,1IF53ai7Xc0U56Y,8623.43,842.671,6167,6347022.000
02-06-2020 21:00,bvBOhCH3iADSZry,0,0,6842,6445487.000
16-05-2020 17:00,1BY6WEcLGh8j5v7,1837,180.057,6179,6271492.000
15-05-2020 04:45,ih0vzX44oOqAx2f,0,0,0,6185184.000
04-06-2020 01:00,bvBOhCH3iADSZry,0,0,0,6452724.000
07-06-2020 11:00,iCRJl6heRkivqQ3,11779.6,1149.88,2438.12,7350672.125
29-05-2020 22:00,wCURE6d3bPkepu2,0,0,0,6895880.000
01-06-2020 22:15,iCRJl6heRkivqQ3,0,0,5781,7310348.000
03-06-2020 23:15,3PZuoBAID5Wc2HD,0,0,7874,7136488.000
16-06-2020 04:30,zVJPv84UY57bAof,0,0,0,7351100.000
09-06-2020 06:45,sjndEbLyjtCKgGv,1378.5,134.55,49.5,7200974.500
14-06-2020 12:45,ZnxXDlPa8U1GXgE,7791.75,762.75,3969.88,6748312.875
22-05-2020 23:15,ZnxXDlPa8U1GXgE,0,0,7275,6579139.000
21-05-2020 19:00,McdE0feGgRqW7Ca,0,0,7993,7209055.000
11-06-2020 16:30,zBIq5rxdHJRwDNY,3677.5,361.462,5335.38,6543238.375
08-06-2020 08:45,z9Y9gH1T5YWrNuG,7007.88,686.275,698.5,7184329.500
20-05-2020 09:30,ZnxXDlPa8U1GXgE,8788.88,859.938,1450.5,6556586.500
04-06-2020 21:30,iCRJl6heRkivqQ3,0,0,0,7334000.000
06-06-2020 01:30,McdE0feGgRqW7Ca,0,0,0,7324681.000
24-05-2020 09:45,ZoEaEvLYb1n2sOq,5848.5,573.138,1467.12,7163651.125
14-06-2020 03:45,adLQvlD726eNBSB,0,0,0,6497496.000
09-06-2020 07:30,uHbuxQJl8lW7ozc,2995.43,294.243,224.429,7225778.429
10-06-2020 18:15,zVJPv84UY57bAof,111.375,10.7625,6559,7317015.000
15-05-2020 11:30,zVJPv84UY57bAof,6598.43,646.214,2111.29,7118262.286
17-06-2020 10:15,z9Y9gH1T5YWrNuG,6703.75,656.612,1420.25,7246805.250
22-05-2020 09:15,adLQvlD726eNBSB,6885.25,674.15,1069.62,6322642.625
14-06-2020 18:15,rGa61gmuvPhdLxV,253.286,24.4571,7297.14,7337967.143
28-05-2020 11:00,1BY6WEcLGh8j5v7,11362.9,1109.6,2862.86,6352695.857
26-05-2020 21:15,3PZuoBAID5Wc2HD,0,0,0,7078711.000
28-05-2020 14:45,wCURE6d3bPkepu2,8289.75,810.438,6955.62,6886150.625
03-06-2020 19:00,ZnxXDlPa8U1GXgE,0,0,7916,6670884.000
03-06-2020 17:15,1BY6WEcLGh8j5v7,2582.25,253.488,7216.12,6397684.125
02-06-2020 11:15,ZoEaEvLYb1n2sOq,6905.86,676.257,2842.86,7231282.857
12-06-2020 13:30,3PZuoBAID5Wc2HD,8505,832.275,3846.62,7200032.625
30-05-2020 07:30,YxYtjZvoooNbGkE,2016.75,197.713,172.375,7292675.375
04-06-2020 14:30,iCRJl6heRkivqQ3,6701.14,656.343,6079.29,7331775.286
18-05-2020 10:30,iCRJl6heRkivqQ3,3191,313.475,737.5,7199104.500
17-05-2020 16:30,7JYdWkrLSPkdwr4,4253,417.225,7229.75,7622766.750
25-05-2020 09:00,7JYdWkrLSPkdwr4,8358.43,817.986,1012.14,7676253.143
17-05-2020 22:15,ZoEaEvLYb1n2sOq,0,0,7464,7118208.000
15-05-2020 10:00,pkci93gMrogZuBj,9441.43,922.8,1411.57,7170513.571
27-05-2020 11:45,WRmjgnKYAwPKWDb,8019.86,784.014,3383.57,7121263.571
28-05-2020 12:00,rGa61gmuvPhdLxV,11039.4,1077.06,4089.38,7210638.375
16-05-2020 05:00,3PZuoBAID5Wc2HD,0,0,0,6994033.000
17-05-2020 09:45,VHMLBKoKgIrUVDU,10609.6,1036.89,1601.71,7220981.714
26-05-2020 21:00,zVJPv84UY57bAof,0,0,0,7205383.000
06-06-2020 01:15,VHMLBKoKgIrUVDU,0,0,0,7371554.000
26-05-2020 04:00,pkci93gMrogZuBj,0,0,0,7250519.000
28-05-2020 21:30,1BY6WEcLGh8j5v7,0,0,7977,6357810.000
08-06-2020 17:00,bvBOhCH3iADSZry,3062,300.671,7498,6485791.000
16-06-2020 21:45,adLQvlD726eNBSB,0,0,6396,6518398.000
25-05-2020 19:00,ZnxXDlPa8U1GXgE,0,0,8910,6604666.000
03-06-2020 08:45,uHbuxQJl8lW7ozc,5184.71,508.257,678.857,7179083.857
03-06-2020 23:45,adLQvlD726eNBSB,0,0,6849.43,6422267.000
04-06-2020 00:15,wCURE6d3bPkepu2,0,0,0,6930776.000
18-05-2020 16:45,VHMLBKoKgIrUVDU,2920.71,286.571,5262.14,7232359.143
12-06-2020 12:45,bvBOhCH3iADSZry,7133.29,698.529,2953.43,6507360.429
25-05-2020 10:00,1BY6WEcLGh8j5v7,9935.75,971.538,1835.88,6329775.875
01-06-2020 03:15,bvBOhCH3iADSZry,0,0,0,6433267.000
27-05-2020 09:00,pkci93gMrogZuBj,8681.86,849.471,978.857,7259272.857
03-06-2020 17:30,7JYdWkrLSPkdwr4,1955,191.625,7669.62,7748542.625
05-06-2020 07:45,ZoEaEvLYb1n2sOq,2282.12,223.762,213.625,7251753.625
24-05-2020 03:00,3PZuoBAID5Wc2HD,0,0,0,7053268.000
27-05-2020 08:30,zVJPv84UY57bAof,6252,612.575,673.125,7206056.125
15-06-2020 14:45,7JYdWkrLSPkdwr4,6959.12,681.5,5464.25,7833623.000
11-06-2020 19:30,ZnxXDlPa8U1GXgE,0,0,5692,6729902.000
16-06-2020 21:45,7JYdWkrLSPkdwr4,0,0,6166,7840965.000
13-06-2020 06:30,McdE0feGgRqW7Ca,585.286,56.6571,17.1429,7373345.143
30-05-2020 05:15,ZoEaEvLYb1n2sOq,0,0,0,7209600.000
24-05-2020 16:30,ih0vzX44oOqAx2f,3540.5,347.512,7198.12,6256136.125
30-05-2020 04:30,WRmjgnKYAwPKWDb,0,0,0,7140899.000
30-05-2020 12:30,McdE0feGgRqW7Ca,12823.9,1250.74,3160.57,7276373.571
19-05-2020 13:00,ih0vzX44oOqAx2f,10152.7,992.271,3849,6214336.000
15-06-2020 11:15,WRmjgnKYAwPKWDb,7755.75,758.688,3203.5,7257787.500
01-06-2020 07:30,1IF53ai7Xc0U56Y,4531.62,444.7,264.625,6311696.625
12-06-2020 22:15,McdE0feGgRqW7Ca,0,0,5955,7373328.000
16-05-2020 18:15,iCRJl6heRkivqQ3,124,12,6437,7190847.000
16-06-2020 19:45,iCRJl6heRkivqQ3,0,0,6305,7420306.000
06-06-2020 11:30,ZoEaEvLYb1n2sOq,6935,678.257,3090.43,7262165.429
11-06-2020 16:15,ZoEaEvLYb1n2sOq,4430.29,434.829,5152,7301223.000
13-06-2020 00:00,bvBOhCH3iADSZry,0,0,0,6509779.000
02-06-2020 11:30,bvBOhCH3iADSZry,5895,577.663,2840.88,6441485.875
09-06-2020 18:00,VHMLBKoKgIrUVDU,845.857,82.0714,8096.86,7402792.857
15-05-2020 17:15,rGa61gmuvPhdLxV,2367.25,232.113,6297.38,7117790.375
13-06-2020 03:30,7JYdWkrLSPkdwr4,0,0,0,7812417.000
24-05-2020 21:30,1BY6WEcLGh8j5v7,0,0,7537,6327940.000
15-06-2020 19:30,pkci93gMrogZuBj,0,0,6795,7403217.000
19-05-2020 10:15,ZnxXDlPa8U1GXgE,7433.62,726.938,1520.25,6549682.250
02-06-2020 19:30,ZoEaEvLYb1n2sOq,0,0,7287,7235727.000
15-06-2020 19:00,WRmjgnKYAwPKWDb,0,0,6731,7261315.000
16-06-2020 04:45,7JYdWkrLSPkdwr4,0,0,0,7834799.000
15-06-2020 00:30,zBIq5rxdHJRwDNY,0,0,0,6565137.000
15-05-2020 18:45,pkci93gMrogZuBj,0,0,6375,7175477.000
13-06-2020 06:30,sjndEbLyjtCKgGv,577.857,55.9286,17,7227118.000
10-06-2020 02:45,3PZuoBAID5Wc2HD,0,0,0,7183919.000
18-05-2020 11:00,uHbuxQJl8lW7ozc,6577.88,644.337,1000.38,7059793.375
15-06-2020 10:00,7JYdWkrLSPkdwr4,8710.88,852.237,1961.5,7830119.500
27-05-2020 05:15,YxYtjZvoooNbGkE,0,0,0,7269333.000
05-06-2020 02:00,pkci93gMrogZuBj,0,0,0,7323691.000
04-06-2020 07:00,McdE0feGgRqW7Ca,1846.75,180.963,78.25,7308447.250
07-06-2020 22:45,McdE0feGgRqW7Ca,0,0,7042,7338202.000
17-06-2020 15:00,ih0vzX44oOqAx2f,4934.75,483.913,5222.12,6425593.125
22-05-2020 03:30,z9Y9gH1T5YWrNuG,0,0,0,7057147.000
02-06-2020 13:45,3PZuoBAID5Wc2HD,13579.6,1324.2,5225.14,7126494.143
15-05-2020 14:45,ih0vzX44oOqAx2f,7644.83,747.75,4886.67,6190084.000
17-06-2020 15:30,adLQvlD726eNBSB,988,95.9714,5647.43,6524045.429
18-05-2020 13:15,sjndEbLyjtCKgGv,9949.88,972.013,2634.5,7039688.500
31-05-2020 14:15,1BY6WEcLGh8j5v7,6354.29,621.029,5036.86,6377164.857
10-06-2020 11:15,wCURE6d3bPkepu2,6926.62,677.962,2262.25,6978242.250
10-06-2020 09:30,ZnxXDlPa8U1GXgE,8945.14,875.014,1267.71,6719039.714
22-05-2020 00:30,McdE0feGgRqW7Ca,0,0,0,7209055.000
16-06-2020 14:15,3PZuoBAID5Wc2HD,4268.29,419.057,4843.86,7229885.857
09-06-2020 06:00,zVJPv84UY57bAof,143.125,13.8375,0.875,7302167.875
12-06-2020 22:15,1BY6WEcLGh8j5v7,0,0,5441,6455679.000
10-06-2020 20:45,iCRJl6heRkivqQ3,0,0,6559,7379779.000
14-06-2020 10:00,7JYdWkrLSPkdwr4,8542.71,835.914,1644.43,7822496.429
11-06-2020 22:00,zBIq5rxdHJRwDNY,0,0,5647,6543550.000
10-06-2020 23:30,WRmjgnKYAwPKWDb,0,0,6389,7227367.000
23-05-2020 11:30,ih0vzX44oOqAx2f,12921.3,1259.84,3303.57,6243846.571
19-05-2020 14:00,zBIq5rxdHJRwDNY,9273.29,907.071,4791.86,6369838.857
17-05-2020 22:45,YxYtjZvoooNbGkE,0,0,7497,7200229.000
23-05-2020 18:45,WRmjgnKYAwPKWDb,0,0,8431,7093026.000
03-06-2020 03:15,ih0vzX44oOqAx2f,0,0,0,6321311.000
21-05-2020 09:00,7JYdWkrLSPkdwr4,8238.38,806.263,1020.5,7645000.500
03-06-2020 17:15,McdE0feGgRqW7Ca,2953,289.962,7861,7308220.000
04-06-2020 08:00,uHbuxQJl8lW7ozc,4712,462.375,369.375,7186624.375
14-06-2020 14:30,iCRJl6heRkivqQ3,8034.71,785.914,5834.14,7405689.143
16-05-2020 05:30,ih0vzX44oOqAx2f,0,0,0,6191360.000
25-05-2020 14:30,1IF53ai7Xc0U56Y,10743.5,1050.05,7326.25,6264806.250
09-06-2020 13:15,rGa61gmuvPhdLxV,10444.5,1019.81,5278.25,7301242.250
15-05-2020 09:30,iCRJl6heRkivqQ3,3721.38,365.462,1040.75,7179032.750
31-05-2020 08:30,ih0vzX44oOqAx2f,4368.25,429,431,6302698.000
16-05-2020 06:15,McdE0feGgRqW7Ca,348.25,33.675,4.75,7165439.750
08-06-2020 08:15,VHMLBKoKgIrUVDU,3484.12,342.512,461.625,7386669.625
29-05-2020 16:15,iCRJl6heRkivqQ3,6648.57,651.243,7740.29,7290777.286
19-05-2020 03:15,WRmjgnKYAwPKWDb,0,0,0,7054452.000
23-05-2020 14:45,YxYtjZvoooNbGkE,7141.38,699.325,6897.38,7243018.375
28-05-2020 06:45,wCURE6d3bPkepu2,1233.43,119.957,44.1429,6879239.143
16-06-2020 09:00,ih0vzX44oOqAx2f,5698.29,558.457,859.143,6415106.143
05-06-2020 07:15,ZnxXDlPa8U1GXgE,1920.71,188.129,114.429,6679176.429
13-06-2020 20:30,ZnxXDlPa8U1GXgE,0,0,8558,6744343.000
11-06-2020 10:45,ZnxXDlPa8U1GXgE,5955.62,583.562,1348.12,6725558.125
13-06-2020 03:00,7JYdWkrLSPkdwr4,0,0,0,7812417.000
06-06-2020 13:30,z9Y9gH1T5YWrNuG,8163.38,798.025,4628.75,7175629.750
17-05-2020 08:45,zVJPv84UY57bAof,7364.86,721.1,755.857,7129290.857
03-06-2020 00:00,pkci93gMrogZuBj,0,0,0,7307650.000
14-06-2020 18:00,sjndEbLyjtCKgGv,395.25,38.2125,7294.5,7242798.500
20-05-2020 10:15,ZoEaEvLYb1n2sOq,10824.9,1057.8,2129,7132461.000
21-05-2020 11:15,zVJPv84UY57bAof,12392.9,1208.7,2999.71,7160178.714
31-05-2020 23:30,McdE0feGgRqW7Ca,0,0,6195,7286760.000
26-05-2020 05:45,YxYtjZvoooNbGkE,0,0,0,7261464.000
16-05-2020 18:45,1IF53ai7Xc0U56Y,0,0,6592,6196594.000
18-05-2020 23:00,adLQvlD726eNBSB,0,0,5506,6297816.000
08-06-2020 18:45,3PZuoBAID5Wc2HD,0,0,8509,7175733.000
15-06-2020 16:15,1BY6WEcLGh8j5v7,2247.12,220.425,5876.75,6473551.750
31-05-2020 01:00,uHbuxQJl8lW7ozc,0,0,0,7159272.000
16-06-2020 19:15,ZnxXDlPa8U1GXgE,0,0,6304,6764808.000
15-06-2020 23:45,YxYtjZvoooNbGkE,0,0,6633,7413335.000
07-06-2020 12:30,ZoEaEvLYb1n2sOq,12957,1263.29,4193.88,7269561.875
10-06-2020 10:30,sjndEbLyjtCKgGv,6515.57,638.2,1858.14,7210953.143
15-05-2020 00:15,z9Y9gH1T5YWrNuG,0,0,0,7007866.000
15-06-2020 22:45,iCRJl6heRkivqQ3,0,0,6777,7414001.000
15-05-2020 19:00,ZoEaEvLYb1n2sOq,0,0,6261,7104360.000
10-06-2020 02:45,sjndEbLyjtCKgGv,0,0,0,7209095.000
09-06-2020 02:30,rGa61gmuvPhdLxV,0,0,0,7295964.000
30-05-2020 18:45,7JYdWkrLSPkdwr4,0,0,7143,7721978.000
11-06-2020 21:45,zVJPv84UY57bAof,0,0,5671,7322687.000
16-05-2020 09:15,wCURE6d3bPkepu2,5748.14,563.329,1019.86,6789946.857
06-06-2020 21:30,ih0vzX44oOqAx2f,0,0,6197,6350673.000
28-05-2020 06:45,7JYdWkrLSPkdwr4,1382.88,134.825,49.625,7698599.625
23-05-2020 15:00,iCRJl6heRkivqQ3,5382.86,527.586,7127.86,7241720.857
18-05-2020 12:30,YxYtjZvoooNbGkE,8403.38,822.35,2041.38,7202270.375
12-06-2020 14:45,pkci93gMrogZuBj,6011.71,589.057,4764.71,7379720.714
17-06-2020 22:45,ih0vzX44oOqAx2f,0,0,5758,6426129.000
17-05-2020 18:45,ih0vzX44oOqAx2f,0,0,7391,6205201.000
18-05-2020 19:30,ZoEaEvLYb1n2sOq,0,0,5319,7123527.000
19-05-2020 13:45,bvBOhCH3iADSZry,9268,906.587,4210.25,6344748.250
14-06-2020 00:15,z9Y9gH1T5YWrNuG,0,0,0,7225230.000
16-06-2020 14:15,ZnxXDlPa8U1GXgE,4390.57,431.071,4807.43,6763311.429
11-06-2020 09:30,zVJPv84UY57bAof,4499,441.712,703.375,7317719.375
06-06-2020 05:15,WRmjgnKYAwPKWDb,0,0,0,7190270.000
13-06-2020 04:00,YxYtjZvoooNbGkE,0,0,0,7391059.000
25-05-2020 09:45,bvBOhCH3iADSZry,9366.57,916.157,1559,6385771.000
15-06-2020 14:30,rGa61gmuvPhdLxV,10295,1005.27,5316.25,7343288.250
31-05-2020 14:00,zBIq5rxdHJRwDNY,9954.57,972.529,4833.57,6462134.571
12-06-2020 01:15,ZnxXDlPa8U1GXgE,0,0,0,6729902.000
25-05-2020 12:30,YxYtjZvoooNbGkE,12648.9,1233.26,4832.5,7257483.500
17-05-2020 20:45,wCURE6d3bPkepu2,0,0,7530,6803000.000
25-05-2020 14:15,bvBOhCH3iADSZry,9720.38,950.612,6315.88,6390527.875
28-05-2020 04:30,ZnxXDlPa8U1GXgE,0,0,0,6619376.000
16-05-2020 13:00,YxYtjZvoooNbGkE,9550.43,933.914,4024.57,7190281.571
05-06-2020 16:30,adLQvlD726eNBSB,5668.5,555.35,7298.25,6437879.250
06-06-2020 19:30,ZnxXDlPa8U1GXgE,0,0,6355,6693054.000
09-06-2020 05:00,WRmjgnKYAwPKWDb,0,0,0,7213001.000
13-06-2020 09:15,uHbuxQJl8lW7ozc,6924.71,677.986,1192.43,7253286.429
23-05-2020 10:30,sjndEbLyjtCKgGv,8354,816.986,2314.71,7075276.714
10-06-2020 04:45,bvBOhCH3iADSZry,0,0,0,6493347.000
06-06-2020 12:00,McdE0feGgRqW7Ca,8785,858,3448.12,7328129.125
13-06-2020 00:15,ZoEaEvLYb1n2sOq,0,0,0,7307385.000
16-06-2020 22:00,ih0vzX44oOqAx2f,0,0,6124,6420371.000
24-05-2020 11:30,ZoEaEvLYb1n2sOq,11925,1163.19,3090.12,7165274.125
07-06-2020 07:45,adLQvlD726eNBSB,2607,255.662,246.75,6445277.750
20-05-2020 05:15,ZnxXDlPa8U1GXgE,0,0,0,6555136.000
06-06-2020 08:45,rGa61gmuvPhdLxV,6382.29,625.2,904.571,7273994.571
08-06-2020 11:00,ZoEaEvLYb1n2sOq,12046.3,1175.24,2973.57,7276426.571
15-05-2020 16:15,7JYdWkrLSPkdwr4,4268.86,419,5709.29,7608669.286
03-06-2020 16:30,uHbuxQJl8lW7ozc,2742,269,7380.75,7185785.750
31-05-2020 14:45,zVJPv84UY57bAof,2789.71,273.986,5370.14,7241347.143
27-05-2020 09:30,7JYdWkrLSPkdwr4,8236.29,805.714,1396,7693308.000
12-06-2020 21:30,zVJPv84UY57bAof,0,0,5863,7328550.000
06-06-2020 09:30,McdE0feGgRqW7Ca,8797.43,860.643,1356.43,7326037.429
22-05-2020 15:45,1IF53ai7Xc0U56Y,4284,420.529,6872,6240119.000
03-06-2020 04:30,WRmjgnKYAwPKWDb,0,0,0,7166917.000
04-06-2020 13:30,VHMLBKoKgIrUVDU,8175,800.013,5196.75,7360857.750
16-05-2020 04:45,sjndEbLyjtCKgGv,0,0,0,7023182.000
08-06-2020 05:15,VHMLBKoKgIrUVDU,0,0,0,7386208.000
01-06-2020 21:45,rGa61gmuvPhdLxV,0,0,5637,7241969.000
09-06-2020 18:15,rGa61gmuvPhdLxV,421.857,40.7857,8233.86,7304197.857
22-05-2020 03:30,zVJPv84UY57bAof,0,0,0,7165123.000
14-06-2020 04:00,zBIq5rxdHJRwDNY,0,0,0,6557822.000
25-05-2020 13:15,3PZuoBAID5Wc2HD,12158.5,1185.47,5951.67,7067519.667
23-05-2020 07:45,sjndEbLyjtCKgGv,3695.57,363.214,230.429,7073192.429
26-05-2020 17:30,zBIq5rxdHJRwDNY,618.625,59.875,7472,6427673.000
21-05-2020 10:45,McdE0feGgRqW7Ca,10834.6,1057.44,2498.12,7203560.125
17-06-2020 12:45,sjndEbLyjtCKgGv,10417.6,1017.91,3646.29,7259440.286
04-06-2020 03:30,adLQvlD726eNBSB,0,0,0,6422267.000
23-05-2020 12:00,z9Y9gH1T5YWrNuG,12759,1244,4007.14,7068226.143
11-06-2020 09:00,YxYtjZvoooNbGkE,3758.62,369.4,492.125,7380179.125
10-06-2020 12:15,zVJPv84UY57bAof,11668.4,1138.51,3341.86,7313797.857
09-06-2020 12:45,pkci93gMrogZuBj,11444.9,1116.99,4676.86,7359152.857
09-06-2020 16:45,WRmjgnKYAwPKWDb,3972.5,390.325,7673.25,7220674.250
26-05-2020 23:15,1IF53ai7Xc0U56Y,0,0,0,6274638.000
18-05-2020 22:30,McdE0feGgRqW7Ca,0,0,5464,7185091.000
06-06-2020 05:00,uHbuxQJl8lW7ozc,0,0,0,7202373.000
17-06-2020 14:30,ZnxXDlPa8U1GXgE,8359.88,817.962,5031.12,6769839.125
22-05-2020 02:30,uHbuxQJl8lW7ozc,0,0,0,7087976.000
06-06-2020 15:30,wCURE6d3bPkepu2,4288.71,421.043,5962.86,6952731.857
07-06-2020 23:15,sjndEbLyjtCKgGv,0,0,6898,7192554.000
15-06-2020 04:00,WRmjgnKYAwPKWDb,0,0,0,7254584.000
20-05-2020 08:00,z9Y9gH1T5YWrNuG,5163.62,506.275,394.375,7040859.375
28-05-2020 12:30,WRmjgnKYAwPKWDb,12242.2,1193.99,4914.62,7129452.625
15-06-2020 01:45,iCRJl6heRkivqQ3,0,0,0,7407224.000
11-06-2020 13:45,rGa61gmuvPhdLxV,6634.25,649.812,3514.88,7314283.875
01-06-2020 17:00,zBIq5rxdHJRwDNY,1334.14,129.814,5699.14,6468938.143
03-06-2020 14:15,WRmjgnKYAwPKWDb,9299.38,909.55,5624.5,7172541.500
12-06-2020 16:30,YxYtjZvoooNbGkE,2720.57,266.829,5468,7390747.000
29-05-2020 10:00,z9Y9gH1T5YWrNuG,9024.38,882.062,1569.12,7113931.125
02-06-2020 20:00,ZnxXDlPa8U1GXgE,0,0,0,6662968.000
08-06-2020 19:45,wCURE6d3bPkepu2,0,0,8443,6967970.000
17-05-2020 03:00,zBIq5rxdHJRwDNY,0,0,0,6352150.000
18-05-2020 14:00,z9Y9gH1T5YWrNuG,9836.71,961.386,3490.57,7031716.571
28-05-2020 16:45,uHbuxQJl8lW7ozc,3223.12,316.45,8119.25,7143377.250
06-06-2020 01:15,3PZuoBAID5Wc2HD,0,0,0,7152486.000
09-06-2020 21:00,zBIq5rxdHJRwDNY,0,0,8136,6531405.000
28-05-2020 20:15,VHMLBKoKgIrUVDU,0,0,8509,7312887.000
31-05-2020 14:00,1IF53ai7Xc0U56Y,10036.4,980.362,4756.12,6310299.125
04-06-2020 02:45,McdE0feGgRqW7Ca,0,0,0,7308369.000
21-05-2020 21:00,pkci93gMrogZuBj,0,0,7778,7217976.000
16-06-2020 22:45,ZnxXDlPa8U1GXgE,0,0,6304,6764808.000
06-06-2020 09:30,pkci93gMrogZuBj,9683.29,946.871,1289.57,7332776.571
08-06-2020 01:15,z9Y9gH1T5YWrNuG,0,0,0,7183631.000
24-05-2020 11:45,sjndEbLyjtCKgGv,11528.5,1124.72,3364,7084813.000
25-05-2020 13:30,1BY6WEcLGh8j5v7,10541.6,1030.45,5690.75,6333630.750
02-06-2020 12:30,McdE0feGgRqW7Ca,9611.38,939.3,3953,7296705.000
03-06-2020 10:15,zBIq5rxdHJRwDNY,6105,598.188,1544.62,6477998.625
22-05-2020 03:30,1IF53ai7Xc0U56Y,0,0,0,6233247.000
31-05-2020 03:30,ih0vzX44oOqAx2f,0,0,0,6302267.000
04-06-2020 22:45,bvBOhCH3iADSZry,0,0,7462,6460186.000
06-06-2020 17:15,3PZuoBAID5Wc2HD,638.857,61.8429,6461.86,7158947.857
16-05-2020 07:30,ih0vzX44oOqAx2f,2466.5,241.863,166.25,6191526.250
19-05-2020 22:00,3PZuoBAID5Wc2HD,0,0,0,7020512.000
13-06-2020 20:00,pkci93gMrogZuBj,0,0,8354,7389161.000
16-06-2020 18:45,iCRJl6heRkivqQ3,0,0,6305,7420306.000
22-05-2020 01:15,wCURE6d3bPkepu2,0,0,0,6832055.000
15-06-2020 06:00,ZnxXDlPa8U1GXgE,109.429,10.5857,0.285714,6751747.286
14-06-2020 10:30,zBIq5rxdHJRwDNY,10732.5,1047.92,2047.75,6559869.750
27-05-2020 06:45,ZoEaEvLYb1n2sOq,1507.43,147.2,48,7186738.000
14-06-2020 05:45,ZoEaEvLYb1n2sOq,0,0,0,7315763.000
01-06-2020 03:00,ZnxXDlPa8U1GXgE,0,0,0,6649525.000
17-06-2020 04:15,wCURE6d3bPkepu2,0,0,0,7022718.000
14-06-2020 19:45,1IF53ai7Xc0U56Y,0,0,7487,6414368.000
15-06-2020 15:15,zVJPv84UY57bAof,6702.57,656.429,5951.14,7350231.143
04-06-2020 22:15,zVJPv84UY57bAof,0,0,0,7271273.000
11-06-2020 00:00,ih0vzX44oOqAx2f,0,0,784.625,6381032.000
28-05-2020 14:30,3PZuoBAID5Wc2HD,7987.62,780.875,6895.5,7092346.500
06-06-2020 13:00,uHbuxQJl8lW7ozc,11939,1164.83,4458.86,7206831.857
20-05-2020 05:30,wCURE6d3bPkepu2,0,0,0,6815349.000
23-05-2020 15:00,zVJPv84UY57bAof,5396.29,528.929,7077.86,7179371.857
21-05-2020 18:00,1IF53ai7Xc0U56Y,292.875,28.2875,7816.5,6233243.500
03-06-2020 09:00,zVJPv84UY57bAof,6208.75,608.288,812.625,7256029.625
03-06-2020 02:15,McdE0feGgRqW7Ca,0,0,0,7300359.000
31-05-2020 03:00,zVJPv84UY57bAof,0,0,0,7235977.000
20-05-2020 18:15,uHbuxQJl8lW7ozc,369.857,35.7429,8907.86,7080105.857
24-05-2020 06:45,ih0vzX44oOqAx2f,1179.62,114.725,43,6248981.000
08-06-2020 14:15,VHMLBKoKgIrUVDU,11309.6,1103.76,6298,7392506.000
24-05-2020 02:15,zBIq5rxdHJRwDNY,0,0,0,6404481.000
13-06-2020 22:00,ZnxXDlPa8U1GXgE,0,0,8558,6744343.000
29-05-2020 07:00,rGa61gmuvPhdLxV,1957.75,191.938,91.625,7214906.625
27-05-2020 14:15,zBIq5rxdHJRwDNY,3902.88,383.512,4818.25,6432520.250
03-06-2020 04:45,7JYdWkrLSPkdwr4,0,0,0,7740873.000
10-06-2020 09:15,uHbuxQJl8lW7ozc,8696.29,850.886,1027.14,7234890.143
17-05-2020 13:30,adLQvlD726eNBSB,9633.88,940.725,5472.25,6289915.250
23-05-2020 13:45,wCURE6d3bPkepu2,12831.4,1251.07,6004.86,6845229.857
27-05-2020 21:00,bvBOhCH3iADSZry,0,0,6133,6405833.000
23-05-2020 13:00,VHMLBKoKgIrUVDU,11103.1,1084.06,5200.43,7268921.429
06-06-2020 14:45,uHbuxQJl8lW7ozc,2472.86,242.629,5786.57,7208159.571
02-06-2020 19:30,McdE0feGgRqW7Ca,0,0,7607,7300359.000
16-05-2020 05:45,sjndEbLyjtCKgGv,0,0,0,7023182.000
11-06-2020 14:00,uHbuxQJl8lW7ozc,6763.29,662.371,3701.57,7244209.571
11-06-2020 23:45,rGa61gmuvPhdLxV,0,0,4955.12,7316432.000
25-05-2020 20:00,zVJPv84UY57bAof,0,0,8813,7197609.000
17-05-2020 23:45,McdE0feGgRqW7Ca,0,0,6519.43,7179627.000
23-05-2020 03:45,uHbuxQJl8lW7ozc,0,0,0,7095253.000
20-05-2020 00:45,iCRJl6heRkivqQ3,0,0,0,7210718.000
27-05-2020 06:30,wCURE6d3bPkepu2,830.857,80.6143,19.7143,6872504.714
24-05-2020 22:30,ZoEaEvLYb1n2sOq,0,0,7985,7170169.000
13-06-2020 16:15,adLQvlD726eNBSB,2983.57,292.929,8420.29,6497142.286
15-06-2020 18:30,sjndEbLyjtCKgGv,24.5,2.3625,6727.75,7249538.750
22-05-2020 05:30,McdE0feGgRqW7Ca,0,0,0,7209055.000
05-06-2020 21:45,zBIq5rxdHJRwDNY,0,0,7723,6500302.000
16-05-2020 23:15,wCURE6d3bPkepu2,0,0,6543,6795470.000
14-06-2020 06:00,sjndEbLyjtCKgGv,51.375,4.975,0.25,7235504.250
21-05-2020 11:30,adLQvlD726eNBSB,12287.3,1198.84,3513.43,6317128.429
24-05-2020 06:15,adLQvlD726eNBSB,448,43.3286,8.57143,6337742.571
06-06-2020 09:30,VHMLBKoKgIrUVDU,9688.12,946.712,1378,7372932.000
13-06-2020 19:00,pkci93gMrogZuBj,0,0,8354,7389161.000
31-05-2020 15:00,adLQvlD726eNBSB,2498.88,245.05,5286.38,6400057.375
16-06-2020 02:45,7JYdWkrLSPkdwr4,0,0,0,7834799.000
15-05-2020 22:15,1BY6WEcLGh8j5v7,0,0,5754,6265313.000
12-06-2020 07:30,pkci93gMrogZuBj,927.571,90.1,89,7375045.000
01-06-2020 23:45,1BY6WEcLGh8j5v7,0,0,5508,6383439.000
19-05-2020 06:15,pkci93gMrogZuBj,90,8.67143,0.571429,7194411.571
06-06-2020 21:15,bvBOhCH3iADSZry,0,0,5873,6473124.000
04-06-2020 00:30,uHbuxQJl8lW7ozc,0,0,0,7186255.000
29-05-2020 09:00,iCRJl6heRkivqQ3,6697.14,655.829,803.429,7283840.429
24-05-2020 18:15,7JYdWkrLSPkdwr4,376,36.3429,8013.14,7675233.143
24-05-2020 07:15,ih0vzX44oOqAx2f,2416.75,236.988,130.375,6249068.375
31-05-2020 09:00,WRmjgnKYAwPKWDb,6974.43,682.914,725.429,7148754.429
19-05-2020 13:45,adLQvlD726eNBSB,10370.4,1013.79,4683.62,6302499.625
20-05-2020 21:30,7JYdWkrLSPkdwr4,0,0,8772,7643980.000
23-05-2020 11:00,sjndEbLyjtCKgGv,10576.9,1032.89,2781.86,7075743.857
16-05-2020 18:45,VHMLBKoKgIrUVDU,0,0,6714,7219380.000
18-05-2020 06:30,1IF53ai7Xc0U56Y,771.125,74.7875,19.875,6204372.875
29-05-2020 20:45,ZoEaEvLYb1n2sOq,0,0,0,7209600.000
01-06-2020 01:45,bvBOhCH3iADSZry,0,0,0,6433267.000
09-06-2020 16:30,McdE0feGgRqW7Ca,5352.43,524.643,7787.43,7354569.429
03-06-2020 18:30,wCURE6d3bPkepu2,84.5714,8.14286,7906.86,6930775.857
28-05-2020 13:15,pkci93gMrogZuBj,8726.5,852.962,5530.62,7270515.625
10-06-2020 18:30,adLQvlD726eNBSB,0,0,6667,6476944.000
23-05-2020 08:15,iCRJl6heRkivqQ3,6475.14,634.271,450.286,7235043.286
06-06-2020 20:00,pkci93gMrogZuBj,0,0,0,7337918.000
24-05-2020 10:45,YxYtjZvoooNbGkE,12158.6,1185.9,2292,7246972.000
11-06-2020 17:30,bvBOhCH3iADSZry,1314.5,127.9,5137.5,6504347.500
14-06-2020 20:00,3PZuoBAID5Wc2HD,0,0,7504,7218223.000
21-05-2020 08:15,zVJPv84UY57bAof,5643.5,553.1,476,7157655.000
25-05-2020 06:30,adLQvlD726eNBSB,825.5,80.1125,18.75,6346149.750
23-05-2020 00:45,sjndEbLyjtCKgGv,0,0,0,7072962.000
04-06-2020 13:00,McdE0feGgRqW7Ca,11140.6,1087.83,4694.43,7313063.429
07-06-2020 07:00,ZoEaEvLYb1n2sOq,1727,169.129,84.1429,7265452.143
30-05-2020 16:30,rGa61gmuvPhdLxV,4787,469.6,6946.43,7230020.429
05-06-2020 13:15,ZoEaEvLYb1n2sOq,7647,748.1,4201.57,7255741.571
14-06-2020 23:30,McdE0feGgRqW7Ca,0,0,7435,7389358.000
06-06-2020 18:30,7JYdWkrLSPkdwr4,0,0,6317,7770457.000
03-06-2020 18:45,VHMLBKoKgIrUVDU,0,0,7917,7355661.000
05-06-2020 08:15,rGa61gmuvPhdLxV,4859.62,476.375,374.5,7265723.500
02-06-2020 13:00,z9Y9gH1T5YWrNuG,11925.9,1163.21,4370.43,7144198.429
06-06-2020 01:45,McdE0feGgRqW7Ca,0,0,0,7324681.000
30-05-2020 00:45,zBIq5rxdHJRwDNY,0,0,0,6449905.000
09-06-2020 15:00,ih0vzX44oOqAx2f,7792.14,762.729,6386.57,6373295.571
27-05-2020 20:30,wCURE6d3bPkepu2,0,0,0,6879195.000
11-06-2020 07:15,adLQvlD726eNBSB,1245.43,121.129,60.4286,6477004.429
05-06-2020 16:15,iCRJl6heRkivqQ3,6742.5,660.4,7030.88,7341030.875
10-06-2020 18:00,uHbuxQJl8lW7ozc,575.143,55.7,6635,7240498.000
01-06-2020 06:30,iCRJl6heRkivqQ3,967.5,93.9625,24,7304591.000
27-05-2020 21:45,YxYtjZvoooNbGkE,0,0,0,7276029.000
29-05-2020 10:15,3PZuoBAID5Wc2HD,12135.1,1183.79,1896.86,7095875.857
02-06-2020 22:30,1IF53ai7Xc0U56Y,0,0,0,6324784.000
18-05-2020 23:00,bvBOhCH3iADSZry,0,0,4962,6340538.000
31-05-2020 09:45,ZnxXDlPa8U1GXgE,6525.88,639.188,1218.62,6644601.625
19-05-2020 21:45,ZnxXDlPa8U1GXgE,0,0,6974,6555136.000
10-06-2020 03:00,1IF53ai7Xc0U56Y,0,0,0,6380022.000
24-05-2020 19:30,rGa61gmuvPhdLxV,0,0,8002,7183295.000
07-06-2020 08:30,wCURE6d3bPkepu2,3643.57,358.129,481.429,6953575.429
17-06-2020 05:45,McdE0feGgRqW7Ca,0,0,0,7402595.000
04-06-2020 21:45,ih0vzX44oOqAx2f,0,0,8009,6337019.000
05-06-2020 20:00,7JYdWkrLSPkdwr4,0,0,0,7764140.000
26-05-2020 02:00,ih0vzX44oOqAx2f,0,0,0,6264579.000
24-05-2020 09:45,sjndEbLyjtCKgGv,6014.62,589.362,1454.12,7082903.125
27-05-2020 10:00,zVJPv84UY57bAof,6357.4,622.72,1806.4,7207189.400
20-05-2020 00:30,zBIq5rxdHJRwDNY,0,0,0,6371971.000
14-06-2020 11:15,YxYtjZvoooNbGkE,9482.86,927.271,2773.86,7402212.857
17-05-2020 23:30,z9Y9gH1T5YWrNuG,0,0,7486,7028226.000
22-05-2020 09:45,wCURE6d3bPkepu2,5239.12,513.825,1258,6833313.000
12-06-2020 07:15,z9Y9gH1T5YWrNuG,1087.71,105.714,64.8571,7211128.857
08-06-2020 20:45,McdE0feGgRqW7Ca,0,0,8580,7346782.000
16-05-2020 11:15,wCURE6d3bPkepu2,7465.86,730.914,2490.71,6791417.714
07-06-2020 13:30,sjndEbLyjtCKgGv,0,0,4526,7190182.000
26-05-2020 01:45,YxYtjZvoooNbGkE,0,0,0,7261464.000
15-05-2020 20:45,McdE0feGgRqW7Ca,0,0,6471,7165435.000
23-05-2020 16:45,uHbuxQJl8lW7ozc,4197.14,412.2,8145.57,7103398.571
05-06-2020 19:00,uHbuxQJl8lW7ozc,0,0,7838,7202373.000
03-06-2020 13:30,z9Y9gH1T5YWrNuG,10080.6,985.263,4879.88,7152153.875
19-05-2020 03:45,bvBOhCH3iADSZry,0,0,0,6340538.000
19-05-2020 02:15,YxYtjZvoooNbGkE,0,0,0,7205598.000
01-06-2020 00:15,z9Y9gH1T5YWrNuG,0,0,0,7133897.000
03-06-2020 22:30,zVJPv84UY57bAof,0,0,7836,7263053.000
07-06-2020 06:30,z9Y9gH1T5YWrNuG,792.714,76.9,19.2857,7177308.286
23-05-2020 19:45,pkci93gMrogZuBj,0,0,8475,7233675.000
22-05-2020 00:15,z9Y9gH1T5YWrNuG,0,0,0,7057147.000
24-05-2020 17:15,1IF53ai7Xc0U56Y,2535.75,248.775,8148.75,6257355.750
02-06-2020 00:30,zBIq5rxdHJRwDNY,0,0,0,6469033.000
16-06-2020 04:30,adLQvlD726eNBSB,0,0,0,6512002.000
28-05-2020 12:45,bvBOhCH3iADSZry,10830.4,1056.79,4767.71,6410600.714
01-06-2020 07:45,1IF53ai7Xc0U56Y,5328.71,522.314,385.714,6311817.714
24-05-2020 02:00,3PZuoBAID5Wc2HD,0,0,0,7053268.000
20-05-2020 05:15,ZoEaEvLYb1n2sOq,0,0,0,7130332.000
10-06-2020 09:00,3PZuoBAID5Wc2HD,7404.71,724.986,932.286,7184851.286
24-05-2020 10:30,McdE0feGgRqW7Ca,8219.57,803.4,2054.43,7226690.429
24-05-2020 12:45,1BY6WEcLGh8j5v7,11688,1139.59,4514.71,6324917.714
18-05-2020 05:00,bvBOhCH3iADSZry,0,0,0,6335576.000
03-06-2020 05:00,VHMLBKoKgIrUVDU,0,0,0,7347744.000
15-06-2020 12:15,bvBOhCH3iADSZry,5341.86,523.714,3716.14,6525316.143
07-06-2020 02:30,z9Y9gH1T5YWrNuG,0,0,0,7177289.000
16-06-2020 06:30,adLQvlD726eNBSB,710.625,68.875,12.875,6512014.875
04-06-2020 19:00,VHMLBKoKgIrUVDU,0,0,8160,7363821.000
17-06-2020 17:15,uHbuxQJl8lW7ozc,1590.75,155.738,5863.62,7286898.625
26-05-2020 11:15,McdE0feGgRqW7Ca,8190.86,800.4,3372.86,7245021.857
21-05-2020 22:45,rGa61gmuvPhdLxV,0,0,7766,7160399.000
24-05-2020 03:45,rGa61gmuvPhdLxV,0,0,0,7175293.000
16-05-2020 06:15,3PZuoBAID5Wc2HD,346.571,33.4857,3.71429,6994036.714
08-06-2020 03:00,VHMLBKoKgIrUVDU,0,0,0,7386208.000
12-06-2020 06:00,z9Y9gH1T5YWrNuG,0,0,0,7211064.000
08-06-2020 17:45,3PZuoBAID5Wc2HD,1166.57,113.543,8464.29,7175688.286
04-06-2020 16:15,rGa61gmuvPhdLxV,6971.5,682.737,7522.25,7264659.250
06-06-2020 13:15,bvBOhCH3iADSZry,4767.25,466.413,4235.88,6471486.875
10-06-2020 06:00,7JYdWkrLSPkdwr4,103.25,9.95,0.875,7794729.875
19-05-2020 13:00,uHbuxQJl8lW7ozc,9378.86,916.957,4006.71,7068207.714
16-05-2020 15:15,1BY6WEcLGh8j5v7,5465.38,535.75,5629.12,6270942.125
08-06-2020 02:45,zBIq5rxdHJRwDNY,0,0,0,6514911.000
14-06-2020 19:00,adLQvlD726eNBSB,0,0,7590,6505086.000
17-06-2020 22:30,uHbuxQJl8lW7ozc,0,0,5967,7287002.000
01-06-2020 19:30,pkci93gMrogZuBj,0,0,5509,7300300.000
07-06-2020 07:00,McdE0feGgRqW7Ca,1793,175.743,88.8571,7331248.857
26-05-2020 19:30,zBIq5rxdHJRwDNY,0,0,0,6427702.000
03-06-2020 03:15,VHMLBKoKgIrUVDU,0,0,0,7347744.000
07-06-2020 18:15,z9Y9gH1T5YWrNuG,311,30.0714,6336.71,7183625.714
19-05-2020 20:15,zVJPv84UY57bAof,0,0,6932,7148337.000
07-06-2020 02:15,WRmjgnKYAwPKWDb,0,0,0,7196611.000
29-05-2020 11:30,ZoEaEvLYb1n2sOq,8547,834.971,3186.71,7204724.714
28-05-2020 10:15,iCRJl6heRkivqQ3,10336.4,1009.48,2221.75,7276913.750
20-05-2020 02:00,3PZuoBAID5Wc2HD,0,0,0,7020512.000
19-05-2020 09:00,ZoEaEvLYb1n2sOq,5730.57,561.514,659.286,7124186.286
25-05-2020 04:30,ZoEaEvLYb1n2sOq,0,0,0,7170169.000
06-06-2020 14:30,VHMLBKoKgIrUVDU,4519,441.962,5693.5,7377247.500
27-05-2020 09:45,ZoEaEvLYb1n2sOq,8254.62,807.312,1622.5,7188312.500
05-06-2020 23:15,3PZuoBAID5Wc2HD,0,0,0,7152486.000
15-06-2020 15:15,ZnxXDlPa8U1GXgE,6273.5,614.55,5885.62,6757632.625
01-06-2020 10:30,ih0vzX44oOqAx2f,12687.4,1237.41,2193.75,6310425.750
15-06-2020 10:15,ZnxXDlPa8U1GXgE,11344.7,1107.29,2240.86,6753987.857
08-06-2020 05:30,YxYtjZvoooNbGkE,0,0,0,7356967.000
11-06-2020 11:15,ZnxXDlPa8U1GXgE,7899.25,773.212,1703.88,6725913.875
15-05-2020 05:00,7JYdWkrLSPkdwr4,0,0,0,7602960.000
15-06-2020 20:00,uHbuxQJl8lW7ozc,0,0,6906,7274743.000
05-06-2020 04:00,ih0vzX44oOqAx2f,0,0,0,6337019.000
28-05-2020 09:30,sjndEbLyjtCKgGv,9454.88,924.75,1494,7114059.000
28-05-2020 14:45,1BY6WEcLGh8j5v7,7790.5,762.4,6533.12,6356366.125
17-05-2020 16:00,wCURE6d3bPkepu2,6078.57,595.457,7019.14,6802489.143
02-06-2020 12:15,7JYdWkrLSPkdwr4,9288,908.229,3556.29,7737180.286
15-06-2020 18:30,3PZuoBAID5Wc2HD,22.25,2.15,6818.88,7225041.875
29-05-2020 08:00,z9Y9gH1T5YWrNuG,3333.12,327.488,325.5,7112687.500
13-06-2020 08:30,VHMLBKoKgIrUVDU,7241.71,709.129,743.143,7421657.143
26-05-2020 16:00,bvBOhCH3iADSZry,4485.14,439.986,6754.57,6399090.571
11-06-2020 00:15,McdE0feGgRqW7Ca,0,0,0,7361623.000
13-06-2020 13:30,rGa61gmuvPhdLxV,7772.57,760.871,5659.14,7327940.143
11-06-2020 20:30,YxYtjZvoooNbGkE,0,0,5592,7385279.000
07-06-2020 20:15,uHbuxQJl8lW7ozc,0,0,8294,7217149.000
13-06-2020 20:15,zVJPv84UY57bAof,0,0,8410,7336960.000
05-06-2020 05:15,7JYdWkrLSPkdwr4,0,0,0,7756621.000
25-05-2020 08:00,wCURE6d3bPkepu2,3402.86,334.057,348.429,6856139.429
29-05-2020 18:15,VHMLBKoKgIrUVDU,125.714,12.1286,8170.71,7321057.714
28-05-2020 18:30,ZnxXDlPa8U1GXgE,58.5714,5.65714,8539.57,6627915.571
17-05-2020 02:15,zVJPv84UY57bAof,0,0,0,7128535.000
21-05-2020 22:15,WRmjgnKYAwPKWDb,0,0,0,7077358.000
29-05-2020 22:45,1IF53ai7Xc0U56Y,0,0,8253,6298211.000
07-06-2020 04:30,7JYdWkrLSPkdwr4,0,0,0,7770457.000
22-05-2020 20:30,ZoEaEvLYb1n2sOq,0,0,0,7153713.000
22-05-2020 01:30,sjndEbLyjtCKgGv,0,0,0,7065886.000
19-05-2020 08:00,ih0vzX44oOqAx2f,1796.29,175.871,310.857,6210797.857
07-06-2020 20:30,zVJPv84UY57bAof,0,0,8260,7293790.000
09-06-2020 10:30,ZoEaEvLYb1n2sOq,12014.7,1172.03,2312.43,7284036.429
21-05-2020 08:15,uHbuxQJl8lW7ozc,5724.12,560.987,484.25,7080595.250
28-05-2020 20:45,ZoEaEvLYb1n2sOq,0,0,8247,7201538.000
03-06-2020 22:45,7JYdWkrLSPkdwr4,0,0,7749,7748622.000
24-05-2020 05:45,adLQvlD726eNBSB,0,0,0,6337734.000
25-05-2020 01:30,adLQvlD726eNBSB,0,0,0,6346131.000
19-05-2020 15:15,uHbuxQJl8lW7ozc,6311.12,618.375,5966.38,7070167.375
07-06-2020 08:00,1BY6WEcLGh8j5v7,3130.14,307.571,283.857,6418765.857
15-05-2020 18:45,bvBOhCH3iADSZry,0,0,5707,6322510.000
11-06-2020 11:30,ZoEaEvLYb1n2sOq,7276.25,712.462,1857.88,7297928.875
22-05-2020 20:30,zBIq5rxdHJRwDNY,0,0,0,6395807.000
16-06-2020 07:30,sjndEbLyjtCKgGv,2842.86,278.843,170.571,7249709.571
04-06-2020 08:45,z9Y9gH1T5YWrNuG,5535.88,542.337,756.5,7155869.500
07-06-2020 02:30,3PZuoBAID5Wc2HD,0,0,0,7158982.000
04-06-2020 16:30,ih0vzX44oOqAx2f,5881.57,576.329,7497,6336507.000
11-06-2020 09:45,1IF53ai7Xc0U56Y,4867.86,477.286,829.143,6387449.143
06-06-2020 16:15,VHMLBKoKgIrUVDU,1549.29,151.343,6285.57,7377839.571
12-06-2020 21:45,1IF53ai7Xc0U56Y,0,0,5903,6398227.000
15-06-2020 22:45,WRmjgnKYAwPKWDb,0,0,6731,7261315.000
17-05-2020 09:15,uHbuxQJl8lW7ozc,7319.57,716.643,1126.43,7052465.429
15-06-2020 02:15,3PZuoBAID5Wc2HD,0,0,0,7218223.000
09-06-2020 21:30,YxYtjZvoooNbGkE,0,0,7958,7373268.000
04-06-2020 09:00,ZoEaEvLYb1n2sOq,7192.25,704.1,905.875,7244406.875
11-06-2020 06:00,1BY6WEcLGh8j5v7,0,0,0,6444981.000
03-06-2020 11:00,wCURE6d3bPkepu2,9904.62,968.212,2229.12,6925098.125
23-05-2020 03:45,wCURE6d3bPkepu2,0,0,0,6839225.000
23-05-2020 23:45,ZnxXDlPa8U1GXgE,0,0,8589,6587728.000
04-06-2020 13:00,pkci93gMrogZuBj,12434.9,1212.8,4585.43,7320021.429
26-05-2020 23:30,rGa61gmuvPhdLxV,0,0,0,7199869.000
13-06-2020 09:15,1BY6WEcLGh8j5v7,8275.12,809.725,1228,6456907.000
14-06-2020 08:00,iCRJl6heRkivqQ3,4214.38,414,410,7400265.000
25-05-2020 19:45,rGa61gmuvPhdLxV,0,0,8807,7192102.000
12-06-2020 01:30,WRmjgnKYAwPKWDb,0,0,0,7232986.000
03-06-2020 00:45,McdE0feGgRqW7Ca,0,0,0,7300359.000
29-05-2020 18:00,wCURE6d3bPkepu2,457.25,44.225,8165,6895874.000
10-06-2020 09:00,iCRJl6heRkivqQ3,6721.5,658.263,852.125,7374072.125
03-06-2020 02:30,VHMLBKoKgIrUVDU,0,0,0,7347744.000
08-06-2020 14:00,bvBOhCH3iADSZry,9406,918.3,5452,6483745.000
15-05-2020 10:00,ih0vzX44oOqAx2f,7627.75,746.55,1342.62,6186536.857
07-06-2020 13:30,uHbuxQJl8lW7ozc,12206.1,1190.5,5538.14,7214393.143
26-05-2020 09:15,sjndEbLyjtCKgGv,8777.25,858.788,1257.88,7099368.875
14-06-2020 21:30,7JYdWkrLSPkdwr4,0,0,7306,7828158.000
02-06-2020 22:30,ZoEaEvLYb1n2sOq,0,0,7287,7235727.000
14-06-2020 23:00,z9Y9gH1T5YWrNuG,0,0,7238,7232468.000
11-06-2020 20:00,ih0vzX44oOqAx2f,0,0,5521,6386553.000
06-06-2020 17:30,McdE0feGgRqW7Ca,458.714,44.3429,6464.86,7331145.857
17-05-2020 12:15,rGa61gmuvPhdLxV,10787.6,1053.69,4085.75,7128184.750
02-06-2020 02:15,rGa61gmuvPhdLxV,0,0,0,7241969.000
08-06-2020 23:30,wCURE6d3bPkepu2,0,0,8443,6967970.000
22-05-2020 20:15,WRmjgnKYAwPKWDb,0,0,7237,7084595.000
17-05-2020 01:00,1BY6WEcLGh8j5v7,0,0,0,6271605.000
24-05-2020 19:30,McdE0feGgRqW7Ca,0,0,8055,7232691.000
27-05-2020 08:45,bvBOhCH3iADSZry,7077.38,693.062,784.625,6400484.625
17-05-2020 20:45,1IF53ai7Xc0U56Y,0,0,7759,6204353.000
10-06-2020 15:45,ZnxXDlPa8U1GXgE,3792.38,372.688,5793.25,6723565.250
21-05-2020 10:00,zVJPv84UY57bAof,5706,557.714,1313.43,7159010.429
15-06-2020 13:00,uHbuxQJl8lW7ozc,11275.1,1100.56,4601.86,7272438.857
29-05-2020 20:00,uHbuxQJl8lW7ozc,0,0,0,7151932.000
29-05-2020 18:00,bvBOhCH3iADSZry,414.286,40.0714,7431.57,6421016.571
16-06-2020 00:45,ih0vzX44oOqAx2f,0,0,0,6414247.000
18-05-2020 15:45,rGa61gmuvPhdLxV,7140.88,699.263,4704.5,7136241.500
15-05-2020 04:15,pkci93gMrogZuBj,0,0,0,7169102.000
06-06-2020 11:30,iCRJl6heRkivqQ3,6403.14,626.171,3128.86,7344931.857
22-05-2020 22:00,1BY6WEcLGh8j5v7,0,0,6848,6312437.000
15-06-2020 23:45,wCURE6d3bPkepu2,0,0,6746,7016444.000
17-05-2020 23:15,zBIq5rxdHJRwDNY,0,0,7507,6359657.000
22-05-2020 22:00,wCURE6d3bPkepu2,0,0,0,6839225.000
07-06-2020 22:30,adLQvlD726eNBSB,0,0,8353,6453384.000
09-06-2020 04:00,YxYtjZvoooNbGkE,0,0,0,7365310.000
09-06-2020 16:45,rGa61gmuvPhdLxV,4384.14,430.386,7913,7303877.000
27-05-2020 04:15,ZoEaEvLYb1n2sOq,0,0,0,7186690.000
24-05-2020 21:00,1IF53ai7Xc0U56Y,0,0,8273,6257480.000
23-05-2020 07:15,adLQvlD726eNBSB,2209.5,216.525,84.625,6329035.625
26-05-2020 17:45,3PZuoBAID5Wc2HD,515.714,49.8714,8059.14,7078695.143
04-06-2020 02:15,wCURE6d3bPkepu2,0,0,0,6930776.000
06-06-2020 08:15,zBIq5rxdHJRwDNY,5427.86,532.029,592.429,6500894.429
30-05-2020 21:30,uHbuxQJl8lW7ozc,0,0,7340,7159272.000
02-06-2020 13:15,1IF53ai7Xc0U56Y,12466.4,1216.26,4644.14,6322088.143
14-06-2020 11:15,1BY6WEcLGh8j5v7,0,0,2402,6466065.000
01-06-2020 05:45,WRmjgnKYAwPKWDb,0,0,0,7153866.000
13-06-2020 18:30,z9Y9gH1T5YWrNuG,67.7143,6.52857,8362.86,7225229.857
22-05-2020 18:30,pkci93gMrogZuBj,0,0,7224,7225200.000
24-05-2020 12:00,adLQvlD726eNBSB,12702,1238.83,3983.5,6341717.500
13-06-2020 15:45,uHbuxQJl8lW7ozc,5145.29,504.414,7808.71,7259902.714
10-06-2020 03:00,adLQvlD726eNBSB,0,0,0,6470277.000
16-05-2020 12:15,ih0vzX44oOqAx2f,6898.71,675.657,3259.14,6194619.143
18-05-2020 19:45,adLQvlD726eNBSB,0,0,5506,6297816.000
14-06-2020 06:30,McdE0feGgRqW7Ca,671.125,65.05,16.125,7381939.125
11-06-2020 22:30,wCURE6d3bPkepu2,0,0,5651,6988054.000
15-05-2020 08:45,zVJPv84UY57bAof,2978.75,292.438,553.875,7116704.875
08-06-2020 12:30,7JYdWkrLSPkdwr4,12974.9,1265.06,4537.12,7783047.125
27-05-2020 13:45,ih0vzX44oOqAx2f,4433.43,435.143,4795.86,6277086.857
03-06-2020 21:15,3PZuoBAID5Wc2HD,0,0,7874,7136488.000
29-05-2020 23:30,bvBOhCH3iADSZry,0,0,7438,6421023.000
19-05-2020 01:00,rGa61gmuvPhdLxV,0,0,0,7136902.000
13-06-2020 02:00,zVJPv84UY57bAof,0,0,0,7328550.000
11-06-2020 16:00,rGa61gmuvPhdLxV,4798.14,470.771,5141.71,7315910.714
29-05-2020 07:00,ZoEaEvLYb1n2sOq,1946.71,190.829,93,7201631.000
16-05-2020 15:45,uHbuxQJl8lW7ozc,3885.38,381.775,5804.12,7050872.125
05-06-2020 03:00,iCRJl6heRkivqQ3,0,0,0,7334000.000
05-06-2020 23:00,iCRJl6heRkivqQ3,0,0,7803,7341803.000
28-05-2020 15:30,iCRJl6heRkivqQ3,8347.57,816.943,7479.43,7282171.429
17-05-2020 00:15,7JYdWkrLSPkdwr4,0,0,0,7615537.000
15-06-2020 16:45,YxYtjZvoooNbGkE,4079.14,400.743,6374.57,7413076.571
06-06-2020 04:30,z9Y9gH1T5YWrNuG,0,0,0,7171001.000
29-05-2020 16:30,adLQvlD726eNBSB,4331.12,425.25,7991.75,6387000.750
15-05-2020 11:00,uHbuxQJl8lW7ozc,10481.1,1023.13,2124.57,7040805.571
30-05-2020 20:45,McdE0feGgRqW7Ca,0,0,7352,7280565.000
20-05-2020 17:45,1IF53ai7Xc0U56Y,1562.86,152.757,8947.86,6225377.857
29-05-2020 18:00,ZnxXDlPa8U1GXgE,459.875,44.5125,8142.62,6636058.625
14-06-2020 18:15,7JYdWkrLSPkdwr4,249.857,24.1143,7301.14,7828153.143
28-05-2020 02:15,ZnxXDlPa8U1GXgE,0,0,0,6619376.000
25-05-2020 02:45,YxYtjZvoooNbGkE,0,0,0,7252651.000
03-06-2020 01:15,wCURE6d3bPkepu2,0,0,0,6922869.000
22-05-2020 15:30,McdE0feGgRqW7Ca,3957.25,388.637,6364.5,7215419.500
10-06-2020 15:45,ZoEaEvLYb1n2sOq,3794.5,372.925,5761.62,7295440.625
22-05-2020 09:45,ZoEaEvLYb1n2sOq,5152,505.15,1262.62,7147947.625
11-06-2020 07:15,iCRJl6heRkivqQ3,1212.71,117.929,57,7379836.000
06-06-2020 07:45,McdE0feGgRqW7Ca,4593.88,450.738,364,7325045.000
15-06-2020 01:45,sjndEbLyjtCKgGv,0,0,0,7242811.000
17-06-2020 14:45,z9Y9gH1T5YWrNuG,7443.29,728.629,5138.29,7250523.286
07-06-2020 23:00,VHMLBKoKgIrUVDU,0,0,8219,7386208.000
15-05-2020 16:00,3PZuoBAID5Wc2HD,4791.88,470.113,5770.88,6993529.875
10-06-2020 04:00,3PZuoBAID5Wc2HD,0,0,0,7183919.000
16-05-2020 19:15,7JYdWkrLSPkdwr4,0,0,6461,7615537.000
03-06-2020 20:30,ZnxXDlPa8U1GXgE,0,0,7916,6670884.000
30-05-2020 18:15,7JYdWkrLSPkdwr4,278.5,26.9125,7139.38,7721974.375
25-05-2020 21:45,3PZuoBAID5Wc2HD,0,0,9068,7070636.000
19-05-2020 02:30,ZoEaEvLYb1n2sOq,0,0,0,7123527.000
09-06-2020 20:15,3PZuoBAID5Wc2HD,0,0,8186,7183919.000
25-05-2020 16:45,pkci93gMrogZuBj,1336.62,130.062,8699.12,7250406.125
28-05-2020 07:45,ZoEaEvLYb1n2sOq,4092.71,402.029,297.286,7193588.286
16-05-2020 22:45,adLQvlD726eNBSB,0,0,6705,6284443.000
15-06-2020 00:15,iCRJl6heRkivqQ3,0,0,0,7407224.000
08-06-2020 23:30,zBIq5rxdHJRwDNY,0,0,8358,6523269.000
06-06-2020 11:15,zVJPv84UY57bAof,10227.4,998.675,2915,7282005.000
06-06-2020 04:30,pkci93gMrogZuBj,0,0,0,7331487.000
22-05-2020 21:30,sjndEbLyjtCKgGv,0,0,0,7072962.000
10-06-2020 23:00,ZnxXDlPa8U1GXgE,0,0,6438,6724210.000
10-06-2020 13:30,sjndEbLyjtCKgGv,11291.4,1101.86,4607.29,7213702.286
29-05-2020 06:30,adLQvlD726eNBSB,1025.71,99.6857,19.8571,6379028.857
09-06-2020 23:15,ZnxXDlPa8U1GXgE,0,0,8074,6717772.000
19-05-2020 18:45,pkci93gMrogZuBj,0,0,6938,7201349.000
24-05-2020 00:30,sjndEbLyjtCKgGv,0,0,0,7081449.000
23-05-2020 10:30,iCRJl6heRkivqQ3,8770,857.562,2337.5,7236930.500
05-06-2020 17:30,VHMLBKoKgIrUVDU,3537.57,347.643,7594.71,7371415.714
19-05-2020 07:00,pkci93gMrogZuBj,2393.88,234.738,48.75,7194459.750
09-06-2020 18:15,z9Y9gH1T5YWrNuG,429.25,41.525,7621.25,7199045.250
22-05-2020 02:15,3PZuoBAID5Wc2HD,0,0,0,7037301.000
12-06-2020 00:15,bvBOhCH3iADSZry,0,0,0,6504407.000
03-06-2020 17:30,pkci93gMrogZuBj,2335.43,228.986,7695,7315345.000
25-05-2020 13:30,ZoEaEvLYb1n2sOq,11359.4,1108.92,5956.25,7176125.250
17-05-2020 22:30,iCRJl6heRkivqQ3,0,0,7519,7198367.000
29-05-2020 14:30,1IF53ai7Xc0U56Y,8110.29,793.771,6498.57,6296456.571
05-06-2020 16:00,wCURE6d3bPkepu2,7533.71,737.614,6836.57,6945857.571
26-05-2020 01:30,YxYtjZvoooNbGkE,0,0,0,7261464.000
17-06-2020 02:15,zBIq5rxdHJRwDNY,0,0,0,6577552.000
07-06-2020 22:30,ZoEaEvLYb1n2sOq,0,0,8085,7273453.000
18-05-2020 20:45,adLQvlD726eNBSB,0,0,5506,6297816.000
10-06-2020 07:15,adLQvlD726eNBSB,2890.29,283.714,160,6470437.000
22-05-2020 02:45,rGa61gmuvPhdLxV,0,0,0,7160399.000
26-05-2020 23:15,ZoEaEvLYb1n2sOq,0,0,0,7186690.000
12-06-2020 05:15,YxYtjZvoooNbGkE,0,0,0,7385279.000
25-05-2020 18:45,ih0vzX44oOqAx2f,0,0,8085,6264579.000
03-06-2020 08:30,ZoEaEvLYb1n2sOq,4439,435.686,541.286,7236268.286
05-06-2020 14:15,z9Y9gH1T5YWrNuG,5302.12,519.788,5397.62,7168659.625
23-05-2020 05:00,McdE0feGgRqW7Ca,0,0,0,7215952.000
21-05-2020 12:30,zBIq5rxdHJRwDNY,7924.43,775.529,4306.71,6385168.714
09-06-2020 03:30,iCRJl6heRkivqQ3,0,0,0,7364955.000
10-06-2020 20:00,z9Y9gH1T5YWrNuG,0,0,6412,7205465.000
08-06-2020 07:15,7JYdWkrLSPkdwr4,1954.88,191.637,124.25,7778634.250
25-05-2020 09:15,1IF53ai7Xc0U56Y,9351.25,914.675,1272.62,6258752.625
22-05-2020 09:00,iCRJl6heRkivqQ3,5097.75,499.8,866.625,7228308.625
30-05-2020 16:00,7JYdWkrLSPkdwr4,6568,643.386,6501.29,7721336.286
16-06-2020 08:00,adLQvlD726eNBSB,5165.88,506.488,370.5,6512372.500
24-05-2020 16:30,zBIq5rxdHJRwDNY,3353.62,328.825,6863.5,6411344.500
06-06-2020 02:00,WRmjgnKYAwPKWDb,0,0,0,7190270.000
23-05-2020 20:00,wCURE6d3bPkepu2,0,0,8605,6847830.000
08-06-2020 08:15,zBIq5rxdHJRwDNY,3241.88,318.65,428.375,6515339.375
25-05-2020 13:15,ZoEaEvLYb1n2sOq,11873.7,1158.51,5671.29,7175840.286
12-06-2020 18:00,7JYdWkrLSPkdwr4,837.125,81.2625,5732.25,7812396.250
25-05-2020 02:15,1BY6WEcLGh8j5v7,0,0,0,6327940.000
19-05-2020 03:15,wCURE6d3bPkepu2,0,0,0,6808393.000
04-06-2020 15:30,wCURE6d3bPkepu2,8989.88,879.388,6955.12,6937731.125
30-05-2020 20:00,WRmjgnKYAwPKWDb,0,0,7130,7148029.000
30-05-2020 04:00,rGa61gmuvPhdLxV,0,0,0,7223074.000
21-05-2020 10:00,sjndEbLyjtCKgGv,6277,613.533,1217.17,7059880.833
12-06-2020 03:00,wCURE6d3bPkepu2,0,0,0,6988054.000
15-05-2020 19:15,zBIq5rxdHJRwDNY,0,0,6396,6345776.000
26-05-2020 00:45,7JYdWkrLSPkdwr4,0,0,0,7684020.000
05-06-2020 08:15,pkci93gMrogZuBj,5926,580.487,388.25,7324079.250
17-06-2020 23:45,rGa61gmuvPhdLxV,0,0,5950,7356897.000
05-06-2020 23:00,wCURE6d3bPkepu2,0,0,7748,6946769.000
15-06-2020 09:45,VHMLBKoKgIrUVDU,9141,893.786,1808.14,7438863.143
11-06-2020 21:00,1IF53ai7Xc0U56Y,0,0,5704,6392324.000
16-05-2020 06:00,ZoEaEvLYb1n2sOq,42.1429,4.05714,0,7104360.000
24-05-2020 14:15,uHbuxQJl8lW7ozc,11458.3,1118.53,6230.71,7109976.714
10-06-2020 22:15,z9Y9gH1T5YWrNuG,0,0,6412,7205465.000
02-06-2020 11:00,z9Y9gH1T5YWrNuG,8654.75,846.462,2695.38,7142523.375
24-05-2020 01:45,sjndEbLyjtCKgGv,0,0,0,7081449.000
15-05-2020 13:30,VHMLBKoKgIrUVDU,8216.71,804.157,3856.71,7210264.714
26-05-2020 22:45,bvBOhCH3iADSZry,0,0,0,6399700.000
29-05-2020 18:30,1IF53ai7Xc0U56Y,0,0,8253,6298211.000
02-06-2020 12:15,McdE0feGgRqW7Ca,9863.29,964.257,3729,7296481.000
09-06-2020 16:30,3PZuoBAID5Wc2HD,5026.29,492.786,7761.57,7183494.571
25-05-2020 09:00,adLQvlD726eNBSB,8790,860.029,1071.43,6347202.429
17-06-2020 21:00,WRmjgnKYAwPKWDb,0,0,5953,7273532.000
24-05-2020 21:00,wCURE6d3bPkepu2,0,0,7961,6855791.000
23-05-2020 21:30,wCURE6d3bPkepu2,0,0,8605,6847830.000
22-05-2020 06:00,rGa61gmuvPhdLxV,200.857,19.3857,1.42857,7160400.429
09-06-2020 22:45,wCURE6d3bPkepu2,0,0,8010,6975980.000
27-05-2020 12:30,adLQvlD726eNBSB,6334.75,620.487,4111.62,6367627.625
26-05-2020 18:00,bvBOhCH3iADSZry,341,32.9571,7360.57,6399696.571
03-06-2020 05:15,pkci93gMrogZuBj,0,0,0,7307650.000
20-05-2020 08:30,z9Y9gH1T5YWrNuG,6727.5,658.962,684.125,7041149.125
03-06-2020 11:30,bvBOhCH3iADSZry,9775.62,955.362,2474.5,6447961.500
06-06-2020 14:45,wCURE6d3bPkepu2,2433.14,238.629,5662,6952431.000
04-06-2020 13:30,1BY6WEcLGh8j5v7,7316.25,716.337,4798.38,6402607.375
30-05-2020 20:00,ih0vzX44oOqAx2f,0,0,7146,6302267.000
16-05-2020 03:30,bvBOhCH3iADSZry,0,0,0,6322510.000
27-05-2020 04:30,zVJPv84UY57bAof,0,0,0,7205383.000
13-06-2020 21:00,ZnxXDlPa8U1GXgE,0,0,8558,6744343.000
23-05-2020 12:15,zBIq5rxdHJRwDNY,13550.4,1321.19,4395.75,6400202.750
10-06-2020 00:30,3PZuoBAID5Wc2HD,0,0,0,7183919.000
16-06-2020 16:00,uHbuxQJl8lW7ozc,4976.86,488.014,5841.14,7280584.143
12-06-2020 19:45,z9Y9gH1T5YWrNuG,0,0,5803,7216867.000
02-06-2020 15:30,ih0vzX44oOqAx2f,5892.43,577.429,6460.86,6320443.857
09-06-2020 03:30,z9Y9gH1T5YWrNuG,0,0,0,7191424.000
24-05-2020 17:45,z9Y9gH1T5YWrNuG,1127.88,109.662,7834.5,7080596.500
09-06-2020 22:00,wCURE6d3bPkepu2,0,0,8010,6975980.000
01-06-2020 03:00,uHbuxQJl8lW7ozc,0,0,0,7165353.000
13-06-2020 11:30,uHbuxQJl8lW7ozc,13216.1,1288.57,3474,7255568.000
12-06-2020 09:45,7JYdWkrLSPkdwr4,6419.57,628.871,888.143,7807552.143
22-05-2020 07:30,iCRJl6heRkivqQ3,4417.25,433.812,246.75,7227688.750
15-05-2020 16:15,1BY6WEcLGh8j5v7,4081.25,400.725,5369.12,6264928.125
21-05-2020 08:15,7JYdWkrLSPkdwr4,5752.43,563.743,494.571,7644474.571
27-05-2020 00:00,1BY6WEcLGh8j5v7,0,0,0,6343669.000
17-05-2020 03:15,ih0vzX44oOqAx2f,0,0,0,6197810.000
23-05-2020 20:45,z9Y9gH1T5YWrNuG,0,0,8543,7072762.000
24-05-2020 08:00,McdE0feGgRqW7Ca,4984.86,488.714,395.714,7225031.714
26-05-2020 09:30,wCURE6d3bPkepu2,9443.71,923.657,1479.86,6866129.857
31-05-2020 22:45,pkci93gMrogZuBj,0,0,5915,7294791.000
16-06-2020 19:15,bvBOhCH3iADSZry,0,0,5757,6533549.000
15-06-2020 10:00,pkci93gMrogZuBj,8027.57,785.557,1918,7398340.000
15-06-2020 00:00,ZnxXDlPa8U1GXgE,0,0,925.5,6751747.000
11-06-2020 06:15,ZnxXDlPa8U1GXgE,162.286,15.6714,1,6724211.000
09-06-2020 09:00,zVJPv84UY57bAof,8733.38,854.55,1067.88,7303234.875
12-06-2020 10:30,3PZuoBAID5Wc2HD,8456,827.471,1444,7197630.000
16-05-2020 15:00,zBIq5rxdHJRwDNY,7176.14,702.729,5495.29,6351271.286
07-06-2020 00:45,YxYtjZvoooNbGkE,0,0,0,7348812.000
13-06-2020 17:15,1IF53ai7Xc0U56Y,1775.71,174.057,8555.71,6406782.714
04-06-2020 00:45,1IF53ai7Xc0U56Y,0,0,0,6332659.000
30-05-2020 09:45,7JYdWkrLSPkdwr4,4692,460.488,1055.38,7715890.375
11-06-2020 01:45,VHMLBKoKgIrUVDU,0,0,0,7409295.000
22-05-2020 06:00,1BY6WEcLGh8j5v7,218.286,21.0857,1.14286,6305590.143
28-05-2020 05:00,zBIq5rxdHJRwDNY,0,0,0,6434083.000
12-06-2020 01:15,ZoEaEvLYb1n2sOq,0,0,0,7301632.000
16-06-2020 16:15,adLQvlD726eNBSB,3610.71,354.771,6050.29,6518052.286
12-06-2020 08:00,McdE0feGgRqW7Ca,1863.5,182.438,155.375,7367528.375
21-05-2020 17:00,ZoEaEvLYb1n2sOq,1059.86,103.014,7550.86,7146618.857
13-06-2020 00:00,pkci93gMrogZuBj,0,0,0,7380807.000
24-05-2020 01:15,3PZuoBAID5Wc2HD,0,0,0,7053268.000
04-06-2020 00:45,bvBOhCH3iADSZry,0,0,0,6452724.000
31-05-2020 10:15,sjndEbLyjtCKgGv,10728.3,1047.67,1619.57,7137874.571
26-05-2020 21:00,iCRJl6heRkivqQ3,0,0,0,7267996.000
15-05-2020 05:00,z9Y9gH1T5YWrNuG,0,0,0,7007866.000
15-05-2020 02:30,pkci93gMrogZuBj,0,0,0,7169102.000
17-05-2020 01:30,sjndEbLyjtCKgGv,0,0,0,7029613.000
12-06-2020 13:30,ZoEaEvLYb1n2sOq,8284.38,810.775,3737.88,7305369.875
13-06-2020 20:45,zBIq5rxdHJRwDNY,0,0,8435,6557822.000
18-05-2020 21:15,pkci93gMrogZuBj,0,0,5364,7194411.000
12-06-2020 13:15,rGa61gmuvPhdLxV,7794.14,763,3598.57,7320030.571
08-06-2020 09:30,rGa61gmuvPhdLxV,11451.2,1117.92,1309.83,7288982.833
30-05-2020 05:30,WRmjgnKYAwPKWDb,0,0,0,7140899.000
19-05-2020 14:45,adLQvlD726eNBSB,10112.9,988.8,5650.75,6303466.750
13-06-2020 14:00,pkci93gMrogZuBj,12261.6,1196.26,6100.86,7386907.857
20-05-2020 03:45,ih0vzX44oOqAx2f,0,0,0,6217277.000
23-05-2020 23:45,sjndEbLyjtCKgGv,0,0,4243.5,7081449.000
25-05-2020 20:00,adLQvlD726eNBSB,0,0,9163,6355294.000
31-05-2020 20:30,bvBOhCH3iADSZry,0,0,5586,6433267.000
18-05-2020 08:30,adLQvlD726eNBSB,1883.75,184.65,395.25,6292705.250
14-06-2020 18:15,zBIq5rxdHJRwDNY,250.714,24.2429,7310.71,6565132.714
15-05-2020 18:15,uHbuxQJl8lW7ozc,101,9.7375,6385.75,7045066.750
02-06-2020 23:00,z9Y9gH1T5YWrNuG,0,0,7446,7147274.000
24-05-2020 22:45,rGa61gmuvPhdLxV,0,0,8002,7183295.000
03-06-2020 12:30,adLQvlD726eNBSB,11758.4,1148.04,3898.75,6418174.750
14-06-2020 11:15,bvBOhCH3iADSZry,0,0,2378,6520020.000
01-06-2020 09:30,adLQvlD726eNBSB,6345.75,621.663,1533,6402237.000
13-06-2020 08:15,z9Y9gH1T5YWrNuG,5978.25,585.85,536.25,7217403.250
26-05-2020 18:15,sjndEbLyjtCKgGv,0,0,7778,7105889.000
27-05-2020 17:30,1BY6WEcLGh8j5v7,845.143,82,6131.57,6349800.571
19-05-2020 01:45,iCRJl6heRkivqQ3,0,0,0,7203767.000
07-06-2020 01:30,McdE0feGgRqW7Ca,0,0,0,7331160.000
07-06-2020 19:00,3PZuoBAID5Wc2HD,0,0,8242,7167224.000
16-05-2020 09:15,rGa61gmuvPhdLxV,5857,573.943,1028.57,7118894.571
01-06-2020 10:15,1BY6WEcLGh8j5v7,7456.88,729.487,1812.12,6379743.125
10-06-2020 00:45,iCRJl6heRkivqQ3,0,0,0,7373220.000
04-06-2020 15:45,sjndEbLyjtCKgGv,8881.14,868.786,7146.86,7170439.857
06-06-2020 08:45,3PZuoBAID5Wc2HD,6183.71,605.843,986,7153472.000
06-06-2020 01:00,1IF53ai7Xc0U56Y,0,0,0,6348557.000
17-05-2020 16:45,VHMLBKoKgIrUVDU,3771.57,370.443,7514.86,7226894.857
14-06-2020 23:45,McdE0feGgRqW7Ca,0,0,5310.71,7389358.000
01-06-2020 22:15,zBIq5rxdHJRwDNY,0,0,5794,6469033.000
09-06-2020 22:15,iCRJl6heRkivqQ3,0,0,8265,7373220.000
15-05-2020 05:00,pkci93gMrogZuBj,0,0,0,7169102.000
18-05-2020 17:00,7JYdWkrLSPkdwr4,2213.25,216.988,5179.38,7628242.375
10-06-2020 21:45,3PZuoBAID5Wc2HD,0,0,6550,7190469.000
08-06-2020 03:15,sjndEbLyjtCKgGv,0,0,0,7192554.000
12-06-2020 22:45,WRmjgnKYAwPKWDb,0,0,5794,7238780.000
13-06-2020 21:00,z9Y9gH1T5YWrNuG,0,0,8363,7225230.000
14-06-2020 13:00,3PZuoBAID5Wc2HD,9042.75,884.575,4294.12,7215013.125
02-06-2020 12:00,1BY6WEcLGh8j5v7,7675.38,751.375,3249.75,6386688.750
16-06-2020 15:30,pkci93gMrogZuBj,6753.57,661.443,5529,7408746.000
31-05-2020 20:45,ZnxXDlPa8U1GXgE,0,0,6142,6649525.000
24-05-2020 20:15,1IF53ai7Xc0U56Y,0,0,8273,6257480.000
07-06-2020 00:15,wCURE6d3bPkepu2,0,0,0,6953094.000
28-05-2020 05:00,WRmjgnKYAwPKWDb,0,0,0,7124538.000
20-05-2020 09:15,bvBOhCH3iADSZry,7809.71,764.514,1159.14,6348066.143
26-05-2020 07:00,zVJPv84UY57bAof,1763.86,172.786,77.7143,7197686.714
26-05-2020 11:30,iCRJl6heRkivqQ3,12541,1223.13,3568.43,7263698.429
16-05-2020 04:00,uHbuxQJl8lW7ozc,0,0,0,7045068.000
23-05-2020 04:45,wCURE6d3bPkepu2,0,0,0,6839225.000
18-05-2020 23:00,wCURE6d3bPkepu2,0,0,5393,6808393.000
14-06-2020 02:30,YxYtjZvoooNbGkE,0,0,0,7399439.000
17-06-2020 03:30,7JYdWkrLSPkdwr4,0,0,0,7840965.000
16-06-2020 18:00,z9Y9gH1T5YWrNuG,693.429,67.1714,6183,7245367.000
12-06-2020 19:00,1BY6WEcLGh8j5v7,0,0,5441,6455679.000
16-05-2020 19:45,adLQvlD726eNBSB,0,0,6705,6284443.000
18-05-2020 07:15,iCRJl6heRkivqQ3,2649.38,259.875,128.125,7198495.125
15-06-2020 18:30,VHMLBKoKgIrUVDU,25.875,2.5,6813.88,7443868.875
28-05-2020 18:15,VHMLBKoKgIrUVDU,268.286,25.9286,8504.86,7312882.857
15-05-2020 16:45,ZoEaEvLYb1n2sOq,3557,349.529,6058,7104157.000
12-06-2020 06:45,1IF53ai7Xc0U56Y,706.25,68.4375,21,6392345.000
21-05-2020 14:45,adLQvlD726eNBSB,7934.38,775.462,6727.62,6320342.625
27-05-2020 07:45,bvBOhCH3iADSZry,3751.25,368.562,273.125,6399973.125
17-05-2020 03:00,sjndEbLyjtCKgGv,0,0,0,7029613.000
02-06-2020 04:15,zVJPv84UY57bAof,0,0,0,7247766.000
31-05-2020 08:30,7JYdWkrLSPkdwr4,4305.71,422.943,423.429,7722401.429
15-05-2020 21:15,WRmjgnKYAwPKWDb,0,0,0,7034815.000
07-06-2020 08:45,7JYdWkrLSPkdwr4,4910.14,481.629,576.429,7771033.429
22-05-2020 02:45,zBIq5rxdHJRwDNY,0,0,0,6388599.000
17-06-2020 10:00,ZnxXDlPa8U1GXgE,6269.29,614.186,1276.29,6766084.286
08-06-2020 15:30,ZnxXDlPa8U1GXgE,6984,683.7,7426.5,6708689.500
17-05-2020 10:00,zBIq5rxdHJRwDNY,10072.5,984.775,1789.75,6353939.750
26-05-2020 17:00,pkci93gMrogZuBj,4602.43,451.371,7663.43,7258182.429
02-06-2020 02:45,sjndEbLyjtCKgGv,0,0,0,7148008.000
03-06-2020 12:30,ZoEaEvLYb1n2sOq,11379.7,1111.09,3735.86,7239462.857
12-06-2020 15:15,rGa61gmuvPhdLxV,4929.88,483.413,5032,7321464.000
06-06-2020 21:15,adLQvlD726eNBSB,0,0,6603,6445031.000
08-06-2020 13:45,VHMLBKoKgIrUVDU,9314.5,909.7,5768.88,7391976.875
12-06-2020 21:45,1BY6WEcLGh8j5v7,0,0,5441,6455679.000
14-06-2020 16:15,ih0vzX44oOqAx2f,4223.57,414.686,6852.86,6407370.857
31-05-2020 09:00,sjndEbLyjtCKgGv,6939.86,679.6,759.429,7137014.429
24-05-2020 20:45,WRmjgnKYAwPKWDb,0,0,8091,7101117.000
12-06-2020 02:45,iCRJl6heRkivqQ3,0,0,0,7385471.000
14-06-2020 00:30,sjndEbLyjtCKgGv,0,0,0,7235504.000
21-05-2020 11:45,rGa61gmuvPhdLxV,12643.1,1232.9,3544.12,7156177.125
19-05-2020 05:30,YxYtjZvoooNbGkE,0,0,0,7205598.000
08-06-2020 07:30,McdE0feGgRqW7Ca,2442.14,239.586,173.714,7338375.714
18-05-2020 19:00,VHMLBKoKgIrUVDU,0,0,5457,7232554.000
30-05-2020 09:30,uHbuxQJl8lW7ozc,6353.12,622.375,917.375,7152849.375
10-06-2020 10:00,WRmjgnKYAwPKWDb,4890.43,479.743,1597.71,7222575.714
16-06-2020 07:15,pkci93gMrogZuBj,2332.12,228.662,105.125,7403322.125
02-06-2020 17:00,3PZuoBAID5Wc2HD,2778.14,272.657,7230.43,7128499.429
21-05-2020 07:45,McdE0feGgRqW7Ca,3339.8,328.12,315.6,7201377.600
12-06-2020 02:00,ZnxXDlPa8U1GXgE,0,0,0,6729902.000
28-05-2020 17:30,ih0vzX44oOqAx2f,1109,107.82,8267,6287118.833
07-06-2020 22:15,zVJPv84UY57bAof,0,0,8260,7293790.000
01-06-2020 12:30,iCRJl6heRkivqQ3,8121.38,794.362,3975.62,7308542.625
24-05-2020 16:45,7JYdWkrLSPkdwr4,4051.75,397.663,7720.75,7674940.750
29-05-2020 23:15,adLQvlD726eNBSB,0,0,8343,6387352.000
11-06-2020 20:30,bvBOhCH3iADSZry,0,0,5197,6504407.000
26-05-2020 08:15,zVJPv84UY57bAof,5819,570.212,536,7198145.000
14-06-2020 22:30,1BY6WEcLGh8j5v7,0,0,4012,6467675.000
08-06-2020 11:00,sjndEbLyjtCKgGv,11324.8,1104.92,3009.25,7195563.250
15-06-2020 08:00,VHMLBKoKgIrUVDU,6602,646.757,391.429,7437446.429
27-05-2020 14:45,1BY6WEcLGh8j5v7,3975.71,390.657,5011.43,6348680.429
15-05-2020 01:15,7JYdWkrLSPkdwr4,0,0,0,7602960.000
18-05-2020 13:15,3PZuoBAID5Wc2HD,9848.38,962.375,2701,7011184.000
20-05-2020 11:00,iCRJl6heRkivqQ3,11571.5,1129.11,2982.12,7213700.125
06-06-2020 05:00,sjndEbLyjtCKgGv,0,0,0,7179277.000
25-05-2020 17:00,ZnxXDlPa8U1GXgE,1143.71,111.186,8826,6604582.000
08-06-2020 11:45,7JYdWkrLSPkdwr4,9209,900.314,3798.29,7782308.286
20-05-2020 04:00,rGa61gmuvPhdLxV,0,0,0,7143812.000
02-06-2020 23:00,uHbuxQJl8lW7ozc,0,0,7463,7178405.000
24-05-2020 07:15,zBIq5rxdHJRwDNY,2334.43,228.914,125,6404606.000
07-06-2020 14:00,1IF53ai7Xc0U56Y,11308.7,1103.79,5989.14,6361088.143
16-06-2020 20:15,zBIq5rxdHJRwDNY,0,0,5719,6577552.000
20-05-2020 01:15,1IF53ai7Xc0U56Y,0,0,0,6216430.000
07-06-2020 03:30,WRmjgnKYAwPKWDb,0,0,0,7196611.000
22-05-2020 02:15,iCRJl6heRkivqQ3,0,0,0,7227442.000
09-06-2020 15:45,3PZuoBAID5Wc2HD,7423.25,726.837,7320.62,7183053.625
21-05-2020 10:45,1BY6WEcLGh8j5v7,9868.14,963.8,2303.29,6300649.286
07-06-2020 15:45,pkci93gMrogZuBj,6910.62,676.6,7282.38,7345200.375
15-06-2020 19:15,wCURE6d3bPkepu2,0,0,6746,7016444.000
30-05-2020 15:15,iCRJl6heRkivqQ3,9037.14,884.1,6052,7297305.000
23-05-2020 07:15,7JYdWkrLSPkdwr4,2077.14,203.514,78,7658848.000
01-06-2020 17:00,VHMLBKoKgIrUVDU,1349.25,131.287,5814,7340219.000
22-05-2020 22:45,ZoEaEvLYb1n2sOq,0,0,0,7153713.000
06-06-2020 05:30,adLQvlD726eNBSB,0,0,0,6438428.000
21-05-2020 22:30,iCRJl6heRkivqQ3,0,0,7837,7227442.000
12-06-2020 21:30,wCURE6d3bPkepu2,0,0,5854,6993908.000
16-06-2020 07:45,ZnxXDlPa8U1GXgE,3584.43,351.971,250,6758754.000
21-05-2020 23:15,WRmjgnKYAwPKWDb,0,0,0,7077358.000
07-06-2020 04:30,bvBOhCH3iADSZry,0,0,0,6473124.000
16-06-2020 07:30,WRmjgnKYAwPKWDb,2898.86,284.386,175.571,7261490.571
17-05-2020 07:45,adLQvlD726eNBSB,4669,458.125,270.125,6284713.125
14-06-2020 07:45,iCRJl6heRkivqQ3,4297.86,421.871,302.429,7400157.429
12-06-2020 16:15,YxYtjZvoooNbGkE,2702.5,265.062,5399.75,7390678.750
16-06-2020 14:45,rGa61gmuvPhdLxV,7267.88,711.188,5135.5,7349839.500
20-05-2020 17:30,WRmjgnKYAwPKWDb,1773,173.8,8723,7069655.000
12-06-2020 08:00,WRmjgnKYAwPKWDb,1697.14,165.857,148.857,7233134.857
25-05-2020 03:30,1BY6WEcLGh8j5v7,0,0,0,6327940.000
17-06-2020 21:00,3PZuoBAID5Wc2HD,0,0,6052,7237425.000
10-06-2020 23:00,3PZuoBAID5Wc2HD,0,0,6550,7190469.000
03-06-2020 11:45,VHMLBKoKgIrUVDU,13233.4,1290.57,3051.57,7350795.571
30-05-2020 07:00,pkci93gMrogZuBj,1690.12,165.425,72.25,7281607.250
01-06-2020 17:30,sjndEbLyjtCKgGv,693.25,67.175,5720.12,7147962.125
07-06-2020 09:00,iCRJl6heRkivqQ3,9122.14,892.329,758.571,7348992.571
22-05-2020 11:00,McdE0feGgRqW7Ca,8670.71,846.986,1961.86,7211016.857
19-05-2020 13:00,ZoEaEvLYb1n2sOq,9406.86,919.657,3848.71,7127375.714
24-05-2020 18:15,3PZuoBAID5Wc2HD,373.75,36.15,8292.12,7061560.125
26-05-2020 11:15,YxYtjZvoooNbGkE,6530,639.143,3337.29,7264801.286
07-06-2020 23:45,ZnxXDlPa8U1GXgE,0,0,8209,6701263.000
14-06-2020 12:45,uHbuxQJl8lW7ozc,8092.57,792.071,3934,7264465.000
19-05-2020 16:45,7JYdWkrLSPkdwr4,3649.71,358.7,6639.57,7635011.571
03-06-2020 20:15,adLQvlD726eNBSB,0,0,7991,6422267.000
16-05-2020 11:45,VHMLBKoKgIrUVDU,9642.62,943,3020.12,7215686.125
01-06-2020 16:30,1BY6WEcLGh8j5v7,1607.86,157.557,5351.14,6383282.143
01-06-2020 18:00,YxYtjZvoooNbGkE,561.5,54.35,5763.88,7311502.875
04-06-2020 14:30,7JYdWkrLSPkdwr4,6820.12,667.962,5897,7754519.000
16-05-2020 03:15,adLQvlD726eNBSB,0,0,0,6277738.000
16-05-2020 02:00,7JYdWkrLSPkdwr4,0,0,0,7609076.000
18-05-2020 02:00,wCURE6d3bPkepu2,0,0,0,6803000.000
10-06-2020 20:30,1BY6WEcLGh8j5v7,0,0,5911,6444981.000
06-06-2020 15:45,YxYtjZvoooNbGkE,3270.57,321.343,6056,7348545.000
05-06-2020 01:15,zVJPv84UY57bAof,0,0,0,7271273.000
12-06-2020 19:30,zBIq5rxdHJRwDNY,0,0,5837,6549387.000
03-06-2020 05:15,McdE0feGgRqW7Ca,0,0,0,7300359.000
04-06-2020 19:45,VHMLBKoKgIrUVDU,0,0,8160,7363821.000
22-05-2020 03:45,zBIq5rxdHJRwDNY,0,0,0,6388599.000
27-05-2020 12:15,YxYtjZvoooNbGkE,7660.75,749.475,3922.75,7273255.750
21-05-2020 14:15,ZnxXDlPa8U1GXgE,7935,775.714,6217.57,6570262.571
31-05-2020 05:15,VHMLBKoKgIrUVDU,0,0,0,7328329.000
19-05-2020 22:45,wCURE6d3bPkepu2,0,0,6956,6815349.000
19-05-2020 09:00,z9Y9gH1T5YWrNuG,5072.71,497.329,666.286,7034239.286
18-05-2020 02:15,ih0vzX44oOqAx2f,0,0,0,6205201.000
16-06-2020 19:45,7JYdWkrLSPkdwr4,0,0,6166,7840965.000
03-06-2020 19:15,pkci93gMrogZuBj,0,0,7786,7315436.000
08-06-2020 06:00,z9Y9gH1T5YWrNuG,94.7143,9.14286,0.428571,7183631.429
28-05-2020 02:45,wCURE6d3bPkepu2,0,0,0,6879195.000
02-06-2020 15:30,McdE0feGgRqW7Ca,6132.71,600.871,6695.43,7299447.429
19-05-2020 15:00,wCURE6d3bPkepu2,7605.86,744.557,5766,6814159.000
04-06-2020 10:45,VHMLBKoKgIrUVDU,11227.6,1095.79,2373.5,7358034.500
14-06-2020 08:30,rGa61gmuvPhdLxV,4923,499.114,610.286,7331280.286
01-06-2020 00:30,zBIq5rxdHJRwDNY,0,0,0,6463239.000
17-05-2020 01:00,wCURE6d3bPkepu2,0,0,0,6795470.000
20-05-2020 10:00,McdE0feGgRqW7Ca,10325.6,1009.44,1944,7194042.000
11-06-2020 22:00,pkci93gMrogZuBj,0,0,5662,7374956.000
02-06-2020 15:15,z9Y9gH1T5YWrNuG,5554.12,544.362,6388.75,7146216.750
02-06-2020 15:00,WRmjgnKYAwPKWDb,5904,578.5,6133.5,7165833.500
28-05-2020 18:00,3PZuoBAID5Wc2HD,480,46.4143,8514.43,7093965.429
15-06-2020 07:15,7JYdWkrLSPkdwr4,2084.38,204.137,153.125,7828311.125
31-05-2020 01:30,zBIq5rxdHJRwDNY,0,0,0,6457301.000
27-05-2020 05:15,VHMLBKoKgIrUVDU,0,0,0,7297615.000
05-06-2020 15:45,McdE0feGgRqW7Ca,8581.71,839.571,6772.43,7323533.429
14-06-2020 22:45,iCRJl6heRkivqQ3,0,0,7369,7407224.000
16-05-2020 18:45,3PZuoBAID5Wc2HD,0,0,6656,7000689.000
28-05-2020 13:00,ih0vzX44oOqAx2f,12661.5,1234.51,5346.5,6284201.500
02-06-2020 00:00,VHMLBKoKgIrUVDU,0,0,0,7340314.000
01-06-2020 10:30,VHMLBKoKgIrUVDU,11855.9,1156.67,2295.25,7336700.250
03-06-2020 21:00,YxYtjZvoooNbGkE,0,0,7827,7326756.000
29-05-2020 17:45,WRmjgnKYAwPKWDb,910.857,88.4286,8013.71,7140874.714
30-05-2020 21:15,adLQvlD726eNBSB,0,0,7419,6394771.000
10-06-2020 10:30,z9Y9gH1T5YWrNuG,7401.43,724.171,1850.14,7200903.143
27-05-2020 20:15,3PZuoBAID5Wc2HD,0,0,6740,7085451.000
25-05-2020 14:15,sjndEbLyjtCKgGv,10681,1043.99,6835.29,7096186.286
17-05-2020 12:15,bvBOhCH3iADSZry,9936.57,970.8,3786,6332434.000
08-06-2020 08:45,ih0vzX44oOqAx2f,7052,690.612,690.75,6359382.750
01-06-2020 23:30,1BY6WEcLGh8j5v7,0,0,5508,6383439.000
18-05-2020 06:30,ih0vzX44oOqAx2f,735.429,71.3,18.5714,6205219.571
05-06-2020 12:15,VHMLBKoKgIrUVDU,4125.38,405.125,3794.12,7367615.125
16-06-2020 02:00,VHMLBKoKgIrUVDU,0,0,0,7443869.000
18-05-2020 14:15,1IF53ai7Xc0U56Y,5001.71,490.371,3742.14,6208095.143
24-05-2020 15:45,WRmjgnKYAwPKWDb,3088.14,303.114,7390.29,7100416.286
01-06-2020 16:15,3PZuoBAID5Wc2HD,1985.5,194.625,5746.38,7121050.375
05-06-2020 13:15,bvBOhCH3iADSZry,7472.75,731.138,3992.88,6464178.875
12-06-2020 09:15,ih0vzX44oOqAx2f,5867.71,574.986,606.143,6387159.143
17-06-2020 01:15,VHMLBKoKgIrUVDU,0,0,0,7450201.000
25-05-2020 01:15,WRmjgnKYAwPKWDb,0,0,0,7101117.000
17-05-2020 11:15,1IF53ai7Xc0U56Y,12995.5,1267.08,3265.5,6199859.500
11-06-2020 23:30,rGa61gmuvPhdLxV,0,0,5663,7316432.000
19-05-2020 15:15,VHMLBKoKgIrUVDU,6092.29,596.914,5969.29,7238523.286
29-05-2020 09:15,pkci93gMrogZuBj,9505.62,929.663,1010.5,7274268.500
15-06-2020 20:00,YxYtjZvoooNbGkE,0,0,6633,7413335.000
23-05-2020 01:15,pkci93gMrogZuBj,0,0,0,7225200.000
21-05-2020 11:45,uHbuxQJl8lW7ozc,12398,1209.16,3591.88,7083702.875
26-05-2020 22:15,3PZuoBAID5Wc2HD,0,0,0,7078711.000
12-06-2020 00:00,zBIq5rxdHJRwDNY,0,0,0,6543550.000
15-06-2020 03:45,ZoEaEvLYb1n2sOq,0,0,0,7323052.000
09-06-2020 22:15,rGa61gmuvPhdLxV,0,0,8240,7304204.000
22-05-2020 11:15,adLQvlD726eNBSB,7680,750.875,2489.5,6324062.500
12-06-2020 14:30,1IF53ai7Xc0U56Y,6384.71,625.457,4665.71,6396989.714
22-05-2020 16:00,bvBOhCH3iADSZry,3012.38,295.65,6459.5,6368607.500
18-05-2020 08:30,ZoEaEvLYb1n2sOq,1808,177.143,373,7118581.000
26-05-2020 17:30,WRmjgnKYAwPKWDb,656.125,63.5125,7853.38,7117849.375
17-05-2020 15:00,zBIq5rxdHJRwDNY,10056.3,983.243,6284,6358434.000
22-05-2020 17:15,ih0vzX44oOqAx2f,1204.71,117.157,6944.57,6240487.571
04-06-2020 04:45,uHbuxQJl8lW7ozc,0,0,0,7186255.000
03-06-2020 02:00,McdE0feGgRqW7Ca,0,0,0,7300359.000
14-06-2020 07:45,uHbuxQJl8lW7ozc,4513.62,443.062,312,7260843.000
02-06-2020 09:30,1IF53ai7Xc0U56Y,10018.6,978.043,1334.86,6318778.857
17-06-2020 07:45,zVJPv84UY57bAof,3686.29,362.3,215.143,7357577.143
05-06-2020 10:30,sjndEbLyjtCKgGv,10041.1,980.513,2097.38,7173615.375
15-06-2020 17:45,WRmjgnKYAwPKWDb,1215.43,118.357,6698.14,7261282.143
25-05-2020 09:30,iCRJl6heRkivqQ3,9538,932.857,1406.86,7252667.857
25-05-2020 12:15,bvBOhCH3iADSZry,11524.6,1124.8,4195.43,6388407.429
18-05-2020 09:30,7JYdWkrLSPkdwr4,1485.12,144.863,550.75,7623613.750
07-06-2020 00:45,zBIq5rxdHJRwDNY,0,0,0,6506728.000
30-05-2020 09:00,ZoEaEvLYb1n2sOq,3749.75,368.462,650.375,7210250.375
10-06-2020 11:00,McdE0feGgRqW7Ca,4888.43,479.471,2192.14,7357209.143
25-05-2020 19:00,YxYtjZvoooNbGkE,0,0,8813,7261464.000
09-06-2020 09:45,zBIq5rxdHJRwDNY,9587.25,936.2,1726,6524995.000
10-06-2020 19:00,ih0vzX44oOqAx2f,0,0,6277,6381032.000
17-05-2020 22:00,McdE0feGgRqW7Ca,0,0,7606,7179627.000
30-05-2020 09:00,VHMLBKoKgIrUVDU,3840,377.329,670.429,7321729.429
26-05-2020 13:45,uHbuxQJl8lW7ozc,12728.6,1241.04,5826.14,7126522.143
22-05-2020 06:45,3PZuoBAID5Wc2HD,1230.75,119.725,54,7037355.000
17-06-2020 14:15,VHMLBKoKgIrUVDU,6068.14,594.543,4909.86,7455110.857
29-05-2020 17:00,bvBOhCH3iADSZry,2884.25,283.1,7289.75,6420874.750
15-06-2020 11:30,YxYtjZvoooNbGkE,7514.86,735.171,3355.57,7410057.571
17-06-2020 09:30,ZoEaEvLYb1n2sOq,6880.14,673.786,967.286,7336849.286
14-06-2020 05:00,ZoEaEvLYb1n2sOq,0,0,0,7315763.000
25-05-2020 21:45,ZoEaEvLYb1n2sOq,0,0,8745,7178914.000
31-05-2020 16:45,zVJPv84UY57bAof,1803.25,176.75,5848.12,7241825.125
28-05-2020 11:30,1BY6WEcLGh8j5v7,11835,1154.34,3443.43,6353276.429
31-05-2020 12:45,1BY6WEcLGh8j5v7,11958.3,1166.36,4015.14,6376143.143
15-06-2020 14:15,z9Y9gH1T5YWrNuG,6123.38,599.175,5141.88,7237609.875
08-06-2020 12:00,7JYdWkrLSPkdwr4,9871.88,965.2,4044,7782554.000
03-06-2020 18:15,WRmjgnKYAwPKWDb,351.714,33.9857,7703.57,7174620.571
07-06-2020 23:30,1BY6WEcLGh8j5v7,0,0,5268,6423750.000
06-06-2020 15:00,McdE0feGgRqW7Ca,4080.71,400.714,5874,7330555.000
31-05-2020 13:45,rGa61gmuvPhdLxV,5482.71,536.5,4612.86,7235050.857
27-05-2020 15:00,7JYdWkrLSPkdwr4,4903.43,481.043,5489,7697401.000
23-05-2020 23:45,ih0vzX44oOqAx2f,0,0,8395,6248938.000
15-06-2020 19:45,1BY6WEcLGh8j5v7,0,0,6275,6473950.000
04-06-2020 02:45,YxYtjZvoooNbGkE,0,0,0,7326756.000
13-06-2020 00:00,ih0vzX44oOqAx2f,0,0,0,6392263.000
15-06-2020 18:45,uHbuxQJl8lW7ozc,0,0,6906,7274743.000
02-06-2020 23:00,sjndEbLyjtCKgGv,0,0,7439,7155447.000
15-06-2020 17:45,zVJPv84UY57bAof,1265.88,123.412,6786.25,7351066.250
31-05-2020 14:15,ih0vzX44oOqAx2f,8246.71,805.429,5136.29,6307403.286
15-06-2020 21:30,1BY6WEcLGh8j5v7,0,0,6275,6473950.000
31-05-2020 01:30,WRmjgnKYAwPKWDb,0,0,0,7148029.000
26-05-2020 15:00,z9Y9gH1T5YWrNuG,3373.14,331.386,6523.71,7095963.714
14-06-2020 04:30,1BY6WEcLGh8j5v7,0,0,0,6463663.000
23-05-2020 21:15,WRmjgnKYAwPKWDb,0,0,8431,7093026.000
19-05-2020 10:30,uHbuxQJl8lW7ozc,7103.86,695.457,1778.14,7065979.143
07-06-2020 12:15,VHMLBKoKgIrUVDU,13168.9,1283.93,4022,7382011.000
30-05-2020 18:15,pkci93gMrogZuBj,285.143,27.5429,7338.29,7288873.286
31-05-2020 10:30,ZnxXDlPa8U1GXgE,12782.1,1246.26,1926.43,6645309.429
20-05-2020 03:15,z9Y9gH1T5YWrNuG,0,0,0,7040465.000
27-05-2020 11:00,iCRJl6heRkivqQ3,8069.25,789.337,2543.88,7270539.875
03-06-2020 01:30,1BY6WEcLGh8j5v7,0,0,0,6390468.000
12-06-2020 12:45,1IF53ai7Xc0U56Y,7918.14,775.057,3254,6395578.000
30-05-2020 01:15,zVJPv84UY57bAof,0,0,0,7228687.000
17-05-2020 20:00,adLQvlD726eNBSB,0,0,7867,6292310.000
02-06-2020 23:30,wCURE6d3bPkepu2,0,0,7525,6922869.000
12-06-2020 22:45,1IF53ai7Xc0U56Y,0,0,5903,6398227.000
14-06-2020 14:45,ZnxXDlPa8U1GXgE,6542.25,640.85,6020.88,6750363.875
19-05-2020 00:00,7JYdWkrLSPkdwr4,0,0,758.429,7628372.000
01-06-2020 17:30,zBIq5rxdHJRwDNY,687.429,66.5714,5747.57,6468986.571
28-05-2020 03:00,bvBOhCH3iADSZry,0,0,0,6405833.000
16-06-2020 05:00,ih0vzX44oOqAx2f,0,0,0,6414247.000
11-06-2020 04:00,zVJPv84UY57bAof,0,0,0,7317016.000
07-06-2020 14:00,sjndEbLyjtCKgGv,9596.86,937.843,4654.29,7190310.286
08-06-2020 17:15,ZoEaEvLYb1n2sOq,2253.5,220.863,8126.75,7281579.750
30-05-2020 12:45,7JYdWkrLSPkdwr4,9816,959.514,3404.43,7718239.429
28-05-2020 10:15,sjndEbLyjtCKgGv,10340.9,1009.73,2226.57,7114791.571
22-05-2020 21:15,adLQvlD726eNBSB,0,0,7378,6328951.000
15-05-2020 05:00,VHMLBKoKgIrUVDU,0,0,0,7206408.000
04-06-2020 01:00,ZoEaEvLYb1n2sOq,0,0,0,7243501.000
04-06-2020 10:45,wCURE6d3bPkepu2,12652.5,1234.24,2370.62,6933146.625
25-05-2020 12:15,ZoEaEvLYb1n2sOq,12580.3,1226.57,4465.86,7174634.857
09-06-2020 03:00,rGa61gmuvPhdLxV,0,0,0,7295964.000
22-05-2020 12:45,iCRJl6heRkivqQ3,11691.8,1140.67,4064.75,7231506.750
17-06-2020 21:45,zBIq5rxdHJRwDNY,0,0,5817,6583369.000
08-06-2020 15:00,adLQvlD726eNBSB,10076.1,985.143,7201.29,6460585.286
15-05-2020 18:15,sjndEbLyjtCKgGv,96.5714,9.31429,6349.14,7023181.143
25-05-2020 04:00,rGa61gmuvPhdLxV,0,0,0,7183295.000
08-06-2020 20:00,1IF53ai7Xc0U56Y,0,0,8495,6371833.000
21-05-2020 21:15,ZoEaEvLYb1n2sOq,0,0,7617,7146685.000
17-05-2020 18:30,sjndEbLyjtCKgGv,0,0,7441,7037054.000
07-06-2020 03:00,3PZuoBAID5Wc2HD,0,0,0,7158982.000
07-06-2020 04:45,adLQvlD726eNBSB,0,0,0,6445031.000
03-06-2020 04:45,bvBOhCH3iADSZry,0,0,0,6445487.000
16-06-2020 11:15,uHbuxQJl8lW7ozc,8096.29,792.371,2881,7277624.000
28-05-2020 15:00,ZoEaEvLYb1n2sOq,10021,979.786,6968.14,7200259.143
15-05-2020 11:45,YxYtjZvoooNbGkE,6878.43,673.629,2552.86,7182518.857
23-05-2020 04:00,ZnxXDlPa8U1GXgE,0,0,0,6579139.000
01-06-2020 09:00,McdE0feGgRqW7Ca,7257.71,710.6,1114,7287874.000
12-06-2020 11:15,YxYtjZvoooNbGkE,8182,800.743,1891,7387170.000
15-05-2020 14:45,adLQvlD726eNBSB,7273.14,711.129,5069.29,6276424.286
15-06-2020 06:15,bvBOhCH3iADSZry,416.625,40.2625,6.75,6521606.750
30-05-2020 11:00,3PZuoBAID5Wc2HD,6726.12,658.75,1704,7103893.000
10-06-2020 06:15,ZoEaEvLYb1n2sOq,418.25,40.4375,6.375,7289685.375
17-06-2020 03:15,z9Y9gH1T5YWrNuG,0,0,0,7245385.000
28-05-2020 01:45,1BY6WEcLGh8j5v7,0,0,0,6349833.000
17-05-2020 14:45,ZnxXDlPa8U1GXgE,10639.6,1039.9,6116.57,6541268.571
23-05-2020 04:00,WRmjgnKYAwPKWDb,0,0,0,7084595.000
05-06-2020 21:30,z9Y9gH1T5YWrNuG,0,0,7739,7171001.000
05-06-2020 09:45,z9Y9gH1T5YWrNuG,5434.14,532.629,1489.43,7164751.429
08-06-2020 01:45,zVJPv84UY57bAof,0,0,0,7293790.000
17-05-2020 06:00,McdE0feGgRqW7Ca,0,0,0,7172021.000
15-05-2020 05:30,ZoEaEvLYb1n2sOq,0,0,0,7098099.000
05-06-2020 18:45,McdE0feGgRqW7Ca,0,0,7920,7324681.000
17-05-2020 06:15,adLQvlD726eNBSB,156.429,15.1,2.57143,6284445.571
21-05-2020 13:15,uHbuxQJl8lW7ozc,12452,1214.45,5149,7085260.000
08-06-2020 19:00,McdE0feGgRqW7Ca,0,0,8580,7346782.000
30-05-2020 02:30,wCURE6d3bPkepu2,0,0,0,6895880.000
09-06-2020 16:45,YxYtjZvoooNbGkE,4249.86,417.329,7640,7372950.000
16-05-2020 13:30,McdE0feGgRqW7Ca,8955.14,875.929,4571.29,7170006.286
30-05-2020 12:00,rGa61gmuvPhdLxV,13818.5,1347.3,2562.25,7225636.250
11-06-2020 22:15,1BY6WEcLGh8j5v7,0,0,5257,6450238.000
25-05-2020 01:15,sjndEbLyjtCKgGv,0,0,0,7089351.000
19-05-2020 03:45,7JYdWkrLSPkdwr4,0,0,0,7628372.000
10-06-2020 22:30,adLQvlD726eNBSB,0,0,6667,6476944.000
16-06-2020 16:30,McdE0feGgRqW7Ca,2771.71,271.843,6092,7402322.000
11-06-2020 12:00,ZnxXDlPa8U1GXgE,9466.14,925.814,2301.43,6726511.429
18-05-2020 12:45,WRmjgnKYAwPKWDb,8041.12,787,2251.88,7051355.875
14-06-2020 17:15,1BY6WEcLGh8j5v7,1533.71,149.914,3940.29,6467603.286
22-05-2020 14:30,iCRJl6heRkivqQ3,10861,1060.89,5763.12,7233205.125
13-06-2020 22:00,ih0vzX44oOqAx2f,0,0,8255,6400518.000
04-06-2020 12:30,3PZuoBAID5Wc2HD,9490.5,926.737,4266,7140754.000
27-05-2020 20:45,rGa61gmuvPhdLxV,0,0,0,7206549.000
19-05-2020 22:30,rGa61gmuvPhdLxV,0,0,6910,7143812.000
13-06-2020 07:45,ZnxXDlPa8U1GXgE,4304,422.65,294.5,6736079.500
16-06-2020 14:15,rGa61gmuvPhdLxV,4649.25,456.2,4721.62,7349425.625
28-05-2020 12:15,rGa61gmuvPhdLxV,11806.2,1151.62,4391.17,7210940.167
31-05-2020 00:30,pkci93gMrogZuBj,0,0,0,7288876.000
25-05-2020 16:15,adLQvlD726eNBSB,4476.12,439.25,8918.75,6355049.750
26-05-2020 18:15,pkci93gMrogZuBj,312,30.1,7774,7258293.000
27-05-2020 02:45,ZoEaEvLYb1n2sOq,0,0,0,7186690.000
16-06-2020 17:15,sjndEbLyjtCKgGv,1759.38,172.425,6144.12,7255683.125
14-06-2020 20:15,1IF53ai7Xc0U56Y,0,0,7487,6414368.000
02-06-2020 09:30,iCRJl6heRkivqQ3,9981.57,974.857,1434.43,7311782.429
11-06-2020 03:45,McdE0feGgRqW7Ca,0,0,0,7361623.000
31-05-2020 11:30,pkci93gMrogZuBj,10186.2,994.55,2939.5,7291815.500
18-05-2020 19:45,VHMLBKoKgIrUVDU,0,0,5457,7232554.000
16-05-2020 08:15,VHMLBKoKgIrUVDU,4989,489.086,458.857,7213124.857
02-06-2020 04:15,wCURE6d3bPkepu2,0,0,0,6915344.000
31-05-2020 18:30,adLQvlD726eNBSB,28.8571,2.78571,5933,6400704.000
16-06-2020 09:45,7JYdWkrLSPkdwr4,8555.75,837.175,1410.5,7836209.500
31-05-2020 06:00,rGa61gmuvPhdLxV,93.25,9,0.25,7230438.250
27-05-2020 21:45,3PZuoBAID5Wc2HD,0,0,6740,7085451.000
30-05-2020 01:15,rGa61gmuvPhdLxV,0,0,0,7223074.000
23-05-2020 23:45,wCURE6d3bPkepu2,0,0,3687.86,6847830.000
01-06-2020 19:30,zVJPv84UY57bAof,0,0,5742,7247766.000
22-05-2020 22:00,z9Y9gH1T5YWrNuG,0,0,0,7064219.000
15-05-2020 12:00,ZoEaEvLYb1n2sOq,7931.5,775.775,2701,7100800.000
17-05-2020 04:15,3PZuoBAID5Wc2HD,0,0,0,7000689.000
02-06-2020 00:45,VHMLBKoKgIrUVDU,0,0,0,7340314.000
06-06-2020 23:30,zVJPv84UY57bAof,0,0,0,7285530.000
27-05-2020 05:15,3PZuoBAID5Wc2HD,0,0,0,7078711.000
18-05-2020 05:30,uHbuxQJl8lW7ozc,0,0,0,7058793.000
23-05-2020 10:15,ZoEaEvLYb1n2sOq,8695,850.386,2090.14,7155803.143
14-06-2020 08:00,zBIq5rxdHJRwDNY,4141.62,406.887,403.75,6558225.750
19-05-2020 23:15,YxYtjZvoooNbGkE,0,0,6878,7212476.000
22-05-2020 20:45,wCURE6d3bPkepu2,0,0,0,6839225.000
13-06-2020 12:15,adLQvlD726eNBSB,12024,1173.46,4689.38,6493411.375
25-05-2020 10:45,adLQvlD726eNBSB,12149.1,1184.56,2911.12,6349042.125
10-06-2020 01:00,ZoEaEvLYb1n2sOq,0,0,0,7289679.000
26-05-2020 18:45,7JYdWkrLSPkdwr4,0,0,0,7691912.000
30-05-2020 00:30,WRmjgnKYAwPKWDb,0,0,0,7140899.000
11-06-2020 17:00,McdE0feGgRqW7Ca,2431.25,238.4,5591.12,7367214.125
09-06-2020 19:30,uHbuxQJl8lW7ozc,0,0,8309,7233863.000
07-06-2020 14:45,ZoEaEvLYb1n2sOq,4374,429.371,6472.29,7271840.286
15-05-2020 18:30,ih0vzX44oOqAx2f,0,0,6176,6191360.000
07-06-2020 14:45,zBIq5rxdHJRwDNY,4836.12,474.5,6525.75,6513253.750
13-06-2020 09:00,zBIq5rxdHJRwDNY,8357.71,817.829,1039.14,6550426.143
19-05-2020 19:30,iCRJl6heRkivqQ3,0,0,6951,7210718.000
22-05-2020 07:45,rGa61gmuvPhdLxV,4221.88,414.6,351.875,7160750.875
06-06-2020 02:15,1BY6WEcLGh8j5v7,0,0,0,6412542.000
03-06-2020 23:45,McdE0feGgRqW7Ca,0,0,5721.43,7308369.000
15-06-2020 21:15,ZoEaEvLYb1n2sOq,0,0,6639,7329691.000
16-05-2020 18:30,iCRJl6heRkivqQ3,0,0,6438,7190848.000
17-06-2020 00:00,pkci93gMrogZuBj,0,0,0,7409478.000
02-06-2020 09:15,iCRJl6heRkivqQ3,9001.38,880.175,1223.75,7311571.750
09-06-2020 07:00,WRmjgnKYAwPKWDb,2417,237,102.429,7213103.429
19-05-2020 05:30,pkci93gMrogZuBj,0,0,0,7194411.000
03-06-2020 05:45,wCURE6d3bPkepu2,0,0,0,6922869.000
25-05-2020 17:45,ih0vzX44oOqAx2f,481.571,46.6,8061.86,6264555.857
26-05-2020 23:15,sjndEbLyjtCKgGv,0,0,0,7105889.000
11-06-2020 05:00,7JYdWkrLSPkdwr4,0,0,0,7801091.000
23-05-2020 15:15,WRmjgnKYAwPKWDb,7892.75,772.575,7165.62,7091760.625
03-06-2020 19:15,bvBOhCH3iADSZry,0,0,7237,6452724.000
06-06-2020 16:30,1IF53ai7Xc0U56Y,1409.12,137.325,6425.12,6354982.125
30-05-2020 06:45,adLQvlD726eNBSB,1246.25,121.237,42.375,6387394.375
21-05-2020 09:15,adLQvlD726eNBSB,8605.62,841.913,1303.25,6314918.250
25-05-2020 02:45,pkci93gMrogZuBj,0,0,0,7241707.000
25-05-2020 01:15,wCURE6d3bPkepu2,0,0,0,6855791.000
17-05-2020 08:15,1BY6WEcLGh8j5v7,4916.5,482.1,469.375,6272074.375
04-06-2020 22:30,McdE0feGgRqW7Ca,0,0,0,7316761.000
28-05-2020 12:00,1IF53ai7Xc0U56Y,12156.2,1185.91,4356,6285818.000
05-06-2020 02:00,zVJPv84UY57bAof,0,0,0,7271273.000
10-06-2020 22:30,WRmjgnKYAwPKWDb,0,0,6389,7227367.000
23-05-2020 15:30,zVJPv84UY57bAof,9387.86,918.243,7438.29,7179732.286
01-06-2020 07:15,ZoEaEvLYb1n2sOq,2979.88,292.663,155.125,7222799.125
13-06-2020 15:00,bvBOhCH3iADSZry,9704.38,949.025,6695.12,6516474.125
17-05-2020 04:45,7JYdWkrLSPkdwr4,0,0,0,7615537.000
02-06-2020 10:00,pkci93gMrogZuBj,9711.29,949.671,1859.43,7302159.429
09-06-2020 01:30,sjndEbLyjtCKgGv,0,0,0,7200925.000
17-05-2020 01:15,pkci93gMrogZuBj,0,0,0,7181650.000
15-06-2020 20:00,sjndEbLyjtCKgGv,0,0,6728,7249539.000
22-05-2020 14:15,3PZuoBAID5Wc2HD,9113.71,890.3,5702.86,7043003.857
12-06-2020 17:00,VHMLBKoKgIrUVDU,1915.43,187.757,5716.57,7420727.571
15-05-2020 04:15,zVJPv84UY57bAof,0,0,0,7116151.000
21-05-2020 17:15,zBIq5rxdHJRwDNY,766,74.2714,7691.43,6388553.429
30-05-2020 21:45,zVJPv84UY57bAof,0,0,7290,7235977.000
23-05-2020 23:30,3PZuoBAID5Wc2HD,0,0,8652,7053268.000
28-05-2020 05:15,7JYdWkrLSPkdwr4,0,0,0,7698550.000
26-05-2020 23:15,zVJPv84UY57bAof,0,0,0,7205383.000
19-05-2020 23:30,sjndEbLyjtCKgGv,0,0,6879,7049284.000
16-05-2020 09:00,bvBOhCH3iADSZry,5771.71,565.586,829.571,6323339.571
10-06-2020 14:15,rGa61gmuvPhdLxV,9817.12,959.987,5323.75,7309527.750
15-05-2020 17:30,7JYdWkrLSPkdwr4,1212,118.175,6078.5,7609038.500
17-06-2020 06:45,7JYdWkrLSPkdwr4,462.5,44.9,0,7840965.000
14-06-2020 10:30,rGa61gmuvPhdLxV,10064.8,983.462,2048.38,7332718.375
30-05-2020 05:45,z9Y9gH1T5YWrNuG,0,0,0,7120455.000
31-05-2020 00:00,ih0vzX44oOqAx2f,0,0,0,6302267.000
25-05-2020 01:00,zVJPv84UY57bAof,0,0,0,7188796.000
15-06-2020 14:45,iCRJl6heRkivqQ3,6280,615.257,5580.57,7412804.571
04-06-2020 05:45,1BY6WEcLGh8j5v7,0,0,0,6397809.000
31-05-2020 23:00,VHMLBKoKgIrUVDU,0,0,6076,7334405.000
25-05-2020 05:15,rGa61gmuvPhdLxV,0,0,0,7183295.000
31-05-2020 02:15,uHbuxQJl8lW7ozc,0,0,0,7159272.000
01-06-2020 12:15,zBIq5rxdHJRwDNY,6810.43,666.9,3773.57,6467012.571
10-06-2020 11:45,ZoEaEvLYb1n2sOq,9299.86,908.457,2662.14,7292341.143
01-06-2020 19:45,zVJPv84UY57bAof,0,0,5742,7247766.000
10-06-2020 21:00,iCRJl6heRkivqQ3,0,0,6559,7379779.000
28-05-2020 18:45,WRmjgnKYAwPKWDb,0,0,8323,7132861.000
18-05-2020 02:45,VHMLBKoKgIrUVDU,0,0,0,7227097.000
06-06-2020 06:15,YxYtjZvoooNbGkE,421.143,40.7143,8.71429,7342497.714
16-05-2020 17:15,adLQvlD726eNBSB,1646.25,161.15,6624.38,6284362.375
25-05-2020 05:00,rGa61gmuvPhdLxV,0,0,0,7183295.000
30-05-2020 14:00,ZoEaEvLYb1n2sOq,11843,1155.54,4727.43,7214327.429
05-06-2020 02:00,rGa61gmuvPhdLxV,0,0,0,7265349.000
01-06-2020 01:30,VHMLBKoKgIrUVDU,0,0,0,7334405.000
12-06-2020 11:00,bvBOhCH3iADSZry,5703.38,558.962,1609.62,6506016.625
18-05-2020 12:45,bvBOhCH3iADSZry,7336,718.271,2070.57,6337646.571
07-06-2020 16:00,3PZuoBAID5Wc2HD,6688.29,655.157,7559.57,7166541.571
19-05-2020 03:30,WRmjgnKYAwPKWDb,0,0,0,7054452.000
19-05-2020 10:30,YxYtjZvoooNbGkE,7249.57,708.986,1716.57,7207314.571
21-05-2020 19:00,z9Y9gH1T5YWrNuG,0,0,7886,7057147.000
18-05-2020 10:45,3PZuoBAID5Wc2HD,5739.25,562.513,858.125,7009341.125
14-06-2020 11:15,ih0vzX44oOqAx2f,9132.12,892.975,2716.38,6403234.375
09-06-2020 16:00,WRmjgnKYAwPKWDb,6207.71,608.186,7297.86,7220298.857
19-05-2020 19:00,zBIq5rxdHJRwDNY,0,0,6924,6371971.000
16-06-2020 11:45,sjndEbLyjtCKgGv,7324.12,716.987,3217.12,7252756.125
04-06-2020 09:30,YxYtjZvoooNbGkE,5988.38,586.7,1229.5,7327985.500
14-06-2020 20:45,sjndEbLyjtCKgGv,0,0,7307,7242811.000
24-05-2020 15:30,WRmjgnKYAwPKWDb,4332.25,425.137,7296.25,7100322.250
19-05-2020 11:00,7JYdWkrLSPkdwr4,9697.88,947.4,2088,7630460.000
15-06-2020 12:45,uHbuxQJl8lW7ozc,7031.75,688.538,4397,7272234.000
27-05-2020 04:00,ih0vzX44oOqAx2f,0,0,0,6272291.000
15-05-2020 00:15,rGa61gmuvPhdLxV,0,0,0,7111493.000
15-05-2020 08:30,1IF53ai7Xc0U56Y,4983.62,488.75,509,6184154.000
11-06-2020 18:45,VHMLBKoKgIrUVDU,0,0,5716,7415011.000
03-06-2020 05:45,WRmjgnKYAwPKWDb,0,0,0,7166917.000
07-06-2020 02:45,sjndEbLyjtCKgGv,0,0,0,7185656.000
17-06-2020 10:00,7JYdWkrLSPkdwr4,6172.71,604.786,1267.43,7842232.429
27-05-2020 07:30,uHbuxQJl8lW7ozc,3262,320.5,197.571,7128735.571
29-05-2020 20:45,1BY6WEcLGh8j5v7,0,0,7564,6365374.000
01-06-2020 22:15,WRmjgnKYAwPKWDb,0,0,5834,7159700.000
02-06-2020 17:30,pkci93gMrogZuBj,935,90.7857,7306.57,7307606.571
27-05-2020 00:00,3PZuoBAID5Wc2HD,0,0,0,7078711.000
12-06-2020 22:00,7JYdWkrLSPkdwr4,0,0,5753,7812417.000
23-05-2020 16:45,ZoEaEvLYb1n2sOq,4092.29,402.029,8134,7161847.000
08-06-2020 10:15,ZnxXDlPa8U1GXgE,10686.8,1042.67,2190.62,6703453.625
05-06-2020 02:15,rGa61gmuvPhdLxV,0,0,0,7265349.000
10-06-2020 11:00,ZnxXDlPa8U1GXgE,4720.25,463.075,2192.5,6719964.500
25-05-2020 20:00,sjndEbLyjtCKgGv,0,0,8760,7098111.000
06-06-2020 19:45,zVJPv84UY57bAof,0,0,0,7285530.000
25-05-2020 17:00,iCRJl6heRkivqQ3,1144.43,111.286,8784.57,7260045.571
12-06-2020 19:45,zVJPv84UY57bAof,0,0,5863,7328550.000
16-06-2020 07:00,uHbuxQJl8lW7ozc,1445,140.943,61.8571,7274804.857
19-05-2020 22:00,WRmjgnKYAwPKWDb,0,0,0,7060932.000
15-06-2020 14:30,3PZuoBAID5Wc2HD,8644.14,845.529,5417.14,7223640.143
04-06-2020 14:15,z9Y9gH1T5YWrNuG,8374.43,818.457,5763.86,7160876.857
28-05-2020 01:00,pkci93gMrogZuBj,0,0,0,7264985.000
04-06-2020 17:30,pkci93gMrogZuBj,3239.75,318.212,8136.62,7323572.625
10-06-2020 23:15,iCRJl6heRkivqQ3,0,0,6559,7379779.000
09-06-2020 08:00,adLQvlD726eNBSB,5702.38,558.9,429.375,6462433.375
21-05-2020 14:15,iCRJl6heRkivqQ3,8193.25,800.6,6233.25,7225838.250
06-06-2020 07:00,ZnxXDlPa8U1GXgE,2676.86,262.643,97.7143,6686796.714
13-06-2020 06:45,1BY6WEcLGh8j5v7,1051,102.143,35.4286,6455714.429
14-06-2020 16:30,rGa61gmuvPhdLxV,2887.75,283.525,7069.5,7337739.500
06-06-2020 23:15,ZoEaEvLYb1n2sOq,0,0,0,7265368.000
13-06-2020 07:45,pkci93gMrogZuBj,4133.14,406.043,277.571,7381084.571
27-05-2020 07:30,1IF53ai7Xc0U56Y,3694.38,362.988,219.25,6274857.250
31-05-2020 12:15,3PZuoBAID5Wc2HD,8354.71,816.629,3260.57,7112748.571
20-05-2020 00:15,7JYdWkrLSPkdwr4,0,0,0,7635208.000
08-06-2020 20:15,zBIq5rxdHJRwDNY,0,0,8358,6523269.000
12-06-2020 05:45,iCRJl6heRkivqQ3,0,0,0,7385471.000
13-06-2020 01:30,iCRJl6heRkivqQ3,0,0,0,7391359.000
15-06-2020 23:30,1IF53ai7Xc0U56Y,0,0,6846,6421214.000
13-06-2020 00:00,zBIq5rxdHJRwDNY,0,0,833.857,6549387.000
30-05-2020 03:45,1IF53ai7Xc0U56Y,0,0,0,6298211.000
18-05-2020 08:15,adLQvlD726eNBSB,1431.86,139.571,354.286,6292664.286
24-05-2020 04:45,rGa61gmuvPhdLxV,0,0,0,7175293.000
08-06-2020 13:00,pkci93gMrogZuBj,9901.5,966.875,4989.25,7351121.250
12-06-2020 23:15,VHMLBKoKgIrUVDU,0,0,5903,7420914.000
15-06-2020 23:00,ZoEaEvLYb1n2sOq,0,0,6639,7329691.000
13-06-2020 11:30,iCRJl6heRkivqQ3,13187.6,1285.81,3494.43,7394853.429
28-05-2020 08:45,uHbuxQJl8lW7ozc,7571.38,741.263,871.5,7136129.500
25-05-2020 08:30,zVJPv84UY57bAof,6647,651.114,611.429,7189407.429
09-06-2020 00:45,ih0vzX44oOqAx2f,0,0,0,6366909.000
16-06-2020 04:30,McdE0feGgRqW7Ca,0,0,0,7396230.000
17-05-2020 20:00,ZoEaEvLYb1n2sOq,0,0,7464,7118208.000
31-05-2020 02:15,iCRJl6heRkivqQ3,0,0,0,7298598.000
12-06-2020 14:45,McdE0feGgRqW7Ca,6200.5,607.462,4863.38,7372236.375
04-06-2020 23:00,ih0vzX44oOqAx2f,0,0,8009,6337019.000
05-06-2020 23:45,McdE0feGgRqW7Ca,0,0,4950,7324681.000
30-05-2020 19:45,adLQvlD726eNBSB,0,0,7419,6394771.000
15-06-2020 17:00,pkci93gMrogZuBj,2820.25,276.863,6620.5,7403042.500
12-06-2020 23:00,YxYtjZvoooNbGkE,0,0,5780,7391059.000
13-06-2020 17:45,rGa61gmuvPhdLxV,982.857,95.4571,8354.14,7330635.143
21-05-2020 18:00,wCURE6d3bPkepu2,309.75,29.9,7804.5,6832048.500
06-06-2020 03:00,3PZuoBAID5Wc2HD,0,0,0,7152486.000
15-05-2020 18:15,WRmjgnKYAwPKWDb,89,8.5875,6141.12,7034814.125
27-05-2020 03:00,pkci93gMrogZuBj,0,0,0,7258294.000
13-06-2020 22:30,ZoEaEvLYb1n2sOq,0,0,8378,7315763.000
10-06-2020 13:30,ih0vzX44oOqAx2f,11329.2,1106.16,4439.38,6379194.375
01-06-2020 07:30,1BY6WEcLGh8j5v7,3983.62,391.413,240.75,6378171.750
19-05-2020 20:00,7JYdWkrLSPkdwr4,0,0,6836,7635208.000
09-06-2020 21:15,McdE0feGgRqW7Ca,0,0,8235,7355017.000
31-05-2020 04:30,7JYdWkrLSPkdwr4,0,0,0,7721978.000
10-06-2020 14:00,VHMLBKoKgIrUVDU,6958.25,681.3,5057.75,7407873.750
03-06-2020 14:30,1IF53ai7Xc0U56Y,8722.62,853.388,5982.5,6330766.500
16-05-2020 23:15,YxYtjZvoooNbGkE,0,0,6475,7192732.000
13-06-2020 15:00,adLQvlD726eNBSB,10668.8,1042.79,7493.12,6496215.125
05-06-2020 12:15,z9Y9gH1T5YWrNuG,5018.88,492.25,3781.5,7167043.500
01-06-2020 04:00,WRmjgnKYAwPKWDb,0,0,0,7153866.000
28-05-2020 12:00,3PZuoBAID5Wc2HD,13529.6,1319.16,4389.29,7089840.286
23-05-2020 23:30,VHMLBKoKgIrUVDU,0,0,8611,7272332.000
08-06-2020 22:30,ZnxXDlPa8U1GXgE,0,0,8435,6709698.000
10-06-2020 07:45,ZoEaEvLYb1n2sOq,4055.62,398.413,297,7289976.000
16-05-2020 22:15,McdE0feGgRqW7Ca,0,0,6586,7172021.000
19-05-2020 01:45,z9Y9gH1T5YWrNuG,0,0,0,7033573.000
15-05-2020 19:15,iCRJl6heRkivqQ3,0,0,6418,7184410.000
18-05-2020 08:00,zBIq5rxdHJRwDNY,1268.29,123.357,307.857,6359964.857
31-05-2020 23:15,7JYdWkrLSPkdwr4,0,0,5843,7727821.000
02-06-2020 16:30,WRmjgnKYAwPKWDb,4401.86,432.014,6942.29,7166642.286
15-05-2020 12:00,zVJPv84UY57bAof,6880.88,673.688,2432.25,7118583.250
17-05-2020 12:30,uHbuxQJl8lW7ozc,7839.62,766.45,4354.5,7055693.500
17-05-2020 05:45,ZnxXDlPa8U1GXgE,0,0,0,6535152.000
22-05-2020 08:45,z9Y9gH1T5YWrNuG,3904.86,383.614,749,7057896.000
19-05-2020 10:45,uHbuxQJl8lW7ozc,9492.38,927.5,1978.5,7066179.500
11-06-2020 12:45,rGa61gmuvPhdLxV,5731.12,561.625,2881.5,7313650.500
21-05-2020 10:30,zVJPv84UY57bAof,11339.8,1106.69,2222.88,7159401.875
02-06-2020 23:45,z9Y9gH1T5YWrNuG,0,0,7446,7147274.000
18-05-2020 15:00,zBIq5rxdHJRwDNY,7956.29,778.771,4159.29,6363816.286
24-05-2020 21:00,ZoEaEvLYb1n2sOq,0,0,7985,7170169.000
22-05-2020 15:15,zBIq5rxdHJRwDNY,6501.86,636.829,6554.57,6395153.571
15-05-2020 11:00,1IF53ai7Xc0U56Y,8230.43,804.9,2014.57,6185659.571
20-05-2020 10:45,z9Y9gH1T5YWrNuG,11040.4,1078.89,2710.43,7043175.429
31-05-2020 22:45,1IF53ai7Xc0U56Y,0,0,5889,6311432.000
02-06-2020 04:00,adLQvlD726eNBSB,0,0,0,6406831.000
09-06-2020 17:15,uHbuxQJl8lW7ozc,2801.5,274.788,8150.75,7233704.750
28-05-2020 21:15,1IF53ai7Xc0U56Y,0,0,8496,6289958.000
01-06-2020 14:45,zBIq5rxdHJRwDNY,3070,301.512,5268.25,6468507.250
10-06-2020 19:30,YxYtjZvoooNbGkE,0,0,6419,7379687.000
17-05-2020 21:30,rGa61gmuvPhdLxV,0,0,7438,7131537.000
02-06-2020 08:00,rGa61gmuvPhdLxV,3617.14,355.229,265.143,7242234.143
07-06-2020 21:00,VHMLBKoKgIrUVDU,0,0,8219,7386208.000
17-06-2020 11:00,adLQvlD726eNBSB,6959.86,681.114,1989.14,6520387.143
07-06-2020 08:30,ZnxXDlPa8U1GXgE,3661,359.843,479.571,6693533.571
12-06-2020 14:30,uHbuxQJl8lW7ozc,6499.38,636.688,4648.62,7250854.625
25-05-2020 00:45,WRmjgnKYAwPKWDb,0,0,0,7101117.000
11-06-2020 17:30,ZnxXDlPa8U1GXgE,1436.12,140.05,5625.25,6729835.250
01-06-2020 00:00,YxYtjZvoooNbGkE,0,0,0,7305739.000
23-05-2020 00:00,ZoEaEvLYb1n2sOq,0,0,0,7153713.000
25-05-2020 05:00,sjndEbLyjtCKgGv,0,0,0,7089351.000
16-05-2020 08:00,z9Y9gH1T5YWrNuG,4179.12,410.512,332.875,7014584.875
30-05-2020 20:00,wCURE6d3bPkepu2,0,0,7278,6903158.000
13-06-2020 13:15,z9Y9gH1T5YWrNuG,9153.86,894.2,5415.43,7222282.429
13-06-2020 14:45,adLQvlD726eNBSB,10208.6,998.043,7233.86,6495955.857
18-05-2020 12:45,iCRJl6heRkivqQ3,7810,764.486,2245.57,7200612.571
13-06-2020 01:00,1BY6WEcLGh8j5v7,0,0,0,6455679.000
25-05-2020 02:45,uHbuxQJl8lW7ozc,0,0,0,7111852.000
26-05-2020 10:30,ZnxXDlPa8U1GXgE,12419.8,1211.29,2473.38,6607139.375
31-05-2020 11:30,sjndEbLyjtCKgGv,10895.1,1063.83,2835.38,7139090.375
26-05-2020 11:30,sjndEbLyjtCKgGv,11195.5,1092.66,3516.5,7101627.500
26-05-2020 04:45,zBIq5rxdHJRwDNY,0,0,0,6420201.000
17-05-2020 22:30,bvBOhCH3iADSZry,0,0,6928,6335576.000
11-06-2020 01:15,1BY6WEcLGh8j5v7,0,0,0,6444981.000
04-06-2020 02:30,7JYdWkrLSPkdwr4,0,0,0,7748622.000
12-06-2020 21:30,zBIq5rxdHJRwDNY,0,0,5837,6549387.000
17-06-2020 11:45,YxYtjZvoooNbGkE,11665.7,1138.86,2515.86,7422071.857
15-06-2020 01:15,zVJPv84UY57bAof,0,0,0,7344280.000
24-05-2020 07:30,uHbuxQJl8lW7ozc,3171.86,311.643,192,7103938.000
16-06-2020 18:45,wCURE6d3bPkepu2,0,0,6274,7022718.000
22-05-2020 01:15,rGa61gmuvPhdLxV,0,0,0,7160399.000
24-05-2020 14:15,bvBOhCH3iADSZry,8933.38,873.7,5840.62,6382612.625
22-05-2020 16:45,ZnxXDlPa8U1GXgE,1982.14,194.314,7138.71,6579002.714
13-06-2020 05:45,7JYdWkrLSPkdwr4,0,0,0,7812417.000
29-05-2020 20:00,ZoEaEvLYb1n2sOq,0,0,0,7209600.000
11-06-2020 23:00,WRmjgnKYAwPKWDb,0,0,5619,7232986.000
14-06-2020 09:45,uHbuxQJl8lW7ozc,8228.14,805.3,1455.86,7261986.857
24-05-2020 10:45,McdE0feGgRqW7Ca,11390.4,1111.61,2300,7226936.000
11-06-2020 07:45,pkci93gMrogZuBj,2023.57,198.386,132.857,7369426.857
09-06-2020 16:45,7JYdWkrLSPkdwr4,4079.38,400.788,7625.88,7794418.875
21-05-2020 14:30,z9Y9gH1T5YWrNuG,8381.86,818.9,6435.57,7055696.571
17-06-2020 00:45,zBIq5rxdHJRwDNY,0,0,0,6577552.000
27-05-2020 04:45,rGa61gmuvPhdLxV,0,0,0,7199869.000
08-06-2020 23:30,ih0vzX44oOqAx2f,0,0,8217,6366909.000
07-06-2020 21:45,WRmjgnKYAwPKWDb,0,0,8071,7204682.000
08-06-2020 22:45,bvBOhCH3iADSZry,0,0,7693,6485986.000
03-06-2020 16:45,ZnxXDlPa8U1GXgE,4044.38,396.712,7542.25,6670510.250
16-06-2020 15:45,uHbuxQJl8lW7ozc,5413.67,530.689,5710.78,7280453.778
20-05-2020 19:30,iCRJl6heRkivqQ3,0,0,8887,7219605.000
02-06-2020 07:30,adLQvlD726eNBSB,2152.5,211.037,158,6406989.000
29-05-2020 11:00,wCURE6d3bPkepu2,12259.4,1195.29,2708.5,6890417.500
28-05-2020 00:00,zVJPv84UY57bAof,0,0,0,7212082.000
28-05-2020 20:30,McdE0feGgRqW7Ca,0,0,8567,7264956.000
05-06-2020 14:30,zBIq5rxdHJRwDNY,11873.9,1158.28,5562.88,6498141.875
23-05-2020 07:00,1IF53ai7Xc0U56Y,1052.86,102.314,45.2857,6240579.286
11-06-2020 12:30,z9Y9gH1T5YWrNuG,7841.43,767.571,2717,7208182.000
08-06-2020 09:00,McdE0feGgRqW7Ca,6967.14,682.3,886.857,7339088.857
25-05-2020 13:15,adLQvlD726eNBSB,12308.3,1200.08,6015.67,6352146.667
07-06-2020 22:15,ih0vzX44oOqAx2f,0,0,8019,6358692.000
14-06-2020 05:15,7JYdWkrLSPkdwr4,0,0,0,7820852.000
03-06-2020 13:45,rGa61gmuvPhdLxV,8570,838.6,4976.5,7254306.500
29-05-2020 12:45,zVJPv84UY57bAof,12466,1215.44,4689.75,7225162.750
17-06-2020 02:00,uHbuxQJl8lW7ozc,0,0,0,7281035.000
02-06-2020 05:00,VHMLBKoKgIrUVDU,0,0,0,7340314.000
04-06-2020 02:45,rGa61gmuvPhdLxV,0,0,0,7257137.000
07-06-2020 13:30,ih0vzX44oOqAx2f,11227,1095.88,5412.38,6356085.375
31-05-2020 23:15,adLQvlD726eNBSB,0,0,5933,6400704.000
10-06-2020 07:15,zVJPv84UY57bAof,2480,243.188,142.625,7310598.625
30-05-2020 01:30,iCRJl6heRkivqQ3,0,0,0,7291253.000
03-06-2020 21:15,WRmjgnKYAwPKWDb,0,0,7710,7174627.000
03-06-2020 09:45,1IF53ai7Xc0U56Y,6015.88,589.462,1297.75,6326081.750
31-05-2020 15:00,zBIq5rxdHJRwDNY,2237,219.357,5309,6462610.000
12-06-2020 05:00,WRmjgnKYAwPKWDb,0,0,0,7232986.000
02-06-2020 16:45,McdE0feGgRqW7Ca,3260.38,320.1,7406.12,7300158.125
10-06-2020 10:30,WRmjgnKYAwPKWDb,6511.71,637.786,1926.29,7222904.286
27-05-2020 06:00,zVJPv84UY57bAof,144,13.8857,0.285714,7205383.286
17-06-2020 08:45,1IF53ai7Xc0U56Y,4032.62,396.188,602.375,6428134.375
27-05-2020 08:45,7JYdWkrLSPkdwr4,7589.88,743.05,834.625,7692746.625
16-06-2020 10:30,3PZuoBAID5Wc2HD,8761.12,857.212,2194.38,7227236.375
09-06-2020 21:15,1IF53ai7Xc0U56Y,0,0,8189,6380022.000
30-05-2020 16:00,z9Y9gH1T5YWrNuG,6761.25,662.225,6467.38,7126922.375
09-06-2020 22:00,iCRJl6heRkivqQ3,0,0,8265,7373220.000
15-05-2020 00:30,ih0vzX44oOqAx2f,0,0,0,6185184.000
24-05-2020 19:30,iCRJl6heRkivqQ3,0,0,8041,7251261.000
25-05-2020 05:00,1IF53ai7Xc0U56Y,0,0,0,6257480.000
06-06-2020 00:15,bvBOhCH3iADSZry,0,0,0,6467251.000
16-05-2020 23:45,1IF53ai7Xc0U56Y,0,0,5768,6196594.000
11-06-2020 00:45,pkci93gMrogZuBj,0,0,0,7369294.000
14-06-2020 19:45,1BY6WEcLGh8j5v7,0,0,4012,6467675.000
02-06-2020 03:45,ZnxXDlPa8U1GXgE,0,0,0,6655443.000
02-06-2020 02:15,uHbuxQJl8lW7ozc,0,0,0,7170942.000
15-06-2020 05:45,VHMLBKoKgIrUVDU,0,0,0,7437055.000
17-06-2020 00:30,McdE0feGgRqW7Ca,0,0,0,7402595.000
18-05-2020 16:00,pkci93gMrogZuBj,5849.14,573.257,4855,7193902.000
14-06-2020 15:15,uHbuxQJl8lW7ozc,10205,996.712,6369.62,7266900.625
10-06-2020 19:30,3PZuoBAID5Wc2HD,0,0,6550,7190469.000
18-05-2020 16:00,7JYdWkrLSPkdwr4,5605.57,549.429,4821.57,7627884.571
11-06-2020 06:30,bvBOhCH3iADSZry,333,32.175,6.5,6499216.500
04-06-2020 18:30,iCRJl6heRkivqQ3,51.1429,4.92857,8303.71,7333999.714
02-06-2020 05:00,rGa61gmuvPhdLxV,0,0,0,7241969.000
17-06-2020 07:15,zVJPv84UY57bAof,2131,209.057,57,7357419.000
17-06-2020 05:45,1IF53ai7Xc0U56Y,0,0,0,6427532.000
19-05-2020 03:15,3PZuoBAID5Wc2HD,0,0,0,7013918.000
13-06-2020 08:15,1IF53ai7Xc0U56Y,6654.57,651.829,595.714,6398822.714
15-05-2020 12:00,uHbuxQJl8lW7ozc,6011.43,588.986,2898.71,7041579.714
15-06-2020 04:15,ih0vzX44oOqAx2f,0,0,0,6407683.000
19-05-2020 12:45,1IF53ai7Xc0U56Y,11499,1122.5,3776.25,6213582.250
28-05-2020 10:45,z9Y9gH1T5YWrNuG,10415.8,1016.62,2747.25,7106632.250
01-06-2020 12:30,pkci93gMrogZuBj,8501.29,830.957,3716.86,7298507.857
06-06-2020 00:00,3PZuoBAID5Wc2HD,0,0,0,7152486.000
17-06-2020 08:00,wCURE6d3bPkepu2,3438,337.986,295.571,7023013.571
30-05-2020 15:30,uHbuxQJl8lW7ozc,8396.86,821.729,6258.71,7158190.714
13-06-2020 10:00,sjndEbLyjtCKgGv,7238.43,708.257,1847.14,7228948.143
14-06-2020 06:15,7JYdWkrLSPkdwr4,316.429,30.5714,4.57143,7820856.571
19-05-2020 14:15,bvBOhCH3iADSZry,8828.5,863.638,4633,6345171.000
26-05-2020 14:30,rGa61gmuvPhdLxV,5933.43,580.971,6199.86,7198301.857
17-05-2020 13:15,z9Y9gH1T5YWrNuG,6500.12,635.938,4940.25,7025680.250
09-06-2020 22:45,ZoEaEvLYb1n2sOq,0,0,7955,7289679.000
11-06-2020 12:15,1BY6WEcLGh8j5v7,8563,837.913,2341.12,6447322.125
03-06-2020 23:30,wCURE6d3bPkepu2,0,0,7907,6930776.000
15-05-2020 06:15,ZoEaEvLYb1n2sOq,296.333,28.6333,2.83333,7098101.833
20-05-2020 21:45,sjndEbLyjtCKgGv,0,0,8777,7058061.000
22-05-2020 22:30,1IF53ai7Xc0U56Y,0,0,7287,6240534.000
29-05-2020 16:30,zBIq5rxdHJRwDNY,4256.88,417.975,7565.62,6449559.625
02-06-2020 23:30,ih0vzX44oOqAx2f,0,0,0,6321311.000
18-05-2020 01:30,sjndEbLyjtCKgGv,0,0,0,7037054.000
31-05-2020 04:00,iCRJl6heRkivqQ3,0,0,0,7298598.000
09-06-2020 06:30,rGa61gmuvPhdLxV,812.5,78.825,25.125,7295989.125
30-05-2020 13:00,YxYtjZvoooNbGkE,8509.71,832.671,3623.14,7296126.143
19-05-2020 22:00,adLQvlD726eNBSB,0,0,0,6304513.000
01-06-2020 01:45,zVJPv84UY57bAof,0,0,0,7242024.000
15-05-2020 04:00,WRmjgnKYAwPKWDb,0,0,0,7028673.000
18-05-2020 01:00,zBIq5rxdHJRwDNY,0,0,0,6359657.000
08-06-2020 01:15,1IF53ai7Xc0U56Y,0,0,0,6363338.000
18-05-2020 14:30,ZoEaEvLYb1n2sOq,6584,644.914,3776.57,7121984.571
13-06-2020 08:30,zBIq5rxdHJRwDNY,6806.88,666.712,693.875,6550080.875
19-05-2020 21:30,YxYtjZvoooNbGkE,0,0,6878,7212476.000
17-06-2020 01:00,YxYtjZvoooNbGkE,0,0,0,7419556.000
24-05-2020 04:30,adLQvlD726eNBSB,0,0,0,6337734.000
06-06-2020 10:00,VHMLBKoKgIrUVDU,10832.4,1057.41,1780.14,7373334.143
05-06-2020 19:15,iCRJl6heRkivqQ3,0,0,7803,7341803.000
10-06-2020 23:00,McdE0feGgRqW7Ca,0,0,6606,7361623.000
17-05-2020 15:30,1BY6WEcLGh8j5v7,7316.57,716.214,6303,6277908.000
14-06-2020 08:00,ZnxXDlPa8U1GXgE,4264.62,418.812,412,6744755.000
11-06-2020 23:00,zVJPv84UY57bAof,0,0,5671,7322687.000
15-05-2020 08:00,7JYdWkrLSPkdwr4,2741.5,269.15,281,7603241.000
10-06-2020 10:45,bvBOhCH3iADSZry,5361.71,525.771,1879.14,6495226.143
02-06-2020 08:30,VHMLBKoKgIrUVDU,7469,731.243,644.714,7340958.714
18-05-2020 06:15,bvBOhCH3iADSZry,362.286,35.0286,5.14286,6335581.143
10-06-2020 06:30,YxYtjZvoooNbGkE,833.143,80.8571,21.8571,7373289.857
17-06-2020 19:30,VHMLBKoKgIrUVDU,0,0,6007,7456208.000
31-05-2020 00:00,zBIq5rxdHJRwDNY,0,0,924.5,6457301.000
27-05-2020 13:30,3PZuoBAID5Wc2HD,4964.12,486.825,4666.38,7083377.375
21-05-2020 13:15,1BY6WEcLGh8j5v7,11813.9,1152.24,4771,6303117.000
22-05-2020 12:00,adLQvlD726eNBSB,13082.1,1275.49,3413.29,6324986.286
16-06-2020 09:15,ih0vzX44oOqAx2f,6333.38,620.487,1007,6415254.000
18-05-2020 11:00,YxYtjZvoooNbGkE,6422.62,629.188,995.125,7201224.125
14-06-2020 13:00,ZoEaEvLYb1n2sOq,8653.29,846.671,4107.71,7319870.714
08-06-2020 12:45,sjndEbLyjtCKgGv,6931.71,678.743,4783.43,7197337.429
19-05-2020 00:30,rGa61gmuvPhdLxV,0,0,0,7136902.000
15-06-2020 18:15,McdE0feGgRqW7Ca,246.714,23.8286,6868.86,7396227.000
16-06-2020 19:15,zBIq5rxdHJRwDNY,0,0,5719,6577552.000
27-05-2020 03:45,rGa61gmuvPhdLxV,0,0,0,7199869.000
02-06-2020 09:45,3PZuoBAID5Wc2HD,10742.5,1048.92,1594.88,7122863.875
19-05-2020 00:45,wCURE6d3bPkepu2,0,0,0,6808393.000
17-05-2020 11:15,sjndEbLyjtCKgGv,12820.9,1250.01,3055.43,7032668.429
19-05-2020 02:30,wCURE6d3bPkepu2,0,0,0,6808393.000
08-06-2020 02:00,VHMLBKoKgIrUVDU,0,0,0,7386208.000
31-05-2020 19:00,7JYdWkrLSPkdwr4,0,0,5843,7727821.000
03-06-2020 21:15,ZnxXDlPa8U1GXgE,0,0,7916,6670884.000
10-06-2020 21:00,adLQvlD726eNBSB,0,0,6667,6476944.000
21-05-2020 19:45,iCRJl6heRkivqQ3,0,0,7837,7227442.000
27-05-2020 04:15,bvBOhCH3iADSZry,0,0,0,6399700.000
17-06-2020 17:45,ZoEaEvLYb1n2sOq,937.857,91.0571,5836.14,7341718.143
24-05-2020 23:00,wCURE6d3bPkepu2,0,0,7961,6855791.000
15-06-2020 14:15,7JYdWkrLSPkdwr4,6437,629.95,5049.25,7833207.250
21-05-2020 14:00,zVJPv84UY57bAof,10658,1040,6121.43,7163300.429
08-06-2020 21:00,wCURE6d3bPkepu2,0,0,8443,6967970.000
08-06-2020 14:45,7JYdWkrLSPkdwr4,9307.25,910.038,6662.25,7785172.250
10-06-2020 16:45,ZoEaEvLYb1n2sOq,2740.12,268.938,6162.5,7295841.500
04-06-2020 04:30,3PZuoBAID5Wc2HD,0,0,0,7136488.000
04-06-2020 09:30,ih0vzX44oOqAx2f,6654.71,651.771,1230,6330240.000
19-05-2020 03:30,zVJPv84UY57bAof,0,0,0,7141405.000
10-06-2020 14:15,pkci93gMrogZuBj,9758.43,954.286,5337.14,7368053.143
29-05-2020 22:00,adLQvlD726eNBSB,0,0,8343,6387352.000
31-05-2020 22:45,3PZuoBAID5Wc2HD,0,0,5816,7115304.000
07-06-2020 11:30,1IF53ai7Xc0U56Y,12056.6,1176.72,3093.62,6358192.625
07-06-2020 18:00,adLQvlD726eNBSB,696.125,67.4625,8335.75,6453366.750
20-05-2020 08:15,YxYtjZvoooNbGkE,5889.25,577.087,538,7213014.000
11-06-2020 07:30,zVJPv84UY57bAof,1474.62,143.863,90.125,7317106.125
08-06-2020 18:15,7JYdWkrLSPkdwr4,443.143,42.8429,8275,7786785.000
01-06-2020 12:00,3PZuoBAID5Wc2HD,5425.71,531.771,3823,7119127.000
04-06-2020 14:30,McdE0feGgRqW7Ca,6818.38,667.737,6138.38,7314507.375
11-06-2020 10:45,adLQvlD726eNBSB,6146.43,602.2,1392.14,6478336.143
16-05-2020 16:15,sjndEbLyjtCKgGv,2825.29,277.1,6130.71,7029312.714
26-05-2020 21:45,pkci93gMrogZuBj,0,0,0,7258294.000
19-05-2020 20:00,uHbuxQJl8lW7ozc,0,0,6997,7071198.000
06-06-2020 13:00,7JYdWkrLSPkdwr4,13606.6,1326.67,4345.71,7768485.714
22-05-2020 21:15,sjndEbLyjtCKgGv,0,0,0,7072962.000
08-06-2020 15:15,rGa61gmuvPhdLxV,9062.14,886.4,7175.29,7294848.286
26-05-2020 10:45,3PZuoBAID5Wc2HD,11439.1,1116.19,2882.25,7073518.250
15-06-2020 16:30,adLQvlD726eNBSB,3561.86,350.129,6554.29,6511640.286
09-06-2020 21:15,ZnxXDlPa8U1GXgE,0,0,8074,6717772.000
08-06-2020 10:15,VHMLBKoKgIrUVDU,11301,1102.71,2226.14,7388434.143
17-05-2020 16:00,7JYdWkrLSPkdwr4,6368.62,623.812,6989.25,7622526.250
26-05-2020 18:30,sjndEbLyjtCKgGv,0,0,0,7105889.000
17-05-2020 19:30,WRmjgnKYAwPKWDb,0,0,7674,7049104.000
15-06-2020 23:30,iCRJl6heRkivqQ3,0,0,6777,7414001.000
26-05-2020 22:45,3PZuoBAID5Wc2HD,0,0,0,7078711.000
17-05-2020 12:30,ZoEaEvLYb1n2sOq,7636.57,747.1,4318,7115062.000
17-05-2020 02:45,wCURE6d3bPkepu2,0,0,0,6795470.000
15-06-2020 01:00,1IF53ai7Xc0U56Y,0,0,0,6414368.000
15-06-2020 15:15,zBIq5rxdHJRwDNY,6296,616.75,5821,6570958.000
14-06-2020 07:15,3PZuoBAID5Wc2HD,3182.5,312.587,136.5,7210855.500
08-06-2020 23:00,ZoEaEvLYb1n2sOq,0,0,8271,7281724.000
16-05-2020 06:00,7JYdWkrLSPkdwr4,43.7143,4.21429,0,7609076.000
20-05-2020 05:45,1BY6WEcLGh8j5v7,0,0,0,6290097.000
13-06-2020 18:45,ZoEaEvLYb1n2sOq,0,0,8378,7315763.000
06-06-2020 00:00,YxYtjZvoooNbGkE,0,0,0,7342489.000
13-06-2020 02:30,wCURE6d3bPkepu2,0,0,0,6993908.000
19-05-2020 06:45,rGa61gmuvPhdLxV,733.429,71.2571,11.5714,7136913.571
17-05-2020 00:00,wCURE6d3bPkepu2,0,0,0,6795470.000
26-05-2020 03:30,wCURE6d3bPkepu2,0,0,0,6864650.000
29-05-2020 09:30,McdE0feGgRqW7Ca,6444.75,631.35,1224.25,7266180.250
17-06-2020 15:00,WRmjgnKYAwPKWDb,4531.38,444.6,5403.12,7272982.125
13-06-2020 02:00,ih0vzX44oOqAx2f,0,0,0,6392263.000
15-06-2020 16:00,uHbuxQJl8lW7ozc,1928.88,188.863,6418.12,7274255.125
23-05-2020 17:30,zBIq5rxdHJRwDNY,2057.12,201.7,8561.5,6404368.500
02-06-2020 13:00,WRmjgnKYAwPKWDb,13001.8,1267.66,4262.5,7163962.500
17-06-2020 05:15,ih0vzX44oOqAx2f,0,0,0,6420371.000
14-06-2020 17:30,ZoEaEvLYb1n2sOq,971.714,94.4143,7249.14,7323012.143
21-05-2020 19:15,iCRJl6heRkivqQ3,0,0,7837,7227442.000
16-05-2020 06:00,1IF53ai7Xc0U56Y,57.25,5.525,0,6190002.000
03-06-2020 22:00,3PZuoBAID5Wc2HD,0,0,7874,7136488.000
08-06-2020 21:30,ZnxXDlPa8U1GXgE,0,0,8435,6709698.000
20-05-2020 07:00,uHbuxQJl8lW7ozc,1588.57,155.3,69.7143,7071267.714
08-06-2020 04:00,wCURE6d3bPkepu2,0,0,0,6959527.000
16-05-2020 04:00,adLQvlD726eNBSB,0,0,0,6277738.000
10-06-2020 10:45,WRmjgnKYAwPKWDb,5745.25,563,2076.5,7223054.500
07-06-2020 21:15,adLQvlD726eNBSB,0,0,8353,6453384.000
15-06-2020 06:45,sjndEbLyjtCKgGv,1472.25,143.7,53.625,7242864.625
16-05-2020 23:30,z9Y9gH1T5YWrNuG,0,0,6488,7020740.000
16-06-2020 18:00,wCURE6d3bPkepu2,697.286,67.5714,6256,7022700.000
14-06-2020 08:45,zVJPv84UY57bAof,5484.71,537.543,735.714,7337695.714
15-05-2020 17:30,1BY6WEcLGh8j5v7,1091,106.067,5719,6265278.000
04-06-2020 10:30,iCRJl6heRkivqQ3,9395.25,917.438,2049,7327745.000
08-06-2020 03:00,zBIq5rxdHJRwDNY,0,0,0,6514911.000
30-05-2020 09:00,zVJPv84UY57bAof,3827.29,376.114,653,7229340.000
08-06-2020 23:00,sjndEbLyjtCKgGv,0,0,8371,7200925.000
17-06-2020 20:00,wCURE6d3bPkepu2,0,0,5883,7028601.000
28-05-2020 14:15,adLQvlD726eNBSB,5257.25,515.413,6812.25,6377185.250
29-05-2020 16:45,sjndEbLyjtCKgGv,3672.14,360.886,7879.86,7128782.857
22-05-2020 14:45,iCRJl6heRkivqQ3,10761.7,1051.83,6033.29,7233475.286
20-05-2020 10:30,bvBOhCH3iADSZry,10087,986.25,2270.88,6349177.875
28-05-2020 09:15,bvBOhCH3iADSZry,8158,798.462,1200.88,6407033.875
28-05-2020 06:45,rGa61gmuvPhdLxV,1204.5,117.15,44.125,7206593.125
29-05-2020 09:15,wCURE6d3bPkepu2,8900,870.657,1013.14,6888722.143
30-05-2020 23:00,adLQvlD726eNBSB,0,0,7419,6394771.000
26-05-2020 03:45,bvBOhCH3iADSZry,0,0,0,6392336.000
17-05-2020 02:15,1BY6WEcLGh8j5v7,0,0,0,6271605.000
31-05-2020 13:15,ih0vzX44oOqAx2f,5096.38,499.863,4427.12,6306694.125
23-05-2020 00:15,rGa61gmuvPhdLxV,0,0,0,7167141.000
28-05-2020 18:30,YxYtjZvoooNbGkE,77.2,7.44,8375,7284404.000
15-05-2020 14:45,wCURE6d3bPkepu2,7468.57,730.571,5014.57,6787612.571
18-05-2020 10:15,3PZuoBAID5Wc2HD,2246.38,220.262,683.5,7009166.500
12-06-2020 08:30,WRmjgnKYAwPKWDb,3223.43,316.843,280,7233266.000
10-06-2020 22:00,adLQvlD726eNBSB,0,0,6667,6476944.000
06-06-2020 23:45,McdE0feGgRqW7Ca,0,0,0,7331160.000
26-05-2020 23:30,YxYtjZvoooNbGkE,0,0,0,7269333.000
26-05-2020 05:00,ZoEaEvLYb1n2sOq,0,0,0,7178914.000
08-06-2020 23:45,zVJPv84UY57bAof,0,0,8377,7302167.000
20-05-2020 02:15,VHMLBKoKgIrUVDU,0,0,0,7239542.000
16-05-2020 06:45,3PZuoBAID5Wc2HD,1167.29,113.529,39.2857,6994072.286
09-06-2020 19:15,3PZuoBAID5Wc2HD,0,0,8186,7183919.000
14-06-2020 10:00,uHbuxQJl8lW7ozc,8922,872.837,1662.75,7262193.750
28-05-2020 11:30,iCRJl6heRkivqQ3,13121.6,1279.36,3563,7278255.000
02-06-2020 16:45,1IF53ai7Xc0U56Y,3003.86,294.814,7159.29,6324603.286
17-05-2020 02:15,VHMLBKoKgIrUVDU,0,0,0,7219380.000
14-06-2020 10:00,1IF53ai7Xc0U56Y,8644.5,845.763,1709.25,6408590.250
01-06-2020 18:30,zBIq5rxdHJRwDNY,24.375,2.35,5793.88,6469032.875
03-06-2020 15:15,ih0vzX44oOqAx2f,10809.6,1055.67,6549.62,6327860.625
13-06-2020 23:00,1BY6WEcLGh8j5v7,0,0,7984,6463663.000
18-05-2020 06:00,1BY6WEcLGh8j5v7,72.625,7.025,0.125,6278650.125
07-06-2020 00:00,ZnxXDlPa8U1GXgE,0,0,907.857,6693054.000
02-06-2020 15:45,WRmjgnKYAwPKWDb,5606.14,549.6,6542.14,7166242.143
22-05-2020 03:30,ZoEaEvLYb1n2sOq,0,0,0,7146685.000
02-06-2020 00:15,bvBOhCH3iADSZry,0,0,0,6438645.000
11-06-2020 09:15,z9Y9gH1T5YWrNuG,4196.29,412.229,595.143,7206060.143
31-05-2020 15:45,uHbuxQJl8lW7ozc,3102.75,304.825,5644.25,7164916.250
30-05-2020 13:15,pkci93gMrogZuBj,11239.9,1097.41,3927.75,7285462.750
16-05-2020 21:45,McdE0feGgRqW7Ca,0,0,6586,7172021.000
18-05-2020 03:45,adLQvlD726eNBSB,0,0,0,6292310.000
26-05-2020 10:15,3PZuoBAID5Wc2HD,10775.4,1051.53,2353.12,7072989.125
16-05-2020 03:00,zBIq5rxdHJRwDNY,0,0,0,6345776.000
15-06-2020 16:45,7JYdWkrLSPkdwr4,3909.5,384.163,6383.75,7834541.750
01-06-2020 01:15,uHbuxQJl8lW7ozc,0,0,0,7165353.000
02-06-2020 04:30,1BY6WEcLGh8j5v7,0,0,0,6383439.000
17-05-2020 04:45,z9Y9gH1T5YWrNuG,0,0,0,7020740.000
08-06-2020 19:15,7JYdWkrLSPkdwr4,0,0,8283,7786793.000
23-05-2020 15:30,z9Y9gH1T5YWrNuG,9013.38,881.788,7418.88,7071637.875
14-06-2020 01:15,1BY6WEcLGh8j5v7,0,0,0,6463663.000
16-05-2020 17:15,WRmjgnKYAwPKWDb,1599.25,156.375,6536.25,7041351.250
29-05-2020 07:30,7JYdWkrLSPkdwr4,2238.86,219.514,192.429,7707020.429
08-06-2020 13:30,ZnxXDlPa8U1GXgE,7458.62,729.425,5484.38,6706747.375
02-06-2020 15:45,ZoEaEvLYb1n2sOq,6065.75,594.225,6569.25,7235009.250
08-06-2020 14:15,McdE0feGgRqW7Ca,11427.2,1115.21,6325.88,7344527.875
20-05-2020 08:15,ZoEaEvLYb1n2sOq,5803.5,568.737,530.125,7130862.125
22-05-2020 20:30,ih0vzX44oOqAx2f,0,0,7000,6240543.000
31-05-2020 21:00,iCRJl6heRkivqQ3,0,0,5969,7304567.000
16-05-2020 03:00,WRmjgnKYAwPKWDb,0,0,0,7034815.000
04-06-2020 10:30,uHbuxQJl8lW7ozc,10478,1022.38,2114.75,7188369.750
08-06-2020 06:45,VHMLBKoKgIrUVDU,1131.75,110.037,47.25,7386255.250
13-06-2020 18:15,rGa61gmuvPhdLxV,287.286,27.7429,8384.29,7330665.286
24-05-2020 15:00,wCURE6d3bPkepu2,8576.88,839.112,6918.38,6854748.375
28-05-2020 22:15,zBIq5rxdHJRwDNY,0,0,7911,6441994.000
12-06-2020 02:30,zBIq5rxdHJRwDNY,0,0,0,6543550.000
10-06-2020 18:30,ZoEaEvLYb1n2sOq,0,0,6392,7296071.000
21-05-2020 10:15,YxYtjZvoooNbGkE,7348.88,718.562,1970.38,7223264.375
25-05-2020 19:00,ZoEaEvLYb1n2sOq,0,0,8745,7178914.000
11-06-2020 20:15,YxYtjZvoooNbGkE,0,0,5592,7385279.000
19-05-2020 23:30,VHMLBKoKgIrUVDU,0,0,6988,7239542.000
25-05-2020 21:15,uHbuxQJl8lW7ozc,0,0,8844,7120696.000
18-05-2020 13:45,YxYtjZvoooNbGkE,13233.6,1290.26,3227,7203456.000
29-05-2020 11:30,iCRJl6heRkivqQ3,9844,961.429,3258.86,7286295.857
28-05-2020 22:15,pkci93gMrogZuBj,0,0,8273,7273258.000
20-05-2020 20:30,iCRJl6heRkivqQ3,0,0,8887,7219605.000
16-06-2020 17:30,uHbuxQJl8lW7ozc,1459.57,142.343,6224.29,7280967.286
01-06-2020 05:00,1BY6WEcLGh8j5v7,0,0,0,6377931.000
15-06-2020 18:00,sjndEbLyjtCKgGv,557.375,53.925,6714.75,7249525.750
16-05-2020 23:00,McdE0feGgRqW7Ca,0,0,6586,7172021.000
20-05-2020 08:00,McdE0feGgRqW7Ca,5305.86,520.1,410.429,7192508.429
06-06-2020 00:45,bvBOhCH3iADSZry,0,0,0,6467251.000
01-06-2020 12:30,YxYtjZvoooNbGkE,7555.75,739.325,3976.75,7309715.750
17-06-2020 03:15,uHbuxQJl8lW7ozc,0,0,0,7281035.000
01-06-2020 01:15,WRmjgnKYAwPKWDb,0,0,0,7153866.000
19-05-2020 08:30,zBIq5rxdHJRwDNY,4181.14,410.314,464.286,6365511.286
12-06-2020 22:00,zBIq5rxdHJRwDNY,0,0,5837,6549387.000
29-05-2020 09:45,zVJPv84UY57bAof,8773.29,857.929,1403.14,7221876.143
28-05-2020 12:00,zVJPv84UY57bAof,11636.4,1135.25,4149.75,7216231.750
03-06-2020 04:45,rGa61gmuvPhdLxV,0,0,0,7249330.000
15-06-2020 22:15,ZnxXDlPa8U1GXgE,0,0,6757,6758504.000
25-05-2020 20:45,bvBOhCH3iADSZry,0,0,8124,6392336.000
14-06-2020 08:45,wCURE6d3bPkepu2,5305,520.086,730.286,7003099.286
07-06-2020 15:45,adLQvlD726eNBSB,6360.12,622.825,7488.75,6452519.750
23-05-2020 14:45,1BY6WEcLGh8j5v7,6789.57,664.986,6411.43,6318848.429
06-06-2020 07:15,sjndEbLyjtCKgGv,3388.62,332.988,163.875,7179440.875
17-06-2020 03:45,ZnxXDlPa8U1GXgE,0,0,0,6764808.000
11-06-2020 12:30,3PZuoBAID5Wc2HD,8087.88,791.587,2775.62,7193244.625
26-05-2020 05:15,YxYtjZvoooNbGkE,0,0,0,7261464.000
31-05-2020 12:15,YxYtjZvoooNbGkE,8570.57,838.071,3453,7303222.000
12-06-2020 10:00,WRmjgnKYAwPKWDb,5753.57,563.843,1058.86,7234044.857
25-05-2020 03:00,YxYtjZvoooNbGkE,0,0,0,7252651.000
25-05-2020 21:00,ZnxXDlPa8U1GXgE,0,0,8910,6604666.000
17-05-2020 03:00,adLQvlD726eNBSB,0,0,0,6284443.000
27-05-2020 15:45,YxYtjZvoooNbGkE,6099.88,597.362,5996.62,7275329.625
01-06-2020 02:15,VHMLBKoKgIrUVDU,0,0,0,7334405.000
16-05-2020 21:15,3PZuoBAID5Wc2HD,0,0,6656,7000689.000
16-05-2020 17:15,z9Y9gH1T5YWrNuG,1605,157.043,6409.14,7020661.143
09-06-2020 12:45,WRmjgnKYAwPKWDb,9796.86,956.886,4726.86,7217727.857
15-05-2020 09:45,1IF53ai7Xc0U56Y,7680.71,751.271,1166.57,6184811.571
11-06-2020 16:45,ZnxXDlPa8U1GXgE,3174.29,311.914,5462.57,6729672.571
18-05-2020 15:00,McdE0feGgRqW7Ca,7883.86,771.714,4225.14,7183852.143
16-05-2020 23:45,z9Y9gH1T5YWrNuG,0,0,6488,7020740.000
02-06-2020 05:15,pkci93gMrogZuBj,0,0,0,7300300.000
09-06-2020 03:00,1IF53ai7Xc0U56Y,0,0,0,6371833.000
14-06-2020 21:15,iCRJl6heRkivqQ3,0,0,7369,7407224.000
31-05-2020 08:00,ih0vzX44oOqAx2f,2755.25,270.4,254.25,6302521.250
08-06-2020 05:15,WRmjgnKYAwPKWDb,0,0,0,7204682.000
05-06-2020 09:30,YxYtjZvoooNbGkE,9455.29,923.771,1266.29,7336152.286
27-05-2020 22:00,uHbuxQJl8lW7ozc,0,0,0,7135258.000
02-06-2020 16:00,pkci93gMrogZuBj,6628.57,649.2,6789.86,7307089.857
16-06-2020 21:45,zVJPv84UY57bAof,0,0,6262,7357362.000
12-06-2020 22:15,ZnxXDlPa8U1GXgE,0,0,5883,6735785.000
12-06-2020 11:00,adLQvlD726eNBSB,6288.75,616.1,1812.75,6484546.750
16-05-2020 14:15,adLQvlD726eNBSB,8950.71,875.643,5244.29,6282982.286
12-06-2020 00:00,iCRJl6heRkivqQ3,0,0,0,7385471.000
16-06-2020 12:15,adLQvlD726eNBSB,6095.5,597.337,3549.88,6515551.875
13-06-2020 14:00,iCRJl6heRkivqQ3,12512.9,1220.71,6173.25,7397532.250
21-05-2020 09:00,WRmjgnKYAwPKWDb,8413.57,823.343,1058,7070783.000
15-05-2020 03:00,ZnxXDlPa8U1GXgE,0,0,0,6522172.000
07-06-2020 19:45,zVJPv84UY57bAof,0,0,8260,7293790.000
18-05-2020 13:00,pkci93gMrogZuBj,8337,815.8,2448.25,7191495.250
15-05-2020 00:45,wCURE6d3bPkepu2,0,0,0,6782598.000
15-06-2020 06:15,ZnxXDlPa8U1GXgE,458.875,44.375,6.375,6751753.375
03-06-2020 10:30,3PZuoBAID5Wc2HD,8867.38,867.487,1747.12,7130361.125
10-06-2020 22:00,pkci93gMrogZuBj,0,0,6578,7369294.000
02-06-2020 03:15,iCRJl6heRkivqQ3,0,0,0,7310348.000
10-06-2020 18:45,ih0vzX44oOqAx2f,0,0,6277,6381032.000
16-05-2020 09:45,YxYtjZvoooNbGkE,7337.71,718.457,1326.86,7187583.857
02-06-2020 15:00,zBIq5rxdHJRwDNY,6642.88,650.5,6279.38,6475312.375
26-05-2020 08:45,rGa61gmuvPhdLxV,7353.25,720,847.25,7192949.250
04-06-2020 03:00,VHMLBKoKgIrUVDU,0,0,0,7355661.000
09-06-2020 16:00,ZoEaEvLYb1n2sOq,6473.5,634.15,7240.75,7288964.750
01-06-2020 19:45,bvBOhCH3iADSZry,0,0,5378,6438645.000
21-05-2020 19:45,zBIq5rxdHJRwDNY,0,0,7737,6388599.000
16-05-2020 06:15,rGa61gmuvPhdLxV,336.75,32.55,3.75,7117869.750
03-06-2020 15:15,bvBOhCH3iADSZry,10695.1,1044.83,6194.5,6451681.500
24-05-2020 18:30,zBIq5rxdHJRwDNY,141.625,13.6625,7275.62,6411756.625
18-05-2020 06:00,1IF53ai7Xc0U56Y,74.875,7.225,0.5,6204353.500
10-06-2020 09:30,3PZuoBAID5Wc2HD,8194.71,801.886,1311.29,7185230.286
30-05-2020 14:45,sjndEbLyjtCKgGv,10146.5,992.05,5488.5,7134517.500
21-05-2020 07:45,VHMLBKoKgIrUVDU,3504.6,344.08,338,7248862.000
26-05-2020 09:45,ih0vzX44oOqAx2f,9653.62,944.062,1717,6266296.000
08-06-2020 20:15,uHbuxQJl8lW7ozc,0,0,8405,7225554.000
01-06-2020 05:45,adLQvlD726eNBSB,0,0,0,6400704.000
26-05-2020 11:45,pkci93gMrogZuBj,10547.2,1029.88,3714.75,7254233.750
21-05-2020 19:15,McdE0feGgRqW7Ca,0,0,7993,7209055.000
02-06-2020 16:15,sjndEbLyjtCKgGv,4819.12,472.812,7038.5,7155046.500
14-06-2020 20:45,ZoEaEvLYb1n2sOq,0,0,7289,7323052.000
27-05-2020 23:15,bvBOhCH3iADSZry,0,0,6133,6405833.000
23-05-2020 14:30,ZoEaEvLYb1n2sOq,7567.29,740.871,6656.71,7160369.714
14-06-2020 09:15,1IF53ai7Xc0U56Y,8501.86,831.929,1085.57,6407966.571
30-05-2020 19:15,uHbuxQJl8lW7ozc,0,0,7340,7159272.000
03-06-2020 05:00,YxYtjZvoooNbGkE,0,0,0,7318929.000
22-05-2020 18:15,ZoEaEvLYb1n2sOq,101.625,9.8,7026.88,7153711.875
13-06-2020 19:30,ZoEaEvLYb1n2sOq,0,0,8378,7315763.000
07-06-2020 23:00,McdE0feGgRqW7Ca,0,0,7042,7338202.000
06-06-2020 02:30,pkci93gMrogZuBj,0,0,0,7331487.000
03-06-2020 06:15,zVJPv84UY57bAof,328.571,31.7714,3.71429,7255220.714
04-06-2020 20:30,ZnxXDlPa8U1GXgE,0,0,8178,6679062.000
24-05-2020 12:15,ZoEaEvLYb1n2sOq,12561.7,1224.79,3973.14,7166157.143
06-06-2020 16:00,ih0vzX44oOqAx2f,2630,257.929,6000,6350476.000
15-06-2020 21:30,rGa61gmuvPhdLxV,0,0,6732,7344704.000
11-06-2020 20:45,ih0vzX44oOqAx2f,0,0,5521,6386553.000
17-05-2020 20:45,McdE0feGgRqW7Ca,0,0,7606,7179627.000
04-06-2020 21:45,3PZuoBAID5Wc2HD,0,0,8215,7144703.000
24-05-2020 10:15,VHMLBKoKgIrUVDU,11051.1,1078.34,1955.14,7274287.143
04-06-2020 01:15,VHMLBKoKgIrUVDU,0,0,0,7355661.000
13-06-2020 08:00,WRmjgnKYAwPKWDb,5457.62,534.938,432.25,7239212.250
25-05-2020 13:00,1BY6WEcLGh8j5v7,11470.4,1120.11,5146.88,6333086.875
17-06-2020 20:00,ZoEaEvLYb1n2sOq,0,0,5871,7341753.000
16-06-2020 02:45,ZoEaEvLYb1n2sOq,0,0,0,7329691.000
17-05-2020 19:00,YxYtjZvoooNbGkE,0,0,7497,7200229.000
30-05-2020 21:00,1BY6WEcLGh8j5v7,0,0,6754,6372128.000
25-05-2020 12:45,uHbuxQJl8lW7ozc,12681.9,1236.49,5129.14,7116981.143
10-06-2020 20:30,zVJPv84UY57bAof,0,0,6560,7317016.000
03-06-2020 09:00,7JYdWkrLSPkdwr4,6310.88,618.263,811.25,7741684.250
29-05-2020 15:00,YxYtjZvoooNbGkE,7769.75,760.587,6735.25,7291139.250
22-05-2020 13:45,uHbuxQJl8lW7ozc,9963.14,973,5165.71,7093141.714
15-06-2020 13:15,WRmjgnKYAwPKWDb,5616.25,550.487,4730.12,7259314.125
08-06-2020 15:15,adLQvlD726eNBSB,9417.5,921.025,7447.38,6460831.375
05-06-2020 22:45,ZoEaEvLYb1n2sOq,0,0,7535,7259075.000
24-05-2020 02:15,z9Y9gH1T5YWrNuG,0,0,0,7072762.000
12-06-2020 00:30,iCRJl6heRkivqQ3,0,0,0,7385471.000
13-06-2020 16:30,McdE0feGgRqW7Ca,3796.86,372.814,8328.43,7381656.429
06-06-2020 01:00,bvBOhCH3iADSZry,0,0,0,6467251.000
13-06-2020 13:30,zVJPv84UY57bAof,7828,766.3,5672.43,7334222.429
17-06-2020 13:00,z9Y9gH1T5YWrNuG,6855.62,671.438,3819.5,7249204.500
31-05-2020 06:15,1IF53ai7Xc0U56Y,475.429,45.9857,7.14286,6305550.143
31-05-2020 14:00,3PZuoBAID5Wc2HD,10931.8,1066.94,4665.25,7114153.250
28-05-2020 14:15,bvBOhCH3iADSZry,3837.86,377.143,6060.86,6411893.857
01-06-2020 13:45,1IF53ai7Xc0U56Y,5908.33,578.95,5070.83,6316502.833
14-06-2020 21:30,VHMLBKoKgIrUVDU,0,0,7489,7437055.000
03-06-2020 21:45,wCURE6d3bPkepu2,0,0,7907,6930776.000
14-06-2020 10:30,uHbuxQJl8lW7ozc,9271.62,906.888,2070.88,7262601.875
29-05-2020 08:45,pkci93gMrogZuBj,5556.57,544.6,660.714,7273918.714
02-06-2020 08:45,adLQvlD726eNBSB,7684,752.075,793,6407624.000
31-05-2020 23:15,1IF53ai7Xc0U56Y,0,0,5889,6311432.000
22-05-2020 06:30,3PZuoBAID5Wc2HD,903.286,87.7286,27.8571,7037328.857
13-06-2020 03:15,zBIq5rxdHJRwDNY,0,0,0,6549387.000
05-06-2020 07:30,ih0vzX44oOqAx2f,2057.25,201.688,163,6337182.000
19-05-2020 12:45,McdE0feGgRqW7Ca,11911.5,1162.6,3734.25,7188825.250
23-05-2020 11:45,iCRJl6heRkivqQ3,12603,1228.79,3759.43,7238352.429
07-06-2020 00:45,zVJPv84UY57bAof,0,0,0,7285530.000
16-05-2020 14:45,1IF53ai7Xc0U56Y,7098.71,695.143,5532.71,6195534.714
27-05-2020 05:00,ih0vzX44oOqAx2f,0,0,0,6272291.000
20-05-2020 00:00,z9Y9gH1T5YWrNuG,0,0,861.5,7040465.000
14-06-2020 12:30,uHbuxQJl8lW7ozc,6930.62,678.75,3753.5,7264284.500
25-05-2020 21:45,zBIq5rxdHJRwDNY,0,0,8443,6420201.000
14-06-2020 09:30,ZnxXDlPa8U1GXgE,8211.5,803.65,1240.75,6745583.750
15-06-2020 22:15,pkci93gMrogZuBj,0,0,6795,7403217.000
13-06-2020 12:15,wCURE6d3bPkepu2,10627.3,1037.83,4398.43,6998306.429
16-05-2020 06:30,iCRJl6heRkivqQ3,695.429,67.3714,16.2857,7184426.286
09-06-2020 20:45,pkci93gMrogZuBj,0,0,8240,7362716.000
19-05-2020 17:15,YxYtjZvoooNbGkE,1831.14,179.5,6812.43,7212410.429
09-06-2020 00:45,7JYdWkrLSPkdwr4,0,0,0,7786793.000
08-06-2020 13:45,zBIq5rxdHJRwDNY,11372.9,1110.44,5674.71,6520585.714
18-05-2020 19:15,McdE0feGgRqW7Ca,0,0,5464,7185091.000
02-06-2020 00:45,adLQvlD726eNBSB,0,0,0,6406831.000
01-06-2020 20:15,iCRJl6heRkivqQ3,0,0,5781,7310348.000
04-06-2020 06:30,7JYdWkrLSPkdwr4,764.5,74.1375,19.75,7748641.750
11-06-2020 18:15,sjndEbLyjtCKgGv,310.5,29.9875,5648.5,7221248.500
31-05-2020 04:15,1BY6WEcLGh8j5v7,0,0,0,6372128.000
14-06-2020 08:45,z9Y9gH1T5YWrNuG,5439.71,533.214,736.429,7225966.429
14-06-2020 05:15,zBIq5rxdHJRwDNY,0,0,0,6557822.000
19-05-2020 02:45,adLQvlD726eNBSB,0,0,0,6297816.000
13-06-2020 02:45,ZoEaEvLYb1n2sOq,0,0,0,7307385.000
05-06-2020 03:15,1BY6WEcLGh8j5v7,0,0,0,6405380.000
16-06-2020 19:45,1IF53ai7Xc0U56Y,0,0,6318,6427532.000
16-06-2020 18:30,ih0vzX44oOqAx2f,80.8571,7.8,6123.71,6420370.714
04-06-2020 04:15,ZoEaEvLYb1n2sOq,0,0,0,7243501.000
14-06-2020 05:30,WRmjgnKYAwPKWDb,0,0,0,7247179.000
09-06-2020 10:30,1BY6WEcLGh8j5v7,11621.3,1133.43,2114.57,6433728.571
28-05-2020 08:45,McdE0feGgRqW7Ca,7705.71,754.371,894.429,7257283.429
17-05-2020 20:30,z9Y9gH1T5YWrNuG,0,0,7486,7028226.000
09-06-2020 20:15,bvBOhCH3iADSZry,0,0,7361,6493347.000
07-06-2020 06:30,ZoEaEvLYb1n2sOq,774.429,75.1143,18,7265386.000
02-06-2020 12:45,McdE0feGgRqW7Ca,10879.4,1062.94,4224.57,7296976.571
29-05-2020 20:15,sjndEbLyjtCKgGv,0,0,0,7129029.000
23-05-2020 10:15,z9Y9gH1T5YWrNuG,8288.88,811.062,2101.25,7066320.250
31-05-2020 13:15,1IF53ai7Xc0U56Y,7240.86,708.043,4293,6309836.000
21-05-2020 11:30,YxYtjZvoooNbGkE,13120.1,1279.2,3296.43,7224590.429
22-05-2020 15:30,YxYtjZvoooNbGkE,4357.86,427.557,6544.43,7235578.429
17-05-2020 07:00,rGa61gmuvPhdLxV,1418.14,138.429,51.1429,7124150.143
17-05-2020 23:45,bvBOhCH3iADSZry,0,0,4330,6335576.000
17-05-2020 11:00,7JYdWkrLSPkdwr4,11597.9,1131.26,2795.71,7618332.714
31-05-2020 12:45,adLQvlD726eNBSB,13720.7,1337.77,3803.43,6398574.429
17-06-2020 22:30,wCURE6d3bPkepu2,0,0,5883,7028601.000
08-06-2020 19:45,1IF53ai7Xc0U56Y,0,0,8495,6371833.000
06-06-2020 09:30,bvBOhCH3iADSZry,8673.38,848.462,1221.12,6468472.125
24-05-2020 13:00,iCRJl6heRkivqQ3,12414.6,1210.41,4864.71,7248084.714
16-06-2020 21:00,3PZuoBAID5Wc2HD,0,0,6331,7231373.000
17-06-2020 14:15,WRmjgnKYAwPKWDb,5926.57,580.743,4862.14,7272441.143
25-05-2020 03:15,YxYtjZvoooNbGkE,0,0,0,7252651.000
04-06-2020 04:00,adLQvlD726eNBSB,0,0,0,6422267.000
27-05-2020 13:30,ih0vzX44oOqAx2f,4104.75,403.062,4686.75,6276977.750
27-05-2020 06:15,pkci93gMrogZuBj,362.375,35.025,5.75,7258299.750
30-05-2020 04:30,uHbuxQJl8lW7ozc,0,0,0,7151932.000
03-06-2020 12:15,bvBOhCH3iADSZry,9412.43,920.571,3239.14,6448726.143
12-06-2020 13:00,pkci93gMrogZuBj,8246,807.038,3399.75,7378355.750
15-06-2020 11:30,7JYdWkrLSPkdwr4,7997.62,781.925,3383.75,7831541.750
09-06-2020 05:00,uHbuxQJl8lW7ozc,0,0,0,7225554.000
13-06-2020 08:00,ZoEaEvLYb1n2sOq,5103.5,500.387,395.25,7307780.250
10-06-2020 05:00,sjndEbLyjtCKgGv,0,0,0,7209095.000
07-06-2020 06:15,ZnxXDlPa8U1GXgE,422.286,40.8143,5.42857,6693059.429
27-05-2020 05:45,sjndEbLyjtCKgGv,0,0,0,7105889.000
06-06-2020 07:45,iCRJl6heRkivqQ3,4478.29,439.586,353.857,7342156.857
10-06-2020 02:00,sjndEbLyjtCKgGv,0,0,0,7209095.000
23-05-2020 22:00,uHbuxQJl8lW7ozc,0,0,8493,7103746.000
20-05-2020 11:30,1BY6WEcLGh8j5v7,11746.6,1146.27,3349.43,6293446.429
05-06-2020 04:00,z9Y9gH1T5YWrNuG,0,0,0,7163262.000
16-05-2020 10:15,adLQvlD726eNBSB,7628.62,746.688,1787.12,6279525.125
11-06-2020 02:00,3PZuoBAID5Wc2HD,0,0,0,7190469.000
17-06-2020 19:30,zVJPv84UY57bAof,0,0,5910,7363272.000
12-06-2020 15:00,YxYtjZvoooNbGkE,5630.25,551.788,4859.25,7390138.250
21-05-2020 21:45,WRmjgnKYAwPKWDb,0,0,0,7077358.000
27-05-2020 21:15,wCURE6d3bPkepu2,0,0,0,6879195.000
16-05-2020 15:00,iCRJl6heRkivqQ3,7270.57,711.943,5562,7189972.000
06-06-2020 10:15,iCRJl6heRkivqQ3,8312.5,812.15,2012.88,7343815.875
23-05-2020 02:30,1IF53ai7Xc0U56Y,0,0,0,6240534.000
01-06-2020 04:15,WRmjgnKYAwPKWDb,0,0,0,7153866.000
02-06-2020 10:15,3PZuoBAID5Wc2HD,7036.12,688.925,2063.12,7123332.125
25-05-2020 17:30,1BY6WEcLGh8j5v7,660,63.8714,8234.57,6336174.571
29-05-2020 21:15,1BY6WEcLGh8j5v7,0,0,7564,6365374.000
27-05-2020 19:00,7JYdWkrLSPkdwr4,0,0,6638,7698550.000
12-06-2020 05:15,1BY6WEcLGh8j5v7,0,0,0,6450238.000
13-06-2020 13:45,ZoEaEvLYb1n2sOq,8462.75,827.712,5836,7313221.000
15-05-2020 00:15,iCRJl6heRkivqQ3,0,0,0,7177992.000
13-06-2020 06:45,sjndEbLyjtCKgGv,1032.75,100.35,36,7227137.000
13-06-2020 19:00,bvBOhCH3iADSZry,0,0,7863,6517642.000
09-06-2020 12:00,rGa61gmuvPhdLxV,8666.29,847.043,4022.14,7299986.143
03-06-2020 20:15,ZnxXDlPa8U1GXgE,0,0,7916,6670884.000
21-05-2020 22:30,7JYdWkrLSPkdwr4,0,0,0,7651635.000
07-06-2020 09:00,pkci93gMrogZuBj,8299.38,812.188,741.25,7338659.250
28-05-2020 04:15,VHMLBKoKgIrUVDU,0,0,0,7304378.000
07-06-2020 08:15,7JYdWkrLSPkdwr4,3516.14,345.629,390,7770847.000
28-05-2020 10:15,rGa61gmuvPhdLxV,9477,926.1,2200.57,7208749.571
01-06-2020 19:00,z9Y9gH1T5YWrNuG,0,0,5931,7139828.000
06-06-2020 11:15,uHbuxQJl8lW7ozc,10363.4,1011.54,2897,7205270.000
28-05-2020 20:15,bvBOhCH3iADSZry,0,0,7752,6413585.000
12-06-2020 15:30,ZoEaEvLYb1n2sOq,5753.43,563.829,5081.71,7306713.714
30-05-2020 06:30,bvBOhCH3iADSZry,655.143,63.4571,16,6421039.000
06-06-2020 16:15,1BY6WEcLGh8j5v7,1423.25,138.925,5806.38,6418348.375
17-05-2020 21:00,zVJPv84UY57bAof,0,0,7480,7136015.000
28-05-2020 02:15,ZoEaEvLYb1n2sOq,0,0,0,7193291.000
07-06-2020 00:45,z9Y9gH1T5YWrNuG,0,0,0,7177289.000
18-05-2020 04:45,YxYtjZvoooNbGkE,0,0,0,7200229.000
06-06-2020 09:00,iCRJl6heRkivqQ3,3929,385.943,1041.57,7342844.571
09-06-2020 09:15,sjndEbLyjtCKgGv,7972.12,780.075,1282.62,7202207.625
20-05-2020 10:45,ih0vzX44oOqAx2f,10789.6,1054.51,2661.57,6219938.571
11-06-2020 22:15,z9Y9gH1T5YWrNuG,0,0,5599,7211064.000
17-05-2020 09:30,sjndEbLyjtCKgGv,8298.25,812.05,1305.25,7030918.250
02-06-2020 21:00,ZoEaEvLYb1n2sOq,0,0,7287,7235727.000
03-06-2020 21:45,zBIq5rxdHJRwDNY,0,0,7888,6484342.000
10-06-2020 21:45,bvBOhCH3iADSZry,0,0,5863,6499210.000
16-06-2020 06:00,1BY6WEcLGh8j5v7,0,0,0,6473950.000
14-06-2020 13:45,VHMLBKoKgIrUVDU,12255.8,1196.12,5037.38,7434603.375
28-05-2020 12:30,pkci93gMrogZuBj,10862.1,1059.87,4619.86,7269604.857
15-05-2020 10:45,sjndEbLyjtCKgGv,4994.62,489.663,1917.62,7018749.625
13-06-2020 15:30,bvBOhCH3iADSZry,6374.25,624.425,7139.5,6516918.500
17-05-2020 23:45,pkci93gMrogZuBj,0,0,7397,7189047.000
12-06-2020 09:15,ZnxXDlPa8U1GXgE,6033.29,591.171,622.429,6730524.429
26-05-2020 08:15,ih0vzX44oOqAx2f,5820,570.337,540.25,6265119.250
10-06-2020 01:15,7JYdWkrLSPkdwr4,0,0,0,7794729.000
01-06-2020 15:45,WRmjgnKYAwPKWDb,1464.25,142.562,5535,7159401.000
06-06-2020 10:00,WRmjgnKYAwPKWDb,10364.1,1011.91,1775.86,7192045.857
20-05-2020 18:45,YxYtjZvoooNbGkE,0,0,8818,7221294.000
06-06-2020 13:30,1IF53ai7Xc0U56Y,9033.14,882.757,4860.71,6353417.714
05-06-2020 14:15,1IF53ai7Xc0U56Y,7107.25,695.337,5433.25,6346288.250
02-06-2020 06:00,sjndEbLyjtCKgGv,62.8571,6.05714,0.285714,7148008.286
10-06-2020 08:30,1BY6WEcLGh8j5v7,3275.88,321.613,544,6439614.000
19-05-2020 17:15,7JYdWkrLSPkdwr4,1810.43,177.471,6771,7635143.000
21-05-2020 17:15,YxYtjZvoooNbGkE,763.25,74.0125,7694.62,7228988.625
06-06-2020 20:45,bvBOhCH3iADSZry,0,0,5873,6473124.000
17-05-2020 12:30,1IF53ai7Xc0U56Y,8005.75,782.737,4567.25,6201161.250
09-06-2020 01:45,ZoEaEvLYb1n2sOq,0,0,0,7281724.000
12-06-2020 18:30,zBIq5rxdHJRwDNY,73.4286,7.08571,5837,6549387.000
17-05-2020 05:30,ih0vzX44oOqAx2f,0,0,0,6197810.000
27-05-2020 05:15,ih0vzX44oOqAx2f,0,0,0,6272291.000
20-05-2020 10:30,sjndEbLyjtCKgGv,10880.2,1063.34,2422.25,7051706.250
16-06-2020 17:30,adLQvlD726eNBSB,1492,145.65,6323.75,6518325.750
06-06-2020 15:15,3PZuoBAID5Wc2HD,5059.29,495.971,6007.14,7158493.143
13-06-2020 23:45,ih0vzX44oOqAx2f,0,0,8255,6400518.000
30-05-2020 15:15,pkci93gMrogZuBj,9021.75,882.612,6046.88,7287581.875
12-06-2020 16:30,1IF53ai7Xc0U56Y,2782.57,272.929,5587.29,6397911.286
15-06-2020 23:45,z9Y9gH1T5YWrNuG,0,0,6716,7239184.000
02-06-2020 00:15,ih0vzX44oOqAx2f,0,0,0,6313983.000
04-06-2020 11:15,wCURE6d3bPkepu2,9747.62,952.487,2885,6933661.000
30-05-2020 16:15,1BY6WEcLGh8j5v7,5265.86,516.171,6275.86,6371649.857
19-05-2020 10:15,uHbuxQJl8lW7ozc,8427.25,824.475,1582.5,7065783.500
02-06-2020 02:15,ZnxXDlPa8U1GXgE,0,0,0,6655443.000
17-06-2020 12:15,uHbuxQJl8lW7ozc,13627.4,1328.66,3178.29,7284213.286
29-05-2020 14:45,sjndEbLyjtCKgGv,8892.88,869.987,6577.75,7127480.750
30-05-2020 11:45,z9Y9gH1T5YWrNuG,9073.88,887.263,2324.5,7122779.500
15-06-2020 11:45,iCRJl6heRkivqQ3,8730,853.714,3601.71,7410825.714
27-05-2020 13:15,McdE0feGgRqW7Ca,5215.43,511.286,4817.14,7254377.143
30-05-2020 09:00,McdE0feGgRqW7Ca,3817.12,375.075,656.625,7273869.625
22-05-2020 11:00,wCURE6d3bPkepu2,8004.43,782.414,2224.71,6834279.714
15-06-2020 15:45,iCRJl6heRkivqQ3,6321.62,619.112,6198.88,7413422.875
27-05-2020 14:30,bvBOhCH3iADSZry,9028.12,882.35,4805.5,6404505.500
05-06-2020 20:15,ZoEaEvLYb1n2sOq,0,0,7535,7259075.000
19-05-2020 14:00,1IF53ai7Xc0U56Y,8577.57,839.286,4866.86,6214672.857
22-05-2020 04:30,pkci93gMrogZuBj,0,0,0,7217976.000
05-06-2020 19:30,z9Y9gH1T5YWrNuG,0,0,7739,7171001.000
13-06-2020 07:00,WRmjgnKYAwPKWDb,1980,194.086,78,7238858.000
24-05-2020 02:45,rGa61gmuvPhdLxV,0,0,0,7175293.000
08-06-2020 11:15,ZoEaEvLYb1n2sOq,11781.9,1149.49,3246.12,7276699.125
27-05-2020 09:00,iCRJl6heRkivqQ3,8125.38,795.2,1004.12,7269000.125
08-06-2020 02:00,wCURE6d3bPkepu2,0,0,0,6959527.000
25-05-2020 06:30,zBIq5rxdHJRwDNY,716.25,69.425,17.375,6411775.375
13-06-2020 14:00,VHMLBKoKgIrUVDU,12509.9,1220.09,6363.75,7427277.750
17-05-2020 20:15,YxYtjZvoooNbGkE,0,0,7497,7200229.000
17-05-2020 00:15,ZnxXDlPa8U1GXgE,0,0,0,6535152.000
15-06-2020 16:45,ZnxXDlPa8U1GXgE,4042.25,397.125,6494.75,6758241.750
22-05-2020 19:15,ZnxXDlPa8U1GXgE,0,0,7275,6579139.000
10-06-2020 08:00,McdE0feGgRqW7Ca,4184.88,410.788,419.375,7355436.375
31-05-2020 05:15,pkci93gMrogZuBj,0,0,0,7288876.000
19-05-2020 05:15,YxYtjZvoooNbGkE,0,0,0,7205598.000
31-05-2020 14:30,z9Y9gH1T5YWrNuG,2471.88,242.5,5557.5,7133154.500
17-06-2020 17:30,7JYdWkrLSPkdwr4,1324.8,128.9,5789.2,7846754.200
25-05-2020 21:00,sjndEbLyjtCKgGv,0,0,8760,7098111.000
17-06-2020 03:15,zVJPv84UY57bAof,0,0,0,7357362.000
16-06-2020 13:30,ih0vzX44oOqAx2f,8077.75,790.5,4219,6418466.000
27-05-2020 18:00,WRmjgnKYAwPKWDb,287.429,27.8,6651.86,7124531.857
10-06-2020 04:30,zVJPv84UY57bAof,0,0,0,7310456.000
27-05-2020 23:15,ih0vzX44oOqAx2f,0,0,6564,6278855.000
28-05-2020 05:00,zVJPv84UY57bAof,0,0,0,7212082.000
12-06-2020 20:30,iCRJl6heRkivqQ3,0,0,5888,7391359.000
28-05-2020 00:00,adLQvlD726eNBSB,0,0,0,6370373.000
26-05-2020 01:00,7JYdWkrLSPkdwr4,0,0,0,7684020.000
24-05-2020 15:15,zVJPv84UY57bAof,7040.75,689.413,7083.5,7187921.500
28-05-2020 04:45,VHMLBKoKgIrUVDU,0,0,0,7304378.000
11-06-2020 09:45,bvBOhCH3iADSZry,4410.57,433.1,751.714,6499961.714
16-06-2020 01:15,WRmjgnKYAwPKWDb,0,0,0,7261315.000
09-06-2020 23:00,bvBOhCH3iADSZry,0,0,7361,6493347.000
22-05-2020 13:00,McdE0feGgRqW7Ca,9904.57,1055.75,4057,7213112.000
07-06-2020 22:00,rGa61gmuvPhdLxV,0,0,8172,7287673.000
13-06-2020 09:45,1BY6WEcLGh8j5v7,9020.25,882.288,1631.38,6457310.375
03-06-2020 22:45,ZnxXDlPa8U1GXgE,0,0,7916,6670884.000
31-05-2020 16:30,pkci93gMrogZuBj,1833.57,179.729,5673,7294549.000
05-06-2020 22:30,sjndEbLyjtCKgGv,0,0,7759,7179277.000
22-05-2020 15:00,bvBOhCH3iADSZry,8818.5,862.8,5961.12,6368109.125
06-06-2020 12:00,wCURE6d3bPkepu2,8285.62,809.65,3366.88,6950135.875
04-06-2020 05:00,YxYtjZvoooNbGkE,0,0,0,7326756.000
11-06-2020 12:15,ZoEaEvLYb1n2sOq,8797.25,860.725,2464.88,7298535.875
02-06-2020 13:15,ih0vzX44oOqAx2f,11697.4,1141.53,4640.71,6318623.714
04-06-2020 17:30,3PZuoBAID5Wc2HD,2815.14,276.429,8111,7144599.000
01-06-2020 16:45,7JYdWkrLSPkdwr4,1619.71,158.7,5672.71,7733493.714
21-05-2020 20:45,3PZuoBAID5Wc2HD,0,0,0,7037301.000
14-06-2020 02:00,adLQvlD726eNBSB,0,0,0,6497496.000
29-05-2020 07:00,McdE0feGgRqW7Ca,1996.88,195.75,92,7265048.000
04-06-2020 08:15,YxYtjZvoooNbGkE,5189.43,508.871,488,7327244.000
02-06-2020 12:45,bvBOhCH3iADSZry,9902,967.638,3774.75,6442419.750
23-05-2020 22:30,YxYtjZvoooNbGkE,0,0,8559,7244680.000
04-06-2020 20:15,3PZuoBAID5Wc2HD,0,0,8215,7144703.000
31-05-2020 12:30,McdE0feGgRqW7Ca,7604.38,743.575,3900.62,7284465.625
16-05-2020 16:45,rGa61gmuvPhdLxV,2217.71,217.443,6057.43,7123923.429
19-05-2020 12:30,ZoEaEvLYb1n2sOq,10523,1028.6,3449,7126976.000
17-06-2020 00:15,ih0vzX44oOqAx2f,0,0,0,6420371.000
22-05-2020 06:30,iCRJl6heRkivqQ3,891.625,86.6,28.375,7227470.375
24-05-2020 08:30,pkci93gMrogZuBj,6704,656.557,626.143,7234301.143
13-06-2020 03:00,WRmjgnKYAwPKWDb,0,0,0,7238780.000
04-06-2020 14:45,1BY6WEcLGh8j5v7,10054,982.6,5748.29,6403557.286
23-05-2020 11:00,YxYtjZvoooNbGkE,10607.6,1035.33,2786.88,7238907.875
17-06-2020 19:15,WRmjgnKYAwPKWDb,0,0,5953,7273532.000
16-05-2020 22:45,bvBOhCH3iADSZry,0,0,6138,6328648.000
28-05-2020 09:00,zBIq5rxdHJRwDNY,7798,763.371,1004.14,6435087.143
15-06-2020 20:15,adLQvlD726eNBSB,0,0,6916,6512002.000
16-06-2020 07:45,ZoEaEvLYb1n2sOq,3512.88,345.038,243.625,7329934.625
13-06-2020 00:45,wCURE6d3bPkepu2,0,0,0,6993908.000
09-06-2020 07:30,adLQvlD726eNBSB,2966,291.25,261.375,6462265.375
04-06-2020 16:30,YxYtjZvoooNbGkE,6003.62,588.275,7608.75,7334364.750
30-05-2020 07:00,YxYtjZvoooNbGkE,1687.12,165.125,72.375,7292575.375
20-05-2020 04:45,YxYtjZvoooNbGkE,0,0,0,7212476.000
10-06-2020 12:45,sjndEbLyjtCKgGv,10985.6,1072.26,3892.25,7212987.250
14-06-2020 08:15,rGa61gmuvPhdLxV,3690.86,362.7,503.143,7331173.143
15-05-2020 07:45,z9Y9gH1T5YWrNuG,2060.12,201.938,224.75,7008090.750
12-06-2020 03:30,1IF53ai7Xc0U56Y,0,0,0,6392324.000
16-05-2020 21:15,1IF53ai7Xc0U56Y,0,0,6592,6196594.000
08-06-2020 22:15,sjndEbLyjtCKgGv,0,0,8371,7200925.000
28-05-2020 09:30,bvBOhCH3iADSZry,8779.57,858.986,1407.14,6407240.143
17-06-2020 02:30,z9Y9gH1T5YWrNuG,0,0,0,7245385.000
28-05-2020 02:15,ih0vzX44oOqAx2f,0,0,0,6278855.000
15-05-2020 01:00,3PZuoBAID5Wc2HD,0,0,0,6987759.000
05-06-2020 10:45,1BY6WEcLGh8j5v7,10447.8,1020.06,2212.62,6407592.625
23-05-2020 04:45,VHMLBKoKgIrUVDU,0,0,0,7263721.000
27-05-2020 05:00,7JYdWkrLSPkdwr4,0,0,0,7691912.000
05-06-2020 21:00,3PZuoBAID5Wc2HD,0,0,0,7152486.000
11-06-2020 04:15,uHbuxQJl8lW7ozc,0,0,0,7240508.000
05-06-2020 09:30,ZnxXDlPa8U1GXgE,10600.7,1034.79,1262.71,6680324.714
31-05-2020 06:30,1IF53ai7Xc0U56Y,836.75,81.2375,23.375,6305566.375
16-06-2020 16:45,iCRJl6heRkivqQ3,2261.43,221.714,6096.71,7420097.714
24-05-2020 08:30,zVJPv84UY57bAof,7065.57,691.914,644.143,7181482.143
17-06-2020 00:30,adLQvlD726eNBSB,0,0,0,6518398.000
19-05-2020 18:15,pkci93gMrogZuBj,0,0,6938,7201349.000
13-06-2020 08:45,WRmjgnKYAwPKWDb,7931,776.329,933.286,7239713.286
17-05-2020 14:00,uHbuxQJl8lW7ozc,9941.29,970.857,5547,7056886.000
30-05-2020 23:45,3PZuoBAID5Wc2HD,0,0,7299,7109488.000
16-06-2020 09:30,uHbuxQJl8lW7ozc,7985,781.562,1204.5,7275947.500
07-06-2020 20:30,bvBOhCH3iADSZry,0,0,5169,6478293.000
14-06-2020 04:45,1BY6WEcLGh8j5v7,0,0,0,6463663.000
17-05-2020 11:15,VHMLBKoKgIrUVDU,12804,1248.39,3212,7222592.000
01-06-2020 02:30,zVJPv84UY57bAof,0,0,0,7242024.000
02-06-2020 10:00,3PZuoBAID5Wc2HD,9760.43,954.429,1854.14,7123123.143
15-06-2020 00:45,VHMLBKoKgIrUVDU,0,0,0,7437055.000
04-06-2020 17:00,z9Y9gH1T5YWrNuG,4190.14,411.629,7843.71,7162956.714
05-06-2020 05:00,1BY6WEcLGh8j5v7,0,0,0,6405380.000
06-06-2020 15:45,1IF53ai7Xc0U56Y,3394.38,333.512,6262,6354819.000
04-06-2020 06:30,zVJPv84UY57bAof,726.571,70.4429,18,7263071.000
21-05-2020 16:15,VHMLBKoKgIrUVDU,3399.29,334.186,7550.43,7256074.429
15-05-2020 18:45,7JYdWkrLSPkdwr4,0,0,6116,7609076.000
14-06-2020 00:00,ih0vzX44oOqAx2f,0,0,1031.88,6400518.000
02-06-2020 02:30,z9Y9gH1T5YWrNuG,0,0,0,7139828.000
31-05-2020 11:15,WRmjgnKYAwPKWDb,9079.43,886.829,2470.29,7150499.286
07-06-2020 05:30,ZnxXDlPa8U1GXgE,0,0,0,6693054.000
30-05-2020 08:15,VHMLBKoKgIrUVDU,4410.75,433.038,392.75,7321451.750
08-06-2020 00:00,ZnxXDlPa8U1GXgE,0,0,1026.12,6701263.000
25-05-2020 03:15,pkci93gMrogZuBj,0,0,0,7241707.000
23-05-2020 11:15,zBIq5rxdHJRwDNY,12789,1246.94,3143.71,6398950.714
17-05-2020 07:00,zBIq5rxdHJRwDNY,1403.71,137.043,50.2857,6352200.286
03-06-2020 13:45,iCRJl6heRkivqQ3,8597,841.25,5016,7322829.000
16-06-2020 22:45,1IF53ai7Xc0U56Y,0,0,6318,6427532.000
14-06-2020 21:00,1IF53ai7Xc0U56Y,0,0,7487,6414368.000
06-06-2020 07:45,rGa61gmuvPhdLxV,4381,430.114,344.714,7273434.714
17-05-2020 18:00,McdE0feGgRqW7Ca,322.5,31.1625,7599.62,7179620.625
18-05-2020 18:30,iCRJl6heRkivqQ3,0,0,5400,7203767.000
25-05-2020 11:45,ih0vzX44oOqAx2f,12266,1195.91,3302.29,6259796.286
15-06-2020 18:30,ZnxXDlPa8U1GXgE,0,0,6757,6758504.000
11-06-2020 19:15,VHMLBKoKgIrUVDU,0,0,5716,7415011.000
09-06-2020 02:00,wCURE6d3bPkepu2,0,0,0,6967970.000
01-06-2020 12:45,ZnxXDlPa8U1GXgE,3841.12,377.35,4211.62,6653736.625
17-06-2020 21:00,bvBOhCH3iADSZry,0,0,5460,6539009.000
11-06-2020 01:15,7JYdWkrLSPkdwr4,0,0,0,7801091.000
14-06-2020 13:15,7JYdWkrLSPkdwr4,10876.4,1062.16,4409.25,7825261.250
01-06-2020 04:00,iCRJl6heRkivqQ3,0,0,0,7304567.000
08-06-2020 15:00,1BY6WEcLGh8j5v7,8636.5,844.725,6544,6430294.000
22-05-2020 16:30,WRmjgnKYAwPKWDb,2240.71,219.714,7050,7084408.000
03-06-2020 00:15,ZnxXDlPa8U1GXgE,0,0,0,6662968.000
28-05-2020 09:00,sjndEbLyjtCKgGv,8215.75,804.075,1063.62,7113628.625
26-05-2020 12:45,7JYdWkrLSPkdwr4,11621.1,1133.91,4850.14,7688870.143
05-06-2020 01:30,bvBOhCH3iADSZry,0,0,0,6460186.000
05-06-2020 22:15,VHMLBKoKgIrUVDU,0,0,0,7371554.000
09-06-2020 21:00,YxYtjZvoooNbGkE,0,0,7958,7373268.000
03-06-2020 10:45,ZnxXDlPa8U1GXgE,10915.1,1066.4,1984.14,6664952.143
28-05-2020 16:45,VHMLBKoKgIrUVDU,3659.29,359.343,8244.86,7312622.857
08-06-2020 15:15,sjndEbLyjtCKgGv,10000.1,977.8,7204.5,7199758.500
18-05-2020 04:45,rGa61gmuvPhdLxV,0,0,0,7131537.000
25-05-2020 20:45,sjndEbLyjtCKgGv,0,0,8760,7098111.000
23-05-2020 11:45,1IF53ai7Xc0U56Y,13153.9,1282.51,3831.71,6244365.714
21-05-2020 18:15,YxYtjZvoooNbGkE,130.125,12.55,7738.5,7229032.500
08-06-2020 07:45,ih0vzX44oOqAx2f,3896.57,382.8,255.571,6358947.571
31-05-2020 12:00,rGa61gmuvPhdLxV,6504.29,637.114,3303.43,7233741.429
15-06-2020 19:30,sjndEbLyjtCKgGv,0,0,6728,7249539.000
25-05-2020 03:15,ZnxXDlPa8U1GXgE,0,0,0,6595756.000
22-05-2020 03:15,rGa61gmuvPhdLxV,0,0,0,7160399.000
20-05-2020 01:00,7JYdWkrLSPkdwr4,0,0,0,7635208.000
10-06-2020 08:30,ZnxXDlPa8U1GXgE,3583.57,352.229,589.571,6718361.571
14-06-2020 20:30,z9Y9gH1T5YWrNuG,0,0,7238,7232468.000
01-06-2020 21:45,wCURE6d3bPkepu2,0,0,5939,6915344.000
07-06-2020 03:30,1IF53ai7Xc0U56Y,0,0,0,6355099.000
20-05-2020 02:15,ZnxXDlPa8U1GXgE,0,0,0,6555136.000
19-05-2020 21:00,ih0vzX44oOqAx2f,0,0,6790,6217277.000
09-06-2020 11:30,rGa61gmuvPhdLxV,9001.71,879.314,3514.29,7299478.286
20-05-2020 01:30,zBIq5rxdHJRwDNY,0,0,0,6371971.000
14-06-2020 09:30,bvBOhCH3iADSZry,7610.62,745.125,1145.75,6518787.750
17-05-2020 21:00,iCRJl6heRkivqQ3,0,0,7519,7198367.000
16-05-2020 16:00,1BY6WEcLGh8j5v7,3143.29,308.857,5942.29,6271255.286
13-06-2020 15:15,uHbuxQJl8lW7ozc,8881.14,868.486,7459.43,7259553.429
11-06-2020 18:45,ih0vzX44oOqAx2f,0,0,5521,6386553.000
11-06-2020 09:15,pkci93gMrogZuBj,4214,413.957,599.286,7369893.286
02-06-2020 18:15,1BY6WEcLGh8j5v7,291.286,28.1143,7025,6390464.000
01-06-2020 14:45,1IF53ai7Xc0U56Y,3149.62,309.438,5484.25,6316916.250
01-06-2020 23:00,z9Y9gH1T5YWrNuG,0,0,5931,7139828.000
12-06-2020 22:30,rGa61gmuvPhdLxV,0,0,5849,7322281.000
24-05-2020 18:45,sjndEbLyjtCKgGv,0,0,7902,7089351.000
16-06-2020 16:30,WRmjgnKYAwPKWDb,2580.14,253.014,6002.29,7267317.286
10-06-2020 12:30,YxYtjZvoooNbGkE,12223.8,1192.51,3544.75,7376812.750
08-06-2020 14:30,uHbuxQJl8lW7ozc,11490.7,1122.06,6496,7223645.000
08-06-2020 00:30,1IF53ai7Xc0U56Y,0,0,0,6363338.000
23-05-2020 13:15,zBIq5rxdHJRwDNY,11879.5,1159.49,5501,6401308.000
04-06-2020 08:45,VHMLBKoKgIrUVDU,4979.38,488.275,813,7356474.000
07-06-2020 21:00,z9Y9gH1T5YWrNuG,0,0,6342,7183631.000
11-06-2020 02:00,zVJPv84UY57bAof,0,0,0,7317016.000
25-05-2020 00:30,3PZuoBAID5Wc2HD,0,0,0,7061568.000
30-05-2020 06:15,1IF53ai7Xc0U56Y,314.5,30.3875,5,6298216.000
13-06-2020 08:30,WRmjgnKYAwPKWDb,7176.25,702.7,746.125,7239526.125
11-06-2020 23:00,ZnxXDlPa8U1GXgE,0,0,5692,6729902.000
01-06-2020 21:45,ZnxXDlPa8U1GXgE,0,0,5918,6655443.000
18-05-2020 03:30,pkci93gMrogZuBj,0,0,0,7189047.000
01-06-2020 18:00,adLQvlD726eNBSB,544.571,52.7143,6113.57,6406817.571
27-05-2020 16:45,uHbuxQJl8lW7ozc,3232,317.086,6531.43,7135069.429
10-06-2020 17:00,sjndEbLyjtCKgGv,2473.5,242.562,6331.12,7215426.125
16-06-2020 01:45,rGa61gmuvPhdLxV,0,0,0,7344704.000
01-06-2020 11:00,zBIq5rxdHJRwDNY,12380.7,1208.03,2818.71,6466057.714
24-05-2020 05:00,7JYdWkrLSPkdwr4,0,0,0,7667220.000
04-06-2020 18:15,zBIq5rxdHJRwDNY,300.714,29.0571,8232.71,6492574.714
20-05-2020 20:45,YxYtjZvoooNbGkE,0,0,8818,7221294.000
25-05-2020 09:30,uHbuxQJl8lW7ozc,9511.29,930.257,1414,7113266.000
20-05-2020 12:45,adLQvlD726eNBSB,12628.1,1231.66,5345.71,6309858.714
01-06-2020 01:30,7JYdWkrLSPkdwr4,0,0,0,7727821.000
16-05-2020 21:00,zVJPv84UY57bAof,0,0,6419,7128535.000
06-06-2020 04:00,rGa61gmuvPhdLxV,0,0,0,7273090.000
15-05-2020 19:30,uHbuxQJl8lW7ozc,0,0,6387,7045068.000
06-06-2020 11:00,wCURE6d3bPkepu2,10186.6,995.263,2609.88,6949378.875
13-06-2020 12:15,zVJPv84UY57bAof,10801.6,1054.54,4379.75,7332929.750
12-06-2020 23:00,ZnxXDlPa8U1GXgE,0,0,5883,6735785.000
12-06-2020 18:00,3PZuoBAID5Wc2HD,829.286,80.4857,5880.14,7202066.143
06-06-2020 12:30,1IF53ai7Xc0U56Y,9510.43,928.586,4012.86,6352569.857
30-05-2020 09:30,adLQvlD726eNBSB,6534.57,640.086,962.571,6388314.571
07-06-2020 20:00,VHMLBKoKgIrUVDU,0,0,8219,7386208.000
22-05-2020 05:00,wCURE6d3bPkepu2,0,0,0,6832055.000
18-05-2020 16:45,1IF53ai7Xc0U56Y,2895.86,284.129,5259.57,6209612.571
17-06-2020 17:30,1BY6WEcLGh8j5v7,1260.6,122.62,5456,6485254.000
19-05-2020 16:00,VHMLBKoKgIrUVDU,6450.62,631.925,6413.12,7238967.125
20-05-2020 02:45,YxYtjZvoooNbGkE,0,0,0,7212476.000
15-05-2020 02:15,McdE0feGgRqW7Ca,0,0,0,7158964.000
06-06-2020 17:00,sjndEbLyjtCKgGv,947,91.9857,6331.86,7185608.857
21-05-2020 15:00,WRmjgnKYAwPKWDb,9291.86,908.6,6657.14,7076382.143
29-05-2020 13:45,bvBOhCH3iADSZry,8773.86,857.9,5280.71,6418865.714
05-06-2020 17:00,1BY6WEcLGh8j5v7,3706.5,364.025,6862.12,6412242.125
01-06-2020 00:45,WRmjgnKYAwPKWDb,0,0,0,7153866.000
12-06-2020 06:30,YxYtjZvoooNbGkE,354.571,34.2714,7.71429,7385286.714
14-06-2020 11:00,adLQvlD726eNBSB,10461.4,1021.85,2758.75,6500254.750
17-05-2020 03:30,1BY6WEcLGh8j5v7,0,0,0,6271605.000
16-06-2020 13:45,ZnxXDlPa8U1GXgE,5606.29,549.443,4505.86,6763009.857
30-05-2020 18:45,iCRJl6heRkivqQ3,0,0,7345,7298598.000
07-06-2020 17:15,bvBOhCH3iADSZry,3012.12,295.788,5036.62,6478160.625
22-05-2020 16:15,zBIq5rxdHJRwDNY,2799.86,274.6,6959.71,6395558.714
01-06-2020 09:30,pkci93gMrogZuBj,6117.29,599.329,1385.29,7296176.286
17-05-2020 02:00,3PZuoBAID5Wc2HD,0,0,0,7000689.000
06-06-2020 02:30,adLQvlD726eNBSB,0,0,0,6438428.000
19-05-2020 09:45,uHbuxQJl8lW7ozc,8106.12,793.175,1195.38,7065396.375
08-06-2020 03:30,zVJPv84UY57bAof,0,0,0,7293790.000
04-06-2020 00:00,bvBOhCH3iADSZry,0,0,0,6452724.000
30-05-2020 06:45,ih0vzX44oOqAx2f,1205.29,117.2,40,6295161.000
06-06-2020 19:45,7JYdWkrLSPkdwr4,0,0,6317,7770457.000
15-06-2020 12:00,rGa61gmuvPhdLxV,9969.75,973.513,3761.38,7341733.375
16-05-2020 12:45,sjndEbLyjtCKgGv,11461.1,1118.86,3720.75,7026902.750
17-06-2020 17:15,zVJPv84UY57bAof,1575.38,154.162,5807.88,7363169.875
28-05-2020 15:30,zBIq5rxdHJRwDNY,8034.43,786.4,7103,6441186.000
15-06-2020 20:30,iCRJl6heRkivqQ3,0,0,6777,7414001.000
15-05-2020 18:30,1BY6WEcLGh8j5v7,0,0,5754,6265313.000
12-06-2020 12:00,7JYdWkrLSPkdwr4,9879.88,965.788,2617.62,7809281.625
25-05-2020 19:15,adLQvlD726eNBSB,0,0,9163,6355294.000
17-05-2020 18:30,iCRJl6heRkivqQ3,0,0,7519,7198367.000
17-05-2020 15:30,1IF53ai7Xc0U56Y,7453.62,729.45,6924.75,6203518.750
16-06-2020 18:15,1IF53ai7Xc0U56Y,355.429,34.3429,6312.71,6427526.714
08-06-2020 17:30,ZnxXDlPa8U1GXgE,1941.71,190.071,8341,6709604.000
24-05-2020 08:45,7JYdWkrLSPkdwr4,5473.57,536.514,824.429,7668044.429
28-05-2020 04:00,wCURE6d3bPkepu2,0,0,0,6879195.000
31-05-2020 02:45,1IF53ai7Xc0U56Y,0,0,0,6305543.000
17-05-2020 02:15,bvBOhCH3iADSZry,0,0,0,6328648.000
19-05-2020 23:45,ih0vzX44oOqAx2f,0,0,6790,6217277.000
15-05-2020 18:15,McdE0feGgRqW7Ca,110.571,10.6429,6469.71,7165433.714
07-06-2020 17:30,WRmjgnKYAwPKWDb,2051.25,200.975,7994.75,7204605.750
06-06-2020 02:45,3PZuoBAID5Wc2HD,0,0,0,7152486.000
21-05-2020 15:00,bvBOhCH3iADSZry,9934.71,971.429,6196,6361234.000
12-06-2020 14:45,ZoEaEvLYb1n2sOq,5854.86,573.743,4690.57,7306322.571
28-05-2020 13:00,z9Y9gH1T5YWrNuG,12952.5,1262.89,5393.12,7109278.125
15-06-2020 18:30,zBIq5rxdHJRwDNY,11.8571,1.14286,6696,6571833.000
13-06-2020 16:00,3PZuoBAID5Wc2HD,7391,723.6,8168.29,7210254.286
17-06-2020 15:00,rGa61gmuvPhdLxV,4591.62,450.312,5405.25,7356352.250
15-05-2020 03:15,3PZuoBAID5Wc2HD,0,0,0,6987759.000
14-06-2020 06:45,7JYdWkrLSPkdwr4,1085.71,105.543,38.1429,7820890.143
15-05-2020 07:15,bvBOhCH3iADSZry,1873.5,183.65,116.25,6316919.250
26-05-2020 11:00,1IF53ai7Xc0U56Y,13368.6,1303.41,3232.57,6269760.571
26-05-2020 03:30,ZnxXDlPa8U1GXgE,0,0,0,6604666.000
25-05-2020 06:15,zVJPv84UY57bAof,393,38,3,7188799.000
26-05-2020 13:45,McdE0feGgRqW7Ca,12170.1,1187,5869.86,7247518.857
17-05-2020 10:15,zBIq5rxdHJRwDNY,9653.57,944.057,2021.57,6354171.571
09-06-2020 23:30,YxYtjZvoooNbGkE,0,0,7958,7373268.000
17-06-2020 19:15,pkci93gMrogZuBj,0,0,5952,7415430.000
12-06-2020 10:45,z9Y9gH1T5YWrNuG,6662.14,652.529,1585.29,7212649.286
31-05-2020 02:00,z9Y9gH1T5YWrNuG,0,0,0,7127597.000
09-06-2020 01:30,ZoEaEvLYb1n2sOq,0,0,0,7281724.000
12-06-2020 22:45,zBIq5rxdHJRwDNY,0,0,5837,6549387.000
02-06-2020 22:00,bvBOhCH3iADSZry,0,0,6842,6445487.000
08-06-2020 19:15,zVJPv84UY57bAof,0,0,8377,7302167.000
16-05-2020 21:00,1BY6WEcLGh8j5v7,0,0,6292,6271605.000
30-05-2020 21:45,WRmjgnKYAwPKWDb,0,0,7130,7148029.000
23-05-2020 07:45,WRmjgnKYAwPKWDb,3985.5,391.587,239.25,7084834.250
03-06-2020 17:45,zVJPv84UY57bAof,1265.29,123.1,7792.43,7263009.429
15-05-2020 17:30,ZoEaEvLYb1n2sOq,1309.5,127.775,6221.75,7104320.750
29-05-2020 15:45,pkci93gMrogZuBj,7736.71,757.414,7448,7280706.000
01-06-2020 07:00,3PZuoBAID5Wc2HD,2245.88,220.2,102.25,7115406.250
31-05-2020 11:30,ZoEaEvLYb1n2sOq,10021.2,978.562,2712.12,7219560.125
04-06-2020 20:00,WRmjgnKYAwPKWDb,0,0,8038,7182665.000
15-06-2020 04:45,zVJPv84UY57bAof,0,0,0,7344280.000
22-05-2020 19:30,adLQvlD726eNBSB,0,0,7378,6328951.000
15-05-2020 09:45,adLQvlD726eNBSB,8003.86,782.8,1170.43,6272525.429
22-05-2020 16:15,1BY6WEcLGh8j5v7,2642,259.1,6615.43,6312204.429
03-06-2020 01:00,1IF53ai7Xc0U56Y,0,0,0,6324784.000
04-06-2020 00:00,YxYtjZvoooNbGkE,0,0,0,7326756.000
06-06-2020 20:30,3PZuoBAID5Wc2HD,0,0,6496,7158982.000
16-06-2020 07:15,wCURE6d3bPkepu2,2308.75,226.375,104.75,7016548.750
03-06-2020 01:45,1IF53ai7Xc0U56Y,0,0,0,6324784.000
24-05-2020 08:15,ZoEaEvLYb1n2sOq,4725.38,463.175,501.5,7162685.500
17-06-2020 07:45,wCURE6d3bPkepu2,3752.62,368.8,205,7022923.000
22-05-2020 06:30,ZoEaEvLYb1n2sOq,894.75,86.8875,28.5,7146713.500
08-06-2020 04:30,1BY6WEcLGh8j5v7,0,0,0,6423750.000
26-05-2020 03:15,VHMLBKoKgIrUVDU,0,0,0,7289525.000
16-06-2020 08:00,ZoEaEvLYb1n2sOq,4876.14,478.243,348.429,7330039.429
03-06-2020 02:00,uHbuxQJl8lW7ozc,0,0,0,7178405.000
19-05-2020 21:30,zBIq5rxdHJRwDNY,0,0,6924,6371971.000
29-05-2020 08:15,1IF53ai7Xc0U56Y,4431.71,435.071,427.714,6290385.714
15-06-2020 17:45,rGa61gmuvPhdLxV,1276.12,124.338,6698.12,7344670.125
17-05-2020 06:30,iCRJl6heRkivqQ3,450.143,43.5286,6.85714,7190854.857
31-05-2020 10:45,adLQvlD726eNBSB,10585.6,1033.86,2098.12,6396869.125
06-06-2020 06:30,pkci93gMrogZuBj,705.5,68.4,20.125,7331507.125
17-06-2020 07:45,pkci93gMrogZuBj,3682,361.913,207.375,7409685.375
02-06-2020 22:45,sjndEbLyjtCKgGv,0,0,7439,7155447.000
24-05-2020 08:30,z9Y9gH1T5YWrNuG,7269.71,711.857,664.857,7073426.857
21-05-2020 11:00,z9Y9gH1T5YWrNuG,9231.86,902.2,2695.29,7051956.286
11-06-2020 14:00,McdE0feGgRqW7Ca,6775.62,663.612,3731.38,7365354.375
06-06-2020 17:45,zBIq5rxdHJRwDNY,318.286,30.7286,6422,6506724.000
25-05-2020 08:00,7JYdWkrLSPkdwr4,4158.71,407.843,366,7675607.000
16-06-2020 17:00,7JYdWkrLSPkdwr4,1887.86,185.043,6011,7840810.000
24-05-2020 11:30,3PZuoBAID5Wc2HD,11689.4,1140.53,3397.14,7056665.143
27-05-2020 07:00,WRmjgnKYAwPKWDb,2124.71,208.329,97.2857,7117977.286
30-05-2020 13:00,wCURE6d3bPkepu2,8772.75,857.625,3638,6899518.000
24-05-2020 02:00,ZnxXDlPa8U1GXgE,0,0,0,6587728.000
15-05-2020 04:15,adLQvlD726eNBSB,0,0,0,6271355.000
10-06-2020 21:00,1BY6WEcLGh8j5v7,0,0,5911,6444981.000
11-06-2020 19:45,1BY6WEcLGh8j5v7,0,0,5257,6450238.000
16-06-2020 16:15,VHMLBKoKgIrUVDU,3478.71,341.743,5997.29,7449866.286
16-06-2020 21:00,1IF53ai7Xc0U56Y,0,0,6318,6427532.000
26-05-2020 06:00,rGa61gmuvPhdLxV,115.857,11.1857,1,7192103.000
09-06-2020 20:00,rGa61gmuvPhdLxV,0,0,8240,7304204.000
28-05-2020 12:45,ZnxXDlPa8U1GXgE,12272.7,1197.69,5202.14,6624578.143
01-06-2020 20:15,ZoEaEvLYb1n2sOq,0,0,5796,7228440.000
10-06-2020 14:45,YxYtjZvoooNbGkE,999.375,97.1,5478.38,7378746.375
14-06-2020 05:15,ZnxXDlPa8U1GXgE,0,0,0,6744343.000
15-06-2020 01:30,rGa61gmuvPhdLxV,0,0,0,7337972.000
24-05-2020 14:45,iCRJl6heRkivqQ3,9687,947.2,6712.71,7249932.714
02-06-2020 23:45,ZoEaEvLYb1n2sOq,0,0,7287,7235727.000
31-05-2020 06:00,7JYdWkrLSPkdwr4,105.875,10.2125,0.5,7721978.500
17-06-2020 14:30,ih0vzX44oOqAx2f,7673.75,751.125,4877.75,6425248.750
24-05-2020 05:15,ZoEaEvLYb1n2sOq,0,0,0,7162184.000
27-05-2020 04:00,z9Y9gH1T5YWrNuG,0,0,0,7097183.000
01-06-2020 03:45,YxYtjZvoooNbGkE,0,0,0,7305739.000
17-06-2020 04:15,zVJPv84UY57bAof,0,0,0,7357362.000
15-06-2020 03:30,iCRJl6heRkivqQ3,0,0,0,7407224.000
17-06-2020 15:30,ZoEaEvLYb1n2sOq,880.714,85.4857,5432.86,7341314.857
15-05-2020 12:45,iCRJl6heRkivqQ3,10605.6,1035.51,3494.25,7181486.250
25-05-2020 23:15,VHMLBKoKgIrUVDU,0,0,9013,7289525.000
04-06-2020 13:30,iCRJl6heRkivqQ3,7702.86,754.029,5201.57,7330897.571
08-06-2020 14:45,VHMLBKoKgIrUVDU,9582.38,936.775,6823,7393031.000
31-05-2020 03:45,pkci93gMrogZuBj,0,0,0,7288876.000
17-06-2020 14:45,WRmjgnKYAwPKWDb,8352.43,817.2,5252.43,7272831.429
09-06-2020 18:45,uHbuxQJl8lW7ozc,0,0,8309,7233863.000
16-06-2020 10:45,3PZuoBAID5Wc2HD,8787.71,859.371,2401.71,7227443.714
10-06-2020 06:45,McdE0feGgRqW7Ca,1357.43,132.4,48.4286,7355065.429
17-06-2020 21:15,zBIq5rxdHJRwDNY,0,0,5817,6583369.000
07-06-2020 19:00,ih0vzX44oOqAx2f,0,0,8019,6358692.000
28-05-2020 21:45,z9Y9gH1T5YWrNuG,0,0,8477,7112362.000
14-06-2020 19:15,adLQvlD726eNBSB,0,0,7590,6505086.000
13-06-2020 14:15,ZoEaEvLYb1n2sOq,11286.1,1101.6,6386.88,7313771.875
02-06-2020 10:30,z9Y9gH1T5YWrNuG,7070.12,692.288,2283.75,7142111.750
18-05-2020 01:15,1IF53ai7Xc0U56Y,0,0,0,6204353.000
01-06-2020 18:45,sjndEbLyjtCKgGv,0,0,5766,7148008.000
25-05-2020 14:30,zVJPv84UY57bAof,9789.71,957.2,7126.71,7195922.714
27-05-2020 10:45,rGa61gmuvPhdLxV,8178.5,799.913,2282.25,7202151.250
22-05-2020 23:30,z9Y9gH1T5YWrNuG,0,0,0,7064219.000
11-06-2020 02:45,pkci93gMrogZuBj,0,0,0,7369294.000
12-06-2020 20:00,YxYtjZvoooNbGkE,0,0,5780,7391059.000
15-05-2020 13:00,3PZuoBAID5Wc2HD,6364.43,623.4,3508,6991267.000
16-06-2020 04:45,WRmjgnKYAwPKWDb,0,0,0,7261315.000
25-05-2020 17:30,ih0vzX44oOqAx2f,696.571,67.4857,8049.29,6264543.286
27-05-2020 12:00,McdE0feGgRqW7Ca,11751.8,1146.89,3724.25,7253284.250
06-06-2020 10:30,VHMLBKoKgIrUVDU,9808.57,957.086,2215.14,7373769.143
30-05-2020 11:30,7JYdWkrLSPkdwr4,7933.62,776.538,2082.25,7716917.250
05-06-2020 20:30,rGa61gmuvPhdLxV,0,0,7741,7273090.000
26-05-2020 11:45,uHbuxQJl8lW7ozc,10954,1069.42,3730.5,7124426.500
16-05-2020 22:30,zBIq5rxdHJRwDNY,0,0,6374,6352150.000
01-06-2020 16:15,rGa61gmuvPhdLxV,1987,194.75,5415.62,7241747.625
30-05-2020 08:00,VHMLBKoKgIrUVDU,3114,305.886,296.714,7321355.714
20-05-2020 22:15,ZnxXDlPa8U1GXgE,0,0,8909,6564045.000
14-06-2020 21:15,VHMLBKoKgIrUVDU,0,0,7489,7437055.000
13-06-2020 04:00,McdE0feGgRqW7Ca,0,0,0,7373328.000
30-05-2020 13:00,ZnxXDlPa8U1GXgE,8764,857.425,3673.38,6639739.375
30-05-2020 04:15,iCRJl6heRkivqQ3,0,0,0,7291253.000
09-06-2020 13:00,3PZuoBAID5Wc2HD,10018.6,978.288,5081.5,7180814.500
02-06-2020 05:00,z9Y9gH1T5YWrNuG,0,0,0,7139828.000
18-05-2020 00:00,ih0vzX44oOqAx2f,0,0,0,6205201.000
17-05-2020 17:30,ZnxXDlPa8U1GXgE,1405,136.786,7535.29,6542687.286
14-06-2020 09:00,iCRJl6heRkivqQ3,6198.25,607.237,877,7400732.000
15-05-2020 20:30,rGa61gmuvPhdLxV,0,0,6373,7117866.000
16-06-2020 00:00,zBIq5rxdHJRwDNY,0,0,837,6571833.000
30-05-2020 22:30,3PZuoBAID5Wc2HD,0,0,7299,7109488.000
22-05-2020 09:15,3PZuoBAID5Wc2HD,6358.75,622.825,1052.5,7038353.500
17-06-2020 05:15,3PZuoBAID5Wc2HD,0,0,0,7231373.000
16-05-2020 09:30,wCURE6d3bPkepu2,5820.62,570.375,1161,6790088.000
15-06-2020 01:15,McdE0feGgRqW7Ca,0,0,0,7389358.000
14-06-2020 13:15,bvBOhCH3iADSZry,0,0,2378,6520020.000
25-05-2020 06:15,3PZuoBAID5Wc2HD,481,46.5,3.42857,7061571.429
01-06-2020 16:00,rGa61gmuvPhdLxV,1684,164.843,5369,7241701.000
19-05-2020 07:00,wCURE6d3bPkepu2,2431.29,238.443,50.1429,6808443.143
24-05-2020 10:30,3PZuoBAID5Wc2HD,11185.1,1091.39,2225.29,7055493.286
21-05-2020 23:30,sjndEbLyjtCKgGv,0,0,7825,7065886.000
19-05-2020 07:45,1IF53ai7Xc0U56Y,3382.38,331.962,262.375,6210068.375
08-06-2020 20:30,z9Y9gH1T5YWrNuG,0,0,7793,7191424.000
17-05-2020 00:45,1IF53ai7Xc0U56Y,0,0,0,6196594.000
17-05-2020 06:15,bvBOhCH3iADSZry,120.75,11.675,0.875,6328648.875
16-06-2020 15:00,VHMLBKoKgIrUVDU,4011.12,394,5379.12,7449248.125
08-06-2020 04:00,ZoEaEvLYb1n2sOq,0,0,0,7273453.000
25-05-2020 04:30,7JYdWkrLSPkdwr4,0,0,0,7675241.000
26-05-2020 16:45,WRmjgnKYAwPKWDb,5600.86,548.929,7652.57,7117648.571
26-05-2020 21:00,7JYdWkrLSPkdwr4,0,0,0,7691912.000
17-06-2020 12:45,7JYdWkrLSPkdwr4,10263,1003.01,3620.71,7844585.714
17-05-2020 13:45,McdE0feGgRqW7Ca,8096.25,791.55,5476.75,7177497.750
18-05-2020 11:15,zBIq5rxdHJRwDNY,7271.86,712.014,1163.57,6360820.571
30-05-2020 18:15,YxYtjZvoooNbGkE,281.429,27.2,7262.43,7299765.429
20-05-2020 19:30,wCURE6d3bPkepu2,0,0,8895,6824244.000
30-05-2020 19:00,bvBOhCH3iADSZry,0,0,6658,6427681.000
10-06-2020 13:15,3PZuoBAID5Wc2HD,7939,776.543,4400.71,7188319.714
05-06-2020 01:45,z9Y9gH1T5YWrNuG,0,0,0,7163262.000
12-06-2020 05:00,zVJPv84UY57bAof,0,0,0,7322687.000
07-06-2020 14:30,7JYdWkrLSPkdwr4,8400.29,821,6321.57,7776778.571
09-06-2020 17:00,YxYtjZvoooNbGkE,3251.38,319.562,7730.88,7373040.875
10-06-2020 07:00,uHbuxQJl8lW7ozc,2003.25,196.35,87.125,7233950.125
02-06-2020 04:45,z9Y9gH1T5YWrNuG,0,0,0,7139828.000
28-05-2020 06:45,ih0vzX44oOqAx2f,1285.43,125.129,47.7143,6278902.714
28-05-2020 13:45,sjndEbLyjtCKgGv,9318,909.757,5995.29,7118560.286
06-06-2020 14:15,wCURE6d3bPkepu2,12243.4,1194.61,5388.71,6952157.714
12-06-2020 05:00,iCRJl6heRkivqQ3,0,0,0,7385471.000
27-05-2020 21:30,3PZuoBAID5Wc2HD,0,0,6740,7085451.000
16-06-2020 19:30,zVJPv84UY57bAof,0,0,6262,7357362.000
12-06-2020 05:15,pkci93gMrogZuBj,0,0,0,7374956.000
14-06-2020 12:15,pkci93gMrogZuBj,6990,684.586,3553.86,7392714.857
16-06-2020 16:30,wCURE6d3bPkepu2,2706.29,265.457,6005.71,7022449.714
22-05-2020 05:15,pkci93gMrogZuBj,0,0,0,7217976.000
16-05-2020 11:30,uHbuxQJl8lW7ozc,7862.25,769.575,2599,7047667.000
08-06-2020 13:00,wCURE6d3bPkepu2,10071.6,983.7,5051.12,6964578.125
17-06-2020 17:15,1BY6WEcLGh8j5v7,1457.71,141.929,5428.71,6485226.714
22-05-2020 14:15,ih0vzX44oOqAx2f,8444.5,825.362,5450.62,6238993.625
31-05-2020 14:45,bvBOhCH3iADSZry,2565.75,251.588,4952.12,6432633.125
26-05-2020 15:00,wCURE6d3bPkepu2,3516,345.514,6571,6871221.000
02-06-2020 00:30,bvBOhCH3iADSZry,0,0,0,6438645.000
31-05-2020 18:30,bvBOhCH3iADSZry,12.4286,1.2,5586,6433267.000
19-05-2020 11:30,3PZuoBAID5Wc2HD,4041.25,397.075,2467,7016385.000
29-05-2020 23:30,1IF53ai7Xc0U56Y,0,0,8253,6298211.000
20-05-2020 09:30,adLQvlD726eNBSB,9144,894.5,1553.43,6306066.429
04-06-2020 18:15,zVJPv84UY57bAof,301.143,29.1,8216.14,7271269.143
31-05-2020 14:15,iCRJl6heRkivqQ3,7493.88,732.125,5120.75,7303718.750
28-05-2020 20:30,VHMLBKoKgIrUVDU,0,0,8509,7312887.000
30-05-2020 13:30,zVJPv84UY57bAof,10606.4,1035.72,4156,7232843.000
23-05-2020 03:30,zVJPv84UY57bAof,0,0,0,7172294.000
26-05-2020 07:45,1BY6WEcLGh8j5v7,3963.5,389.438,285,6336493.000
15-06-2020 15:15,YxYtjZvoooNbGkE,6637,649.957,5775,7412477.000
04-06-2020 23:30,VHMLBKoKgIrUVDU,0,0,8160,7363821.000
31-05-2020 14:30,ZnxXDlPa8U1GXgE,2223,217.963,5388,6648771.000
02-06-2020 04:15,ih0vzX44oOqAx2f,0,0,0,6313983.000
17-06-2020 10:15,1IF53ai7Xc0U56Y,6930.62,678.775,1470.88,6429002.875
19-05-2020 01:15,WRmjgnKYAwPKWDb,0,0,0,7054452.000
02-06-2020 14:00,ZoEaEvLYb1n2sOq,6720.88,658.275,5374.25,7233814.250
16-05-2020 16:45,zBIq5rxdHJRwDNY,2224,218.086,6197.29,6351973.286
02-06-2020 07:45,bvBOhCH3iADSZry,2181.25,213.863,193.75,6438838.750
05-06-2020 14:30,3PZuoBAID5Wc2HD,11313.6,1104.51,5751.75,7150454.750
06-06-2020 08:00,bvBOhCH3iADSZry,4831.62,473.837,441.375,6467692.375
05-06-2020 10:15,WRmjgnKYAwPKWDb,7094.25,694.25,2024.5,7184689.500
13-06-2020 12:45,3PZuoBAID5Wc2HD,11827.5,1153.94,5223.62,7207309.625
01-06-2020 18:30,ZnxXDlPa8U1GXgE,22.875,2.2,5917.88,6655442.875
04-06-2020 18:45,adLQvlD726eNBSB,0,0,8314,6430581.000
15-06-2020 06:15,1BY6WEcLGh8j5v7,421.75,40.7875,6.375,6467681.375
14-06-2020 22:30,rGa61gmuvPhdLxV,0,0,7302,7337972.000
17-05-2020 11:15,YxYtjZvoooNbGkE,12706.3,1238.84,3050.43,7195782.429
19-05-2020 08:30,pkci93gMrogZuBj,3981.71,390.771,472.286,7194883.286
02-06-2020 02:15,bvBOhCH3iADSZry,0,0,0,6438645.000
20-05-2020 05:15,z9Y9gH1T5YWrNuG,0,0,0,7040465.000
13-06-2020 18:15,1BY6WEcLGh8j5v7,270.75,26.1625,7979.12,6463658.125
03-06-2020 06:45,McdE0feGgRqW7Ca,936.143,90.9143,34.7143,7300393.714
08-06-2020 12:15,wCURE6d3bPkepu2,8554,836.829,4324.57,6963851.571
09-06-2020 05:15,1BY6WEcLGh8j5v7,0,0,0,6431614.000
30-05-2020 14:15,WRmjgnKYAwPKWDb,11070.5,1081.54,5009.5,7145908.500
25-05-2020 01:45,rGa61gmuvPhdLxV,0,0,0,7183295.000
13-06-2020 08:00,7JYdWkrLSPkdwr4,5280.86,517.643,415.714,7812832.714
23-05-2020 17:30,ih0vzX44oOqAx2f,2028,198.812,8287.88,6248830.875
02-06-2020 09:00,rGa61gmuvPhdLxV,6227.14,610.057,971.571,7242940.571
15-05-2020 04:30,wCURE6d3bPkepu2,0,0,0,6782598.000
15-05-2020 14:15,iCRJl6heRkivqQ3,12025.9,1173.56,4705.57,7182697.571
22-05-2020 20:30,z9Y9gH1T5YWrNuG,0,0,0,7064219.000
06-06-2020 05:45,7JYdWkrLSPkdwr4,0,0,0,7764140.000
25-05-2020 23:45,ZoEaEvLYb1n2sOq,0,0,8745,7178914.000
05-06-2020 02:45,pkci93gMrogZuBj,0,0,0,7323691.000
24-05-2020 07:15,wCURE6d3bPkepu2,2342,229.643,126.429,6847956.429
17-05-2020 15:00,ZnxXDlPa8U1GXgE,9461.5,925.325,6375.5,6541527.500
22-05-2020 15:15,YxYtjZvoooNbGkE,6496,636.263,6423.88,7235457.875
14-06-2020 06:30,z9Y9gH1T5YWrNuG,661.75,64.1125,16.75,7225246.750
27-05-2020 01:45,WRmjgnKYAwPKWDb,0,0,0,7117880.000
31-05-2020 03:30,3PZuoBAID5Wc2HD,0,0,0,7109488.000
03-06-2020 21:30,WRmjgnKYAwPKWDb,0,0,7710,7174627.000
04-06-2020 07:30,1BY6WEcLGh8j5v7,2419.88,237.475,190.125,6397999.125
01-06-2020 12:00,ZnxXDlPa8U1GXgE,4828.75,473.512,3775.75,6653300.750
15-06-2020 10:00,3PZuoBAID5Wc2HD,9446.29,923.5,1998,7220221.000
12-06-2020 07:15,7JYdWkrLSPkdwr4,1052.12,102.263,64.625,7806728.625
06-06-2020 13:30,VHMLBKoKgIrUVDU,9596.14,937.329,4775.43,7376329.429
14-06-2020 21:15,1BY6WEcLGh8j5v7,0,0,4012,6467675.000
09-06-2020 05:30,YxYtjZvoooNbGkE,0,0,0,7365310.000
24-05-2020 22:15,zBIq5rxdHJRwDNY,0,0,7277,6411758.000
16-05-2020 16:30,7JYdWkrLSPkdwr4,2563.5,251.387,6230.25,7615306.250
24-05-2020 03:45,ih0vzX44oOqAx2f,0,0,0,6248938.000
11-06-2020 11:15,VHMLBKoKgIrUVDU,7905.25,773.812,1717.5,7411012.500
15-05-2020 17:15,VHMLBKoKgIrUVDU,2200.86,215.8,6185.71,7212593.714
14-06-2020 05:45,zBIq5rxdHJRwDNY,0,0,0,6557822.000
11-06-2020 04:45,pkci93gMrogZuBj,0,0,0,7369294.000
26-05-2020 04:15,McdE0feGgRqW7Ca,0,0,0,7241649.000
10-06-2020 10:30,ZoEaEvLYb1n2sOq,6887,674.025,1832.38,7291511.375
19-05-2020 22:15,YxYtjZvoooNbGkE,0,0,6878,7212476.000
09-06-2020 08:15,zBIq5rxdHJRwDNY,6137.71,601.343,511.857,6523780.857
10-06-2020 05:00,ih0vzX44oOqAx2f,0,0,0,6374755.000
07-06-2020 10:15,uHbuxQJl8lW7ozc,8048.14,787.3,1644.71,7210499.714
02-06-2020 06:15,rGa61gmuvPhdLxV,403,38.9571,5,7241974.000
12-06-2020 04:15,rGa61gmuvPhdLxV,0,0,0,7316432.000
23-05-2020 10:45,uHbuxQJl8lW7ozc,12550.1,1224.06,2576.43,7097829.429
12-06-2020 21:45,rGa61gmuvPhdLxV,0,0,5849,7322281.000
04-06-2020 02:45,VHMLBKoKgIrUVDU,0,0,0,7355661.000
16-05-2020 11:15,bvBOhCH3iADSZry,6963.57,681.929,2393.14,6324903.143
01-06-2020 12:15,7JYdWkrLSPkdwr4,6933.88,678.737,3865.25,7731686.250
09-06-2020 04:45,McdE0feGgRqW7Ca,0,0,0,7346782.000
15-05-2020 18:30,adLQvlD726eNBSB,0,0,6383,6277738.000
23-05-2020 22:45,z9Y9gH1T5YWrNuG,0,0,8543,7072762.000
15-05-2020 13:15,zBIq5rxdHJRwDNY,6964.88,682.1,3814.25,6343194.250
23-05-2020 19:45,1IF53ai7Xc0U56Y,0,0,8673,6249207.000
03-06-2020 10:45,rGa61gmuvPhdLxV,10692.2,1044.71,1959.38,7251289.375
03-06-2020 12:45,1BY6WEcLGh8j5v7,12692.6,1237.87,3828.14,6394296.143
23-05-2020 17:45,wCURE6d3bPkepu2,1579.62,154.562,8538.25,6847763.250
22-05-2020 17:00,sjndEbLyjtCKgGv,1621.25,158.725,6986,7072872.000
14-06-2020 00:15,wCURE6d3bPkepu2,0,0,0,7002369.000
17-06-2020 05:00,rGa61gmuvPhdLxV,0,0,0,7350947.000
06-06-2020 13:00,iCRJl6heRkivqQ3,12028,1173.53,4399.86,7346202.857
15-06-2020 03:15,VHMLBKoKgIrUVDU,0,0,0,7437055.000
27-05-2020 11:00,1IF53ai7Xc0U56Y,6912.88,676.513,2641.25,6277279.250
30-05-2020 02:30,1IF53ai7Xc0U56Y,0,0,0,6298211.000
30-05-2020 23:45,YxYtjZvoooNbGkE,0,0,7266,7299769.000
25-05-2020 00:00,WRmjgnKYAwPKWDb,0,0,0,7101117.000
05-06-2020 19:45,zBIq5rxdHJRwDNY,0,0,7723,6500302.000
07-06-2020 05:15,7JYdWkrLSPkdwr4,0,0,0,7770457.000
28-05-2020 05:00,7JYdWkrLSPkdwr4,0,0,0,7698550.000
15-05-2020 18:45,ZnxXDlPa8U1GXgE,0,0,6304,6528476.000
17-05-2020 13:45,ZnxXDlPa8U1GXgE,8731.29,853.3,5441.14,6540593.143
25-05-2020 03:15,uHbuxQJl8lW7ozc,0,0,0,7111852.000
04-06-2020 07:45,1IF53ai7Xc0U56Y,3756.14,368.414,280.429,6332939.429
30-05-2020 19:15,iCRJl6heRkivqQ3,0,0,7345,7298598.000
05-06-2020 05:45,VHMLBKoKgIrUVDU,0,0,0,7363821.000
18-05-2020 08:30,1BY6WEcLGh8j5v7,1721.86,168.686,351.286,6279001.286
15-05-2020 18:00,z9Y9gH1T5YWrNuG,285.571,27.5714,6381.71,7014247.714
15-06-2020 19:30,1IF53ai7Xc0U56Y,0,0,6846,6421214.000
04-06-2020 14:15,zVJPv84UY57bAof,9141.5,893.475,5809,7268862.000
09-06-2020 16:15,YxYtjZvoooNbGkE,5612,550.029,7389.29,7372699.286
17-05-2020 05:30,rGa61gmuvPhdLxV,0,0,0,7124099.000
16-06-2020 00:00,ih0vzX44oOqAx2f,0,0,0,6414247.000
02-06-2020 12:00,sjndEbLyjtCKgGv,8337.25,815.9,3424.5,7151432.500
15-06-2020 12:15,sjndEbLyjtCKgGv,6128.57,600.429,4009,7246820.000
18-05-2020 04:15,sjndEbLyjtCKgGv,0,0,0,7037054.000
06-06-2020 02:45,McdE0feGgRqW7Ca,0,0,0,7324681.000
24-05-2020 03:00,bvBOhCH3iADSZry,0,0,0,6376772.000
18-05-2020 07:45,z9Y9gH1T5YWrNuG,1800.86,176.371,269.429,7028495.429
24-05-2020 15:00,ZoEaEvLYb1n2sOq,9402.29,919.586,6884.29,7169068.286
11-06-2020 18:45,7JYdWkrLSPkdwr4,0,0,5573,7806664.000
15-05-2020 02:30,ih0vzX44oOqAx2f,0,0,0,6185184.000
02-06-2020 04:45,McdE0feGgRqW7Ca,0,0,0,7292752.000
08-06-2020 15:00,uHbuxQJl8lW7ozc,10480.3,1024.49,7032.43,7224181.429
02-06-2020 20:15,7JYdWkrLSPkdwr4,0,0,0,7740873.000
17-05-2020 08:45,bvBOhCH3iADSZry,7040.12,689.425,730,6329378.000
28-05-2020 08:15,ZnxXDlPa8U1GXgE,5932.38,581.325,566.25,6619942.250
12-06-2020 21:15,sjndEbLyjtCKgGv,0,0,5847,7227101.000
09-06-2020 18:00,3PZuoBAID5Wc2HD,835.571,81.0571,8164.14,7183897.143
31-05-2020 13:00,pkci93gMrogZuBj,8747.75,855.1,4195.88,7293071.875
27-05-2020 04:15,ZnxXDlPa8U1GXgE,0,0,0,6612649.000
12-06-2020 18:00,z9Y9gH1T5YWrNuG,835.625,81.1,5782.5,7216846.500
09-06-2020 13:45,ih0vzX44oOqAx2f,8529.38,833.862,5478.75,6372387.750
16-06-2020 01:00,zBIq5rxdHJRwDNY,0,0,0,6571833.000
16-06-2020 00:00,rGa61gmuvPhdLxV,0,0,0,7344704.000
31-05-2020 21:15,adLQvlD726eNBSB,0,0,5933,6400704.000
20-05-2020 02:00,zVJPv84UY57bAof,0,0,0,7148337.000
28-05-2020 14:30,VHMLBKoKgIrUVDU,8434.14,824.571,6822.86,7311200.857
17-06-2020 09:45,uHbuxQJl8lW7ozc,5833.25,571.6,1123.38,7282158.375
27-05-2020 09:00,1BY6WEcLGh8j5v7,6989.86,684.5,969,6344638.000
15-05-2020 08:15,WRmjgnKYAwPKWDb,4968,487.243,384,7029057.000
08-06-2020 08:15,WRmjgnKYAwPKWDb,3434.43,337.643,457.429,7205139.429
15-06-2020 15:00,pkci93gMrogZuBj,6665,652.375,5754,7402176.000
30-05-2020 22:30,7JYdWkrLSPkdwr4,0,0,7143,7721978.000
09-06-2020 18:30,McdE0feGgRqW7Ca,99.1429,9.55714,8234.57,7355016.571
13-06-2020 22:45,McdE0feGgRqW7Ca,0,0,8595,7381923.000
09-06-2020 13:00,YxYtjZvoooNbGkE,10391.7,1014.47,4850.29,7370160.286
16-05-2020 13:00,uHbuxQJl8lW7ozc,7770.57,760.543,3844,7048912.000
01-06-2020 21:15,ZoEaEvLYb1n2sOq,0,0,5796,7228440.000
15-06-2020 07:00,bvBOhCH3iADSZry,1956.14,191.757,90.1429,6521690.143
19-05-2020 09:30,wCURE6d3bPkepu2,8144.57,796.9,999.143,6809392.143
21-05-2020 12:00,WRmjgnKYAwPKWDb,10454.3,1020.77,3966.29,7073691.286
29-05-2020 12:30,bvBOhCH3iADSZry,11151.1,1088.83,3951.71,6417536.714
13-06-2020 20:30,ZoEaEvLYb1n2sOq,0,0,8378,7315763.000
17-05-2020 21:15,zVJPv84UY57bAof,0,0,7480,7136015.000
24-05-2020 19:00,adLQvlD726eNBSB,0,0,8397,6346131.000
02-06-2020 04:45,zBIq5rxdHJRwDNY,0,0,0,6469033.000
13-06-2020 10:00,uHbuxQJl8lW7ozc,8974.38,876.775,1817.38,7253911.375
11-06-2020 06:00,WRmjgnKYAwPKWDb,0,0,0,7227367.000
30-05-2020 15:30,z9Y9gH1T5YWrNuG,8286.75,811,6096.75,7126551.750
25-05-2020 20:30,ZnxXDlPa8U1GXgE,0,0,8910,6604666.000
25-05-2020 18:30,sjndEbLyjtCKgGv,39.5,3.8125,8759.62,7098110.625
08-06-2020 12:45,ih0vzX44oOqAx2f,8025,784.914,4718.43,6363410.429
17-05-2020 13:15,pkci93gMrogZuBj,5512.88,540.013,4819.88,7186469.875
21-05-2020 23:30,iCRJl6heRkivqQ3,0,0,7837,7227442.000
15-05-2020 14:45,bvBOhCH3iADSZry,6917.62,677.2,4498.62,6321301.625
08-06-2020 20:45,ih0vzX44oOqAx2f,0,0,8217,6366909.000
24-05-2020 17:15,zBIq5rxdHJRwDNY,2739.29,268.857,7145.14,6411626.143
01-06-2020 15:45,ZnxXDlPa8U1GXgE,1457.62,142,5617.88,6655142.875
30-05-2020 08:00,wCURE6d3bPkepu2,3004.57,295.043,287.857,6896167.857
14-06-2020 03:00,7JYdWkrLSPkdwr4,0,0,0,7820852.000
10-06-2020 16:15,adLQvlD726eNBSB,5442.71,533.457,6232.57,6476509.571
25-05-2020 06:15,ZnxXDlPa8U1GXgE,129.25,12.5125,0.25,6595756.250
05-06-2020 09:00,YxYtjZvoooNbGkE,6059.71,593.314,875.286,7335761.286
17-06-2020 17:45,7JYdWkrLSPkdwr4,936.286,90.9286,5822,7846787.000
10-06-2020 04:30,sjndEbLyjtCKgGv,0,0,0,7209095.000
08-06-2020 21:45,z9Y9gH1T5YWrNuG,0,0,7793,7191424.000
16-05-2020 11:00,pkci93gMrogZuBj,7445.88,728.913,2218.5,7177695.500
11-06-2020 07:00,1BY6WEcLGh8j5v7,705.375,68.4,30.375,6445011.375
22-05-2020 07:45,3PZuoBAID5Wc2HD,4727.25,463.7,377.5,7037678.500
12-06-2020 23:15,bvBOhCH3iADSZry,0,0,5372,6509779.000
08-06-2020 05:45,z9Y9gH1T5YWrNuG,0,0,0,7183631.000
28-05-2020 05:45,zBIq5rxdHJRwDNY,0,0,0,6434083.000
12-06-2020 10:00,uHbuxQJl8lW7ozc,5822.71,570.586,1075.29,7247281.286
16-06-2020 13:30,iCRJl6heRkivqQ3,7978.86,780.814,4330.86,7418331.857
31-05-2020 02:15,YxYtjZvoooNbGkE,0,0,0,7299769.000
02-06-2020 15:00,ZnxXDlPa8U1GXgE,6892.57,674.886,6353.57,6661796.571
06-06-2020 07:00,YxYtjZvoooNbGkE,2591.62,254.213,96.375,7342585.375
15-05-2020 20:30,iCRJl6heRkivqQ3,0,0,6418,7184410.000
23-05-2020 23:30,zBIq5rxdHJRwDNY,0,0,8674,6404481.000
14-06-2020 09:15,VHMLBKoKgIrUVDU,8649.14,846.3,1066.43,7430632.429
03-06-2020 23:00,iCRJl6heRkivqQ3,0,0,7883,7325696.000
31-05-2020 23:30,ih0vzX44oOqAx2f,0,0,5965,6308232.000
15-06-2020 03:00,pkci93gMrogZuBj,0,0,0,7396422.000
06-06-2020 08:00,3PZuoBAID5Wc2HD,5655,554.237,525.625,7153011.625
17-06-2020 07:30,iCRJl6heRkivqQ3,3322.62,326.538,125,7420431.000
10-06-2020 19:00,ZoEaEvLYb1n2sOq,0,0,6392,7296071.000
02-06-2020 17:00,1IF53ai7Xc0U56Y,2792.43,274.086,7224.29,6324668.286
24-05-2020 12:45,7JYdWkrLSPkdwr4,12506.7,1219.4,4736.71,7671956.714
17-05-2020 03:30,bvBOhCH3iADSZry,0,0,0,6328648.000
15-06-2020 00:45,z9Y9gH1T5YWrNuG,0,0,0,7232468.000
25-05-2020 07:15,WRmjgnKYAwPKWDb,2632.5,258.275,134.375,7101251.375
20-05-2020 10:30,z9Y9gH1T5YWrNuG,10981.8,1073.21,2437.75,7042902.750
08-06-2020 10:45,wCURE6d3bPkepu2,11869.6,1158.03,2731.14,6962258.143
17-05-2020 11:30,bvBOhCH3iADSZry,10760.8,1050.25,3156,6331804.000
15-05-2020 18:00,zBIq5rxdHJRwDNY,302.143,29.1857,6389.86,6345769.857
19-05-2020 21:45,McdE0feGgRqW7Ca,0,0,7007,7192098.000
07-06-2020 02:30,WRmjgnKYAwPKWDb,0,0,0,7196611.000
24-05-2020 13:15,zBIq5rxdHJRwDNY,10807.5,1056.28,4761.88,6409242.875
29-05-2020 19:45,1IF53ai7Xc0U56Y,0,0,8253,6298211.000
04-06-2020 01:30,zVJPv84UY57bAof,0,0,0,7263053.000
08-06-2020 16:30,pkci93gMrogZuBj,6118.86,599.643,7865.71,7353997.714
12-06-2020 10:15,VHMLBKoKgIrUVDU,8139.29,796.571,1232.43,7416243.429
15-06-2020 02:45,McdE0feGgRqW7Ca,0,0,0,7389358.000
02-06-2020 00:45,ZoEaEvLYb1n2sOq,0,0,0,7228440.000
13-06-2020 06:45,iCRJl6heRkivqQ3,1035,100.586,35.7143,7391394.714
31-05-2020 02:00,VHMLBKoKgIrUVDU,0,0,0,7328329.000
17-06-2020 08:30,McdE0feGgRqW7Ca,4138.14,406.543,493,7403088.000
24-05-2020 08:45,WRmjgnKYAwPKWDb,4790.86,469.943,843,7093869.000
12-06-2020 12:00,wCURE6d3bPkepu2,10644.6,1039.84,2640.29,6990694.286
07-06-2020 07:45,1BY6WEcLGh8j5v7,2298.88,225.4,218,6418700.000
27-05-2020 14:30,rGa61gmuvPhdLxV,8244.25,806.062,5149,7205018.000
18-05-2020 05:30,ih0vzX44oOqAx2f,0,0,0,6205201.000
04-06-2020 17:45,WRmjgnKYAwPKWDb,1718.12,168.075,7991.62,7182618.625
15-05-2020 19:15,zVJPv84UY57bAof,0,0,5965,7122116.000
14-06-2020 03:45,bvBOhCH3iADSZry,0,0,0,6517642.000
30-05-2020 02:00,z9Y9gH1T5YWrNuG,0,0,0,7120455.000
05-06-2020 23:00,uHbuxQJl8lW7ozc,0,0,7838,7202373.000
27-05-2020 08:15,sjndEbLyjtCKgGv,5889.86,577.143,516.571,7106405.571
05-06-2020 03:30,wCURE6d3bPkepu2,0,0,0,6939021.000
18-05-2020 12:30,1BY6WEcLGh8j5v7,7755.43,759.214,1913.86,6280563.857
29-05-2020 22:15,ih0vzX44oOqAx2f,0,0,7951,6295121.000
26-05-2020 02:00,7JYdWkrLSPkdwr4,0,0,0,7684020.000
26-05-2020 05:00,McdE0feGgRqW7Ca,0,0,0,7241649.000
14-06-2020 21:15,7JYdWkrLSPkdwr4,0,0,7306,7828158.000
08-06-2020 08:30,1BY6WEcLGh8j5v7,4922.71,482.8,514.857,6424264.857
06-06-2020 05:00,ih0vzX44oOqAx2f,0,0,0,6344476.000
18-05-2020 19:15,z9Y9gH1T5YWrNuG,0,0,5347,7033573.000
16-05-2020 14:45,bvBOhCH3iADSZry,6805.62,666.562,5161.12,6327671.125
27-05-2020 00:15,WRmjgnKYAwPKWDb,0,0,0,7117880.000
24-05-2020 03:00,McdE0feGgRqW7Ca,0,0,0,7224636.000
11-06-2020 19:30,z9Y9gH1T5YWrNuG,0,0,5599,7211064.000
25-05-2020 00:15,bvBOhCH3iADSZry,0,0,0,6384212.000
07-06-2020 08:00,3PZuoBAID5Wc2HD,3415.5,335.688,310.125,7159292.125
26-05-2020 09:45,zBIq5rxdHJRwDNY,9712.71,949.829,1648,6421849.000
29-05-2020 16:45,adLQvlD726eNBSB,3618,355.629,8091.14,6387100.143
07-06-2020 10:30,McdE0feGgRqW7Ca,9806.38,958.6,1922.12,7333082.125
25-05-2020 08:00,uHbuxQJl8lW7ozc,2992.71,293.457,349.143,7112201.143
01-06-2020 06:00,WRmjgnKYAwPKWDb,70.75,6.8125,0.375,7153866.375
25-05-2020 22:30,zVJPv84UY57bAof,0,0,8813,7197609.000
15-06-2020 14:15,bvBOhCH3iADSZry,5622,550.614,4721.71,6526321.714
15-05-2020 12:15,7JYdWkrLSPkdwr4,9782.75,955.45,2815.88,7605775.875
17-05-2020 03:45,iCRJl6heRkivqQ3,0,0,0,7190848.000
17-06-2020 16:45,wCURE6d3bPkepu2,1177.38,114.513,5718.25,7028436.250
28-05-2020 12:45,WRmjgnKYAwPKWDb,11452.4,1117.79,5209.29,7129747.286
17-05-2020 10:00,YxYtjZvoooNbGkE,10047,982,1794.75,7194526.750
25-05-2020 19:45,ZnxXDlPa8U1GXgE,0,0,8910,6604666.000
30-05-2020 11:15,z9Y9gH1T5YWrNuG,10984.2,1072.08,1874,7122329.000
14-06-2020 07:00,VHMLBKoKgIrUVDU,1979.88,193.863,73.125,7429639.125
16-06-2020 04:00,3PZuoBAID5Wc2HD,0,0,0,7225042.000
17-06-2020 11:15,1IF53ai7Xc0U56Y,8135.43,796.243,2161.14,6429693.143
14-06-2020 07:15,1BY6WEcLGh8j5v7,2935.86,288.286,123.286,6463786.286
26-05-2020 19:15,1BY6WEcLGh8j5v7,0,0,0,6343669.000
08-06-2020 18:45,zBIq5rxdHJRwDNY,0,0,8358,6523269.000
15-05-2020 09:00,McdE0feGgRqW7Ca,7378.43,722.3,757.714,7159721.714
09-06-2020 14:45,pkci93gMrogZuBj,8811.14,861.914,6500.86,7360976.857
17-06-2020 16:30,7JYdWkrLSPkdwr4,1821.14,178.414,5658.57,7846623.571
30-05-2020 19:30,7JYdWkrLSPkdwr4,0,0,7143,7721978.000
18-05-2020 22:30,3PZuoBAID5Wc2HD,0,0,5435,7013918.000
07-06-2020 12:30,iCRJl6heRkivqQ3,13237,1290.61,4304.25,7352538.250
15-06-2020 08:45,adLQvlD726eNBSB,7734.25,757.087,965.125,6506051.125
17-05-2020 07:15,uHbuxQJl8lW7ozc,2311.75,226.662,96.625,7051435.625
12-06-2020 13:45,WRmjgnKYAwPKWDb,9459.14,925.143,3991.14,7236977.143
21-05-2020 09:15,WRmjgnKYAwPKWDb,8818.5,862.737,1268.62,7070993.625
03-06-2020 03:30,7JYdWkrLSPkdwr4,0,0,0,7740873.000
01-06-2020 07:45,uHbuxQJl8lW7ozc,4879.43,478.414,359.714,7165712.714
02-06-2020 03:00,McdE0feGgRqW7Ca,0,0,0,7292752.000
20-05-2020 18:45,1BY6WEcLGh8j5v7,0,0,8249,6298346.000
10-06-2020 21:45,McdE0feGgRqW7Ca,0,0,6606,7361623.000
15-05-2020 05:15,sjndEbLyjtCKgGv,0,0,0,7016832.000
04-06-2020 00:00,iCRJl6heRkivqQ3,0,0,985.375,7325696.000
15-06-2020 11:30,1BY6WEcLGh8j5v7,8682.25,848.562,3201,6470876.000
27-05-2020 02:15,VHMLBKoKgIrUVDU,0,0,0,7297615.000
21-05-2020 20:45,WRmjgnKYAwPKWDb,0,0,0,7077358.000
17-06-2020 17:45,sjndEbLyjtCKgGv,956,92.8571,5852,7261646.000
29-05-2020 18:15,ih0vzX44oOqAx2f,130.286,12.5714,7949.29,6295119.286
25-05-2020 17:30,z9Y9gH1T5YWrNuG,698,67.6143,8765.29,7089403.286
27-05-2020 14:00,ZnxXDlPa8U1GXgE,4264.75,418.925,5012.5,6617661.500
19-05-2020 04:15,zBIq5rxdHJRwDNY,0,0,0,6365047.000
05-06-2020 01:45,uHbuxQJl8lW7ozc,0,0,0,7194535.000
26-05-2020 00:15,VHMLBKoKgIrUVDU,0,0,0,7289525.000
08-06-2020 08:30,YxYtjZvoooNbGkE,5303,519.929,532.143,7357499.143
26-05-2020 19:15,adLQvlD726eNBSB,0,0,0,6363516.000
07-06-2020 05:30,rGa61gmuvPhdLxV,0,0,0,7279501.000
07-06-2020 00:15,ZnxXDlPa8U1GXgE,0,0,0,6693054.000
28-05-2020 07:45,7JYdWkrLSPkdwr4,4356.12,427.688,325.75,7698875.750
08-06-2020 20:45,1IF53ai7Xc0U56Y,0,0,8495,6371833.000
23-05-2020 02:30,7JYdWkrLSPkdwr4,0,0,0,7658770.000
25-05-2020 20:45,iCRJl6heRkivqQ3,0,0,8869,7260130.000
07-06-2020 01:00,ZnxXDlPa8U1GXgE,0,0,0,6693054.000
16-06-2020 23:00,iCRJl6heRkivqQ3,0,0,6305,7420306.000
29-05-2020 18:45,WRmjgnKYAwPKWDb,0,0,8038,7140899.000
26-05-2020 06:15,zBIq5rxdHJRwDNY,381.571,36.8714,6.57143,6420207.571
31-05-2020 09:30,3PZuoBAID5Wc2HD,6047.29,592.471,1017.43,7110505.429
22-05-2020 11:15,iCRJl6heRkivqQ3,7450.75,728.538,2380.38,7229822.375
24-05-2020 15:30,iCRJl6heRkivqQ3,3637.75,357.238,7276.88,7250496.875
10-06-2020 19:30,McdE0feGgRqW7Ca,0,0,6606,7361623.000
28-05-2020 05:15,1BY6WEcLGh8j5v7,0,0,0,6349833.000
26-05-2020 04:15,1BY6WEcLGh8j5v7,0,0,0,6336208.000
12-06-2020 09:30,zVJPv84UY57bAof,5363.43,525.686,761.857,7323448.857
14-06-2020 12:00,rGa61gmuvPhdLxV,7342.14,718.9,3394,7334064.000
08-06-2020 10:30,z9Y9gH1T5YWrNuG,12823.5,1250.3,2445.62,7186076.625
24-05-2020 00:30,wCURE6d3bPkepu2,0,0,0,6847830.000
17-06-2020 04:30,WRmjgnKYAwPKWDb,0,0,0,7267579.000
26-05-2020 19:30,bvBOhCH3iADSZry,0,0,0,6399700.000
25-05-2020 12:15,ZnxXDlPa8U1GXgE,12722.9,1240.5,4586.71,6600342.714
27-05-2020 20:00,pkci93gMrogZuBj,0,0,0,7264985.000
30-05-2020 10:30,zVJPv84UY57bAof,5309.5,520.438,1384.75,7230071.750
27-05-2020 14:15,ih0vzX44oOqAx2f,3827.29,376.114,5001.57,6277292.571
30-05-2020 08:45,iCRJl6heRkivqQ3,3452,339.371,572.143,7291825.143
24-05-2020 07:45,rGa61gmuvPhdLxV,3621,355.762,275.5,7175568.500
03-06-2020 00:15,ZoEaEvLYb1n2sOq,0,0,0,7235727.000
10-06-2020 18:15,VHMLBKoKgIrUVDU,120,11.575,6478.25,7409294.250
14-06-2020 03:15,ZoEaEvLYb1n2sOq,0,0,0,7315763.000
14-06-2020 15:45,7JYdWkrLSPkdwr4,5896.14,577.757,6726.71,7827578.714
16-05-2020 02:15,McdE0feGgRqW7Ca,0,0,0,7165435.000
24-05-2020 17:15,wCURE6d3bPkepu2,2769.88,271.837,7828.25,6855658.250
15-06-2020 23:15,7JYdWkrLSPkdwr4,0,0,6641,7834799.000
30-05-2020 12:45,1IF53ai7Xc0U56Y,10726.4,1047.13,3514.71,6301725.714
12-06-2020 04:00,wCURE6d3bPkepu2,0,0,0,6988054.000
29-05-2020 21:00,ih0vzX44oOqAx2f,0,0,7951,6295121.000
07-06-2020 13:45,ZnxXDlPa8U1GXgE,6808.14,666.414,5772.71,6698826.714
18-05-2020 14:15,iCRJl6heRkivqQ3,4984.38,488.788,3689,7202056.000
19-05-2020 20:15,uHbuxQJl8lW7ozc,0,0,6997,7071198.000
03-06-2020 01:15,bvBOhCH3iADSZry,0,0,0,6445487.000
16-05-2020 20:30,VHMLBKoKgIrUVDU,0,0,6714,7219380.000
22-05-2020 12:15,VHMLBKoKgIrUVDU,9596.43,938.086,3629.86,7259990.857
10-06-2020 19:00,WRmjgnKYAwPKWDb,0,0,6389,7227367.000
11-06-2020 09:45,ZnxXDlPa8U1GXgE,4817.86,472.371,821.429,6725031.429
04-06-2020 11:45,wCURE6d3bPkepu2,10582.2,1033.54,3341.75,6934117.750
17-06-2020 05:30,3PZuoBAID5Wc2HD,0,0,0,7231373.000
05-06-2020 15:00,7JYdWkrLSPkdwr4,8903.12,870.038,6002,7762623.000
28-05-2020 16:00,ZnxXDlPa8U1GXgE,2952.57,289.671,7976.43,6627352.429
25-05-2020 05:15,McdE0feGgRqW7Ca,0,0,0,7232691.000
14-06-2020 18:00,bvBOhCH3iADSZry,359,34.7,3947.88,6521589.875
31-05-2020 13:45,7JYdWkrLSPkdwr4,5999.29,586.571,4456.29,7726434.286
03-06-2020 09:30,ZnxXDlPa8U1GXgE,5997.88,587.675,1116.62,6664084.625
19-05-2020 01:15,ZoEaEvLYb1n2sOq,0,0,0,7123527.000
27-05-2020 19:15,ZnxXDlPa8U1GXgE,0,0,6727,6619376.000
31-05-2020 08:45,7JYdWkrLSPkdwr4,6641.12,650.25,544.125,7722522.125
09-06-2020 14:30,VHMLBKoKgIrUVDU,7787.88,761.55,6273,7400969.000
12-06-2020 00:45,3PZuoBAID5Wc2HD,0,0,0,7196186.000
23-05-2020 00:00,YxYtjZvoooNbGkE,0,0,0,7236121.000
29-05-2020 19:00,adLQvlD726eNBSB,0,0,8343,6387352.000
04-06-2020 11:30,zVJPv84UY57bAof,9629.25,941.05,3082,7266135.000
15-06-2020 23:30,bvBOhCH3iADSZry,0,0,6192,6527792.000
01-06-2020 01:30,ZoEaEvLYb1n2sOq,0,0,0,7222644.000
17-06-2020 02:00,7JYdWkrLSPkdwr4,0,0,0,7840965.000
06-06-2020 13:30,zVJPv84UY57bAof,8856.71,865.586,4736.57,7283826.571
29-05-2020 21:30,ZoEaEvLYb1n2sOq,0,0,0,7209600.000
27-05-2020 06:45,zBIq5rxdHJRwDNY,1408.43,137.357,44.8571,6427746.857
05-06-2020 18:30,z9Y9gH1T5YWrNuG,98.75,9.5375,7737.75,7170999.750
08-06-2020 19:45,adLQvlD726eNBSB,0,0,8620,6462004.000
24-05-2020 19:30,1IF53ai7Xc0U56Y,0,0,8273,6257480.000
18-05-2020 04:15,ZoEaEvLYb1n2sOq,0,0,0,7118208.000
02-06-2020 12:00,ih0vzX44oOqAx2f,8071.62,790,3385,6317368.000
16-05-2020 02:30,1IF53ai7Xc0U56Y,0,0,0,6190002.000
16-05-2020 19:00,7JYdWkrLSPkdwr4,0,0,6461,7615537.000
05-06-2020 03:30,7JYdWkrLSPkdwr4,0,0,0,7756621.000
31-05-2020 18:00,zBIq5rxdHJRwDNY,680.5,65.95,5923,6463224.000
13-06-2020 18:00,adLQvlD726eNBSB,593.875,57.4875,8758.75,6497480.750
21-05-2020 17:00,sjndEbLyjtCKgGv,1058.75,102.912,7758.88,7065819.875
30-05-2020 21:30,1BY6WEcLGh8j5v7,0,0,6754,6372128.000
07-06-2020 20:45,sjndEbLyjtCKgGv,0,0,6898,7192554.000
16-05-2020 13:00,rGa61gmuvPhdLxV,7705.14,754.171,3848.86,7121714.857
26-05-2020 04:30,1BY6WEcLGh8j5v7,0,0,0,6336208.000
07-06-2020 05:15,z9Y9gH1T5YWrNuG,0,0,0,7177289.000
20-05-2020 19:15,uHbuxQJl8lW7ozc,0,0,8913,7080111.000
16-06-2020 01:30,rGa61gmuvPhdLxV,0,0,0,7344704.000
11-06-2020 11:45,bvBOhCH3iADSZry,7646.25,748.575,1904.38,6501114.375
13-06-2020 03:15,1BY6WEcLGh8j5v7,0,0,0,6455679.000
19-05-2020 18:00,z9Y9gH1T5YWrNuG,0,0,6892,7040465.000
21-05-2020 13:00,sjndEbLyjtCKgGv,11382.7,1110.69,4921.86,7062982.857
27-05-2020 22:15,bvBOhCH3iADSZry,0,0,6133,6405833.000
16-05-2020 12:15,pkci93gMrogZuBj,7500.57,734.229,3181.57,7178658.571
09-06-2020 22:30,sjndEbLyjtCKgGv,0,0,8170,7209095.000
16-06-2020 07:00,iCRJl6heRkivqQ3,1440,140.488,61.875,7414062.875
24-05-2020 10:30,1BY6WEcLGh8j5v7,10336.9,1009.26,2050.12,6322453.125
27-05-2020 03:30,z9Y9gH1T5YWrNuG,0,0,0,7097183.000
17-05-2020 01:30,iCRJl6heRkivqQ3,0,0,0,7190848.000
25-05-2020 06:45,ZoEaEvLYb1n2sOq,1125.5,109.412,36.875,7170205.875
09-06-2020 16:45,1BY6WEcLGh8j5v7,3831.86,376.557,7166.86,6438780.857
25-05-2020 09:30,1BY6WEcLGh8j5v7,9003.14,880.786,1386,6329326.000
05-06-2020 03:45,wCURE6d3bPkepu2,0,0,0,6939021.000
12-06-2020 20:30,sjndEbLyjtCKgGv,0,0,5847,7227101.000
18-05-2020 15:15,uHbuxQJl8lW7ozc,8320.86,814.329,4367.29,7063160.286
26-05-2020 09:45,uHbuxQJl8lW7ozc,10066.1,984.2,1716.62,7122412.625
01-06-2020 03:00,1BY6WEcLGh8j5v7,0,0,0,6377931.000
17-06-2020 21:45,iCRJl6heRkivqQ3,0,0,5957,7426263.000
05-06-2020 16:00,uHbuxQJl8lW7ozc,7614.57,745.471,6892.14,7201427.143
14-06-2020 03:15,McdE0feGgRqW7Ca,0,0,0,7381923.000
10-06-2020 09:45,VHMLBKoKgIrUVDU,5945.38,582.538,1475.38,7404291.375
26-05-2020 00:15,ih0vzX44oOqAx2f,0,0,0,6264579.000
22-05-2020 10:30,rGa61gmuvPhdLxV,4814.86,472.343,1818.14,7162217.143
15-05-2020 07:00,wCURE6d3bPkepu2,1873.38,183.625,79,6782677.000
23-05-2020 09:30,bvBOhCH3iADSZry,7603,744.263,1360.12,6370268.125
18-05-2020 00:30,McdE0feGgRqW7Ca,0,0,0,7179627.000
15-06-2020 15:15,VHMLBKoKgIrUVDU,6167.38,604.188,5942.38,7442997.375
04-06-2020 07:00,1BY6WEcLGh8j5v7,1787,175.037,75.375,6397884.375
31-05-2020 04:15,uHbuxQJl8lW7ozc,0,0,0,7159272.000
01-06-2020 08:45,YxYtjZvoooNbGkE,6500.62,636.763,919.125,7306658.125
28-05-2020 21:30,1IF53ai7Xc0U56Y,0,0,8496,6289958.000
01-06-2020 14:45,YxYtjZvoooNbGkE,2966.12,291.25,5261.5,7311000.500
22-05-2020 05:15,VHMLBKoKgIrUVDU,0,0,0,7256361.000
18-05-2020 00:00,z9Y9gH1T5YWrNuG,0,0,1871.5,7028226.000
20-05-2020 22:15,VHMLBKoKgIrUVDU,0,0,8982,7248524.000
14-06-2020 09:15,ZnxXDlPa8U1GXgE,8328.43,815.029,1035.86,6745378.857
16-06-2020 11:30,bvBOhCH3iADSZry,5547.14,543.657,2802,6530594.000
27-05-2020 01:00,zBIq5rxdHJRwDNY,0,0,0,6427702.000
28-05-2020 02:00,iCRJl6heRkivqQ3,0,0,0,7274692.000
05-06-2020 09:45,iCRJl6heRkivqQ3,5658.75,554.575,1504.5,7335504.500
17-05-2020 23:00,iCRJl6heRkivqQ3,0,0,7519,7198367.000
14-06-2020 10:30,ZnxXDlPa8U1GXgE,10757,1050.61,2066.38,6746409.375
17-05-2020 02:15,ZoEaEvLYb1n2sOq,0,0,0,7110744.000
22-05-2020 04:30,3PZuoBAID5Wc2HD,0,0,0,7037301.000
06-06-2020 18:45,1IF53ai7Xc0U56Y,0,0,6542,6355099.000
04-06-2020 08:30,ZoEaEvLYb1n2sOq,5636.62,552.425,632,7244133.000
23-05-2020 23:00,bvBOhCH3iADSZry,0,0,7864,6376772.000
05-06-2020 23:30,1IF53ai7Xc0U56Y,0,0,0,6348557.000
25-05-2020 02:45,1BY6WEcLGh8j5v7,0,0,0,6327940.000
18-05-2020 20:45,7JYdWkrLSPkdwr4,0,0,5309,7628372.000
25-05-2020 11:45,z9Y9gH1T5YWrNuG,12581.4,1226.69,3925.71,7084563.714
13-06-2020 06:45,zVJPv84UY57bAof,1030.29,100.129,34.8571,7328584.857
24-05-2020 07:45,ZoEaEvLYb1n2sOq,3901,383.3,277.625,7162461.625
17-05-2020 06:15,pkci93gMrogZuBj,104.75,10.1,0.875,7181650.875
04-06-2020 14:45,bvBOhCH3iADSZry,9663.57,944.657,5657.57,6458381.571
13-06-2020 18:00,zVJPv84UY57bAof,596,57.7,8394.38,7336944.375
18-05-2020 15:15,1IF53ai7Xc0U56Y,7895.29,772.829,4420.57,6208773.571
05-06-2020 05:00,McdE0feGgRqW7Ca,0,0,0,7316761.000
18-05-2020 07:30,WRmjgnKYAwPKWDb,3453.5,339.25,209.875,7049313.875
23-05-2020 23:00,rGa61gmuvPhdLxV,0,0,8152,7175293.000
02-06-2020 11:30,ZoEaEvLYb1n2sOq,6302.62,617.462,2993,7231433.000
08-06-2020 04:00,McdE0feGgRqW7Ca,0,0,0,7338202.000
05-06-2020 02:00,3PZuoBAID5Wc2HD,0,0,0,7144703.000
09-06-2020 13:15,bvBOhCH3iADSZry,9777,955.038,4783.75,6490769.750
11-06-2020 04:45,zVJPv84UY57bAof,0,0,0,7317016.000
01-06-2020 12:00,pkci93gMrogZuBj,5957.29,583.614,3349.57,7298140.571
19-05-2020 01:45,bvBOhCH3iADSZry,0,0,0,6340538.000
17-06-2020 17:30,uHbuxQJl8lW7ozc,1365.6,132.94,5895.4,7286930.400
23-05-2020 02:15,z9Y9gH1T5YWrNuG,0,0,0,7064219.000
28-05-2020 17:30,iCRJl6heRkivqQ3,1138.43,110.771,8297.43,7282989.429
14-06-2020 00:00,rGa61gmuvPhdLxV,0,0,0,7330670.000
05-06-2020 06:00,uHbuxQJl8lW7ozc,0,0,0,7194535.000
04-06-2020 07:30,sjndEbLyjtCKgGv,2572.5,252.588,194.25,7163487.250
08-06-2020 12:00,zVJPv84UY57bAof,10506.8,1027.06,4048,7297838.000
18-05-2020 20:45,wCURE6d3bPkepu2,0,0,5393,6808393.000
01-06-2020 23:30,3PZuoBAID5Wc2HD,0,0,5965,7121269.000
03-06-2020 19:15,ZnxXDlPa8U1GXgE,0,0,7916,6670884.000
11-06-2020 16:45,7JYdWkrLSPkdwr4,3135.57,307.957,5348,7806439.000
08-06-2020 10:45,bvBOhCH3iADSZry,11424.9,1114.74,2518.38,6480811.375
20-05-2020 18:30,3PZuoBAID5Wc2HD,34.5714,3.34286,8982,7029494.000
25-05-2020 08:15,3PZuoBAID5Wc2HD,6372.88,624.325,511.625,7062079.625
30-05-2020 11:30,adLQvlD726eNBSB,8445.88,826.112,2174.5,6389526.500
13-06-2020 23:15,uHbuxQJl8lW7ozc,0,0,8437,7260531.000
06-06-2020 01:00,zVJPv84UY57bAof,0,0,0,7279090.000
01-06-2020 13:15,zVJPv84UY57bAof,8242.62,806.188,4427.88,7246451.875
06-06-2020 12:00,iCRJl6heRkivqQ3,8154.14,796.7,3405,7345208.000
10-06-2020 02:00,z9Y9gH1T5YWrNuG,0,0,0,7199053.000
10-06-2020 12:45,McdE0feGgRqW7Ca,11326.4,1105.4,3942.12,7358959.125
17-06-2020 10:00,pkci93gMrogZuBj,6267.71,614.071,1265.71,7410743.714
03-06-2020 12:45,ZoEaEvLYb1n2sOq,12556.6,1224.8,4000.43,7239727.429
19-05-2020 06:30,McdE0feGgRqW7Ca,176.286,17.0286,4.71429,7185095.714
12-06-2020 07:30,1IF53ai7Xc0U56Y,959,93.1571,91.2857,6392415.286
24-05-2020 13:15,ih0vzX44oOqAx2f,11763.9,1147.26,5116,6254054.000
24-05-2020 09:45,WRmjgnKYAwPKWDb,6263.14,613.171,1615.14,7094641.143
12-06-2020 20:30,bvBOhCH3iADSZry,0,0,5372,6509779.000
09-06-2020 06:30,ZnxXDlPa8U1GXgE,866.286,84.0857,25.5714,6709723.571
05-06-2020 04:45,rGa61gmuvPhdLxV,0,0,0,7265349.000
15-05-2020 04:30,3PZuoBAID5Wc2HD,0,0,0,6987759.000
10-06-2020 00:15,1IF53ai7Xc0U56Y,0,0,0,6380022.000
03-06-2020 05:45,zBIq5rxdHJRwDNY,0,0,0,6476454.000
12-06-2020 04:30,ih0vzX44oOqAx2f,0,0,0,6386553.000
24-05-2020 05:30,z9Y9gH1T5YWrNuG,0,0,0,7072762.000
06-06-2020 05:30,YxYtjZvoooNbGkE,0,0,0,7342489.000
17-06-2020 17:45,zBIq5rxdHJRwDNY,929.857,90.3,5782,6583334.000
15-05-2020 17:15,ZoEaEvLYb1n2sOq,2326.57,228.157,6186.14,7104285.143
12-06-2020 04:15,adLQvlD726eNBSB,0,0,0,6482734.000
13-06-2020 19:00,uHbuxQJl8lW7ozc,0,0,8437,7260531.000
21-05-2020 11:00,zVJPv84UY57bAof,10261.9,1001.62,2732.38,7159911.375
10-06-2020 10:30,pkci93gMrogZuBj,7469.43,730.814,1822.86,7364538.857
06-06-2020 11:15,WRmjgnKYAwPKWDb,12497.4,1219.19,2948.38,7193218.375
29-05-2020 07:45,pkci93gMrogZuBj,2710.71,265.871,252,7273510.000
02-06-2020 01:00,bvBOhCH3iADSZry,0,0,0,6438645.000
17-06-2020 02:15,wCURE6d3bPkepu2,0,0,0,7022718.000
13-06-2020 08:30,7JYdWkrLSPkdwr4,6985.43,684.114,724.714,7813141.714
23-05-2020 19:45,zBIq5rxdHJRwDNY,0,0,8674,6404481.000
15-06-2020 13:15,ZnxXDlPa8U1GXgE,5664,555.2,4741.43,6756488.429
17-06-2020 05:30,iCRJl6heRkivqQ3,0,0,0,7420306.000
06-06-2020 03:15,1BY6WEcLGh8j5v7,0,0,0,6412542.000
22-05-2020 14:30,3PZuoBAID5Wc2HD,11067.6,1081.14,5956.75,7043257.750
21-05-2020 08:45,WRmjgnKYAwPKWDb,7768,760.45,862.5,7070587.500
04-06-2020 04:15,iCRJl6heRkivqQ3,0,0,0,7325696.000
28-05-2020 21:15,pkci93gMrogZuBj,0,0,8273,7273258.000
11-06-2020 19:30,pkci93gMrogZuBj,0,0,5662,7374956.000
01-06-2020 06:30,pkci93gMrogZuBj,956.625,92.925,22.875,7294813.875
11-06-2020 16:00,1BY6WEcLGh8j5v7,4401.62,432.137,4775.12,6449756.125
18-05-2020 22:15,VHMLBKoKgIrUVDU,0,0,5457,7232554.000
11-06-2020 09:30,1IF53ai7Xc0U56Y,4531.62,444.775,714.25,6387334.250
18-05-2020 00:30,uHbuxQJl8lW7ozc,0,0,0,7058793.000
27-05-2020 05:30,1BY6WEcLGh8j5v7,0,0,0,6343669.000
01-06-2020 17:30,YxYtjZvoooNbGkE,699.75,67.8375,5731.5,7311470.500
06-06-2020 06:15,rGa61gmuvPhdLxV,403.286,39,7.14286,7273097.143
10-06-2020 02:30,bvBOhCH3iADSZry,0,0,0,6493347.000
09-06-2020 19:15,rGa61gmuvPhdLxV,0,0,8240,7304204.000
14-06-2020 18:00,ZnxXDlPa8U1GXgE,395.875,38.25,7391.12,6751734.125
19-05-2020 06:15,1IF53ai7Xc0U56Y,88.625,8.55,1.375,6209807.375
03-06-2020 08:15,zBIq5rxdHJRwDNY,4498.29,441.586,446.857,6476900.857
15-05-2020 17:15,1BY6WEcLGh8j5v7,2011.38,197.188,5687.75,6265246.750
28-05-2020 00:30,z9Y9gH1T5YWrNuG,0,0,0,7103885.000
30-05-2020 10:30,3PZuoBAID5Wc2HD,5267.88,516.375,1428.75,7103617.750
30-05-2020 04:30,zVJPv84UY57bAof,0,0,0,7228687.000
31-05-2020 05:30,uHbuxQJl8lW7ozc,0,0,0,7159272.000
18-05-2020 14:45,zBIq5rxdHJRwDNY,6424.12,629.3,3974.5,6363631.500
06-06-2020 12:15,iCRJl6heRkivqQ3,9155.12,894.025,3667.88,7345470.875
24-05-2020 01:45,adLQvlD726eNBSB,0,0,0,6337734.000
17-05-2020 16:00,McdE0feGgRqW7Ca,6147.38,602.15,7073.88,7179094.875
16-06-2020 12:45,z9Y9gH1T5YWrNuG,7327.71,716.843,3761.71,7242945.714
12-06-2020 14:15,ZoEaEvLYb1n2sOq,7179.86,703.1,4377.57,7306009.571
23-05-2020 00:00,zVJPv84UY57bAof,0,0,0,7172294.000
01-06-2020 19:00,zVJPv84UY57bAof,0,0,5742,7247766.000
16-06-2020 15:30,YxYtjZvoooNbGkE,6479,634.686,5510.57,7418845.571
09-06-2020 15:45,ih0vzX44oOqAx2f,7416.12,726.125,6980.38,6373889.375
29-05-2020 15:00,McdE0feGgRqW7Ca,7786.43,762.2,6908.71,7271864.714
05-06-2020 02:15,1BY6WEcLGh8j5v7,0,0,0,6405380.000
19-05-2020 02:45,ZoEaEvLYb1n2sOq,0,0,0,7123527.000
23-05-2020 15:15,1BY6WEcLGh8j5v7,8059.43,788.771,6740.29,6319177.286
13-06-2020 13:45,adLQvlD726eNBSB,8089.57,791.643,6226,6494948.000
14-06-2020 03:45,ZnxXDlPa8U1GXgE,0,0,0,6744343.000
17-05-2020 08:30,ZnxXDlPa8U1GXgE,5675.62,556.3,631.75,6535783.750
28-05-2020 15:15,WRmjgnKYAwPKWDb,8365.25,818.587,7340.5,7131878.500
01-06-2020 12:15,ih0vzX44oOqAx2f,6182.43,605.7,3779.14,6312011.143
13-06-2020 22:45,YxYtjZvoooNbGkE,0,0,8380,7399439.000
31-05-2020 05:45,ZnxXDlPa8U1GXgE,0,0,0,6643383.000
06-06-2020 19:30,ih0vzX44oOqAx2f,0,0,6197,6350673.000
12-06-2020 07:45,ih0vzX44oOqAx2f,1306.88,127.287,115.125,6386668.125
10-06-2020 06:15,3PZuoBAID5Wc2HD,466.714,45.1429,7,7183926.000
19-05-2020 06:15,WRmjgnKYAwPKWDb,83.75,8.1125,0.625,7054452.625
22-05-2020 10:00,sjndEbLyjtCKgGv,6914.29,677,1446,7067332.000
03-06-2020 14:15,ih0vzX44oOqAx2f,9337.12,913.225,5541.75,6326852.750
20-05-2020 18:15,sjndEbLyjtCKgGv,356.143,34.4143,8772.29,7058056.286
08-06-2020 08:45,pkci93gMrogZuBj,7168.38,701.925,690.625,7346822.625
19-05-2020 17:45,ZoEaEvLYb1n2sOq,533.143,51.6571,6800.86,7130327.857
09-06-2020 18:45,1IF53ai7Xc0U56Y,0,0,8189,6380022.000
26-05-2020 04:15,WRmjgnKYAwPKWDb,0,0,0,7109996.000
31-05-2020 06:00,pkci93gMrogZuBj,95,9.17143,0.714286,7288876.714
29-05-2020 13:00,1BY6WEcLGh8j5v7,11814.9,1151.96,4612.86,6362422.857
07-06-2020 01:00,uHbuxQJl8lW7ozc,0,0,0,7208855.000
09-06-2020 16:00,1IF53ai7Xc0U56Y,6358.88,622.975,7492.38,6379325.375
01-06-2020 02:15,ZoEaEvLYb1n2sOq,0,0,0,7222644.000
22-05-2020 11:30,McdE0feGgRqW7Ca,12551.1,1224.53,2361.14,7211416.143
23-05-2020 19:15,7JYdWkrLSPkdwr4,0,0,8450,7667220.000
11-06-2020 22:30,1IF53ai7Xc0U56Y,0,0,5704,6392324.000
15-05-2020 03:15,bvBOhCH3iADSZry,0,0,0,6316803.000
13-06-2020 06:15,WRmjgnKYAwPKWDb,373.125,36.075,7,7238787.000
10-06-2020 03:00,3PZuoBAID5Wc2HD,0,0,0,7183919.000
21-05-2020 13:30,7JYdWkrLSPkdwr4,12160.1,1186.39,5395.71,7649375.714
19-05-2020 20:45,WRmjgnKYAwPKWDb,0,0,0,7060932.000
10-06-2020 06:15,McdE0feGgRqW7Ca,424.429,41.0429,7.14286,7355024.143
04-06-2020 14:15,ZnxXDlPa8U1GXgE,7270.57,711.2,5787.43,6676671.429
16-06-2020 14:00,pkci93gMrogZuBj,6873.29,672.786,4605.14,7407822.143
21-05-2020 20:15,pkci93gMrogZuBj,0,0,7778,7217976.000
24-05-2020 12:15,rGa61gmuvPhdLxV,12678,1236.09,3885.57,7179178.571
28-05-2020 19:15,iCRJl6heRkivqQ3,0,0,8345,7283037.000
04-06-2020 00:00,1IF53ai7Xc0U56Y,0,0,0,6332659.000
07-06-2020 15:30,adLQvlD726eNBSB,8112.86,793.957,7288.57,6452319.571
24-05-2020 12:30,ih0vzX44oOqAx2f,11513.7,1123.36,4253.29,6253191.286
25-05-2020 11:30,ZnxXDlPa8U1GXgE,12444.8,1213.36,3651.62,6599407.625
03-06-2020 15:45,McdE0feGgRqW7Ca,6829.38,668.8,7203.12,7307562.125
31-05-2020 22:45,VHMLBKoKgIrUVDU,0,0,6076,7334405.000
25-05-2020 06:30,McdE0feGgRqW7Ca,711.286,68.9,16.4286,7232707.429
19-05-2020 14:00,adLQvlD726eNBSB,8748.57,855.914,4924.14,6302740.143
27-05-2020 00:30,zBIq5rxdHJRwDNY,0,0,0,6427702.000
01-06-2020 01:30,uHbuxQJl8lW7ozc,0,0,0,7165353.000
04-06-2020 03:45,adLQvlD726eNBSB,0,0,0,6422267.000
01-06-2020 10:30,iCRJl6heRkivqQ3,11584.3,1130.3,2234.86,7306801.857
13-06-2020 01:15,7JYdWkrLSPkdwr4,0,0,0,7812417.000
16-05-2020 03:30,uHbuxQJl8lW7ozc,0,0,0,7045068.000
15-05-2020 02:00,ih0vzX44oOqAx2f,0,0,0,6185184.000
31-05-2020 09:15,wCURE6d3bPkepu2,5651.71,553.871,938.714,6904096.714
01-06-2020 22:15,ZnxXDlPa8U1GXgE,0,0,5918,6655443.000
28-05-2020 03:45,1BY6WEcLGh8j5v7,0,0,0,6349833.000
15-05-2020 12:00,iCRJl6heRkivqQ3,7039.29,689.171,2838.57,7180830.571
15-06-2020 06:15,7JYdWkrLSPkdwr4,466.25,45.0875,6.375,7828164.375
20-05-2020 08:15,zVJPv84UY57bAof,5855.62,573.788,533.75,7148870.750
03-06-2020 23:00,VHMLBKoKgIrUVDU,0,0,7917,7355661.000
30-05-2020 03:45,VHMLBKoKgIrUVDU,0,0,0,7321059.000
15-05-2020 09:45,ih0vzX44oOqAx2f,7024.5,687.85,1126.17,6186305.571
09-06-2020 20:30,YxYtjZvoooNbGkE,0,0,7958,7373268.000
23-05-2020 11:15,VHMLBKoKgIrUVDU,12569.1,1226.09,3100.88,7266821.875
01-06-2020 18:30,rGa61gmuvPhdLxV,24.375,2.35,5636.75,7241968.750
22-05-2020 05:15,z9Y9gH1T5YWrNuG,0,0,0,7057147.000
01-06-2020 05:30,McdE0feGgRqW7Ca,0,0,0,7286760.000
31-05-2020 03:30,wCURE6d3bPkepu2,0,0,0,6903158.000
15-05-2020 22:45,ih0vzX44oOqAx2f,0,0,0,6191360.000
13-06-2020 06:45,bvBOhCH3iADSZry,1017.29,98.8429,34.2857,6509813.286
26-05-2020 05:45,rGa61gmuvPhdLxV,0,0,0,7192102.000
15-06-2020 18:45,WRmjgnKYAwPKWDb,0,0,6731,7261315.000
15-06-2020 00:00,ih0vzX44oOqAx2f,0,0,895.625,6407683.000
16-06-2020 06:30,ih0vzX44oOqAx2f,683.875,66.275,11.375,6414258.375
13-06-2020 04:45,VHMLBKoKgIrUVDU,0,0,0,7420914.000
25-05-2020 03:15,iCRJl6heRkivqQ3,0,0,0,7251261.000
01-06-2020 17:15,3PZuoBAID5Wc2HD,986.75,95.8875,5900.62,7121204.625
06-06-2020 08:00,ih0vzX44oOqAx2f,5079.14,497.957,478.429,6344954.429
04-06-2020 07:15,ZnxXDlPa8U1GXgE,2526.75,247.887,132.5,6671016.500
21-05-2020 15:45,ZnxXDlPa8U1GXgE,5643.5,553.125,7321.25,6571366.250
17-05-2020 15:30,ih0vzX44oOqAx2f,7843.12,767.538,6596.88,6204406.875
10-06-2020 21:15,pkci93gMrogZuBj,0,0,6578,7369294.000
22-05-2020 14:45,ZnxXDlPa8U1GXgE,10636.5,1039.67,6169.38,6578033.375
02-06-2020 03:00,zBIq5rxdHJRwDNY,0,0,0,6469033.000
25-05-2020 23:45,rGa61gmuvPhdLxV,0,0,8807,7192102.000
15-06-2020 12:45,adLQvlD726eNBSB,6678.29,654.1,4451.71,6509537.714
28-05-2020 03:15,iCRJl6heRkivqQ3,0,0,0,7274692.000
03-06-2020 03:45,zBIq5rxdHJRwDNY,0,0,0,6476454.000
12-06-2020 06:00,YxYtjZvoooNbGkE,0,0,0,7385279.000
15-05-2020 21:30,rGa61gmuvPhdLxV,0,0,6373,7117866.000
03-06-2020 01:15,uHbuxQJl8lW7ozc,0,0,0,7178405.000
26-05-2020 16:00,1BY6WEcLGh8j5v7,4117.43,403.871,6856.29,6343064.286
05-06-2020 01:15,McdE0feGgRqW7Ca,0,0,0,7316761.000
23-05-2020 07:30,sjndEbLyjtCKgGv,3197.62,314.3,145.5,7073107.500
04-06-2020 14:00,rGa61gmuvPhdLxV,9387.71,916.886,5637.71,7262774.714
11-06-2020 17:15,zVJPv84UY57bAof,1911.71,187.386,5563.86,7322579.857
10-06-2020 11:30,iCRJl6heRkivqQ3,9208.12,899.638,2515.62,7375735.625
30-05-2020 04:15,3PZuoBAID5Wc2HD,0,0,0,7102189.000
15-05-2020 07:45,adLQvlD726eNBSB,2176.86,213.429,237.714,6271592.714
19-05-2020 07:15,wCURE6d3bPkepu2,2659.75,260.875,114.5,6808507.500
17-06-2020 13:30,sjndEbLyjtCKgGv,9694.38,947.812,4245,7260039.000
10-06-2020 05:15,sjndEbLyjtCKgGv,0,0,0,7209095.000
15-05-2020 17:45,rGa61gmuvPhdLxV,520.75,50.375,6356.12,7117849.125
06-06-2020 09:30,ZnxXDlPa8U1GXgE,8359.12,817.85,1336.38,6688035.375
15-06-2020 09:15,7JYdWkrLSPkdwr4,9254.29,904.914,1316.71,7829474.714
27-05-2020 16:45,z9Y9gH1T5YWrNuG,2881.57,282.757,6517.57,7103700.571
27-05-2020 01:30,adLQvlD726eNBSB,0,0,0,6363516.000
31-05-2020 20:30,pkci93gMrogZuBj,0,0,5915,7294791.000
14-06-2020 09:45,1IF53ai7Xc0U56Y,8314.14,813.657,1487.14,6408368.143
08-06-2020 14:30,VHMLBKoKgIrUVDU,11387,1111.94,6561.86,7392769.857
31-05-2020 18:00,VHMLBKoKgIrUVDU,682.286,66.1143,6061.43,7334390.429
15-05-2020 05:30,1IF53ai7Xc0U56Y,0,0,0,6183645.000
12-06-2020 18:00,zVJPv84UY57bAof,821.571,79.7143,5843,7328530.000
17-06-2020 19:15,7JYdWkrLSPkdwr4,0,0,5856,7846821.000
16-05-2020 11:00,uHbuxQJl8lW7ozc,7768.5,760.362,2236.38,7047304.375
09-06-2020 04:30,7JYdWkrLSPkdwr4,0,0,0,7786793.000
09-06-2020 22:00,uHbuxQJl8lW7ozc,0,0,8309,7233863.000
21-05-2020 17:00,3PZuoBAID5Wc2HD,1082.88,105.263,7743.88,7037237.875
18-05-2020 15:15,zVJPv84UY57bAof,8128.88,795.6,4352.12,7140367.125
07-06-2020 22:45,zVJPv84UY57bAof,0,0,8260,7293790.000
22-05-2020 02:45,YxYtjZvoooNbGkE,0,0,0,7229034.000
10-06-2020 17:30,VHMLBKoKgIrUVDU,1491.8,145.64,6413.8,7409229.800
15-05-2020 07:30,McdE0feGgRqW7Ca,2023.38,198.363,181.125,7159145.125
16-06-2020 01:30,1BY6WEcLGh8j5v7,0,0,0,6473950.000
03-06-2020 08:45,pkci93gMrogZuBj,5139.14,503.814,668,7308318.000
09-06-2020 09:00,uHbuxQJl8lW7ozc,8435.86,825.5,1065.14,7226619.143
22-05-2020 04:00,adLQvlD726eNBSB,0,0,0,6321573.000
31-05-2020 03:30,sjndEbLyjtCKgGv,0,0,0,7136255.000
15-06-2020 02:45,1BY6WEcLGh8j5v7,0,0,0,6467675.000
16-05-2020 19:00,ih0vzX44oOqAx2f,0,0,6450,6197810.000
07-06-2020 20:00,zVJPv84UY57bAof,0,0,8260,7293790.000
03-06-2020 17:00,7JYdWkrLSPkdwr4,5166.57,506.571,7528.14,7748401.143
06-06-2020 09:15,pkci93gMrogZuBj,5075.88,497.7,1123,7332610.000
08-06-2020 15:45,pkci93gMrogZuBj,6767.88,662.413,7545.12,7353677.125
01-06-2020 07:30,uHbuxQJl8lW7ozc,4151.38,407.837,249.25,7165602.250
08-06-2020 01:45,uHbuxQJl8lW7ozc,0,0,0,7217149.000
26-05-2020 07:45,z9Y9gH1T5YWrNuG,4141.75,406.875,295,7089735.000
24-05-2020 08:15,z9Y9gH1T5YWrNuG,5394.62,528.712,509.375,7073271.375
23-05-2020 16:15,z9Y9gH1T5YWrNuG,5630.43,551.9,7944,7072163.000
14-06-2020 06:15,rGa61gmuvPhdLxV,322.75,31.2,4.125,7330674.125
23-05-2020 12:45,3PZuoBAID5Wc2HD,9289.71,908.671,5023.14,7049639.143
15-06-2020 17:30,ih0vzX44oOqAx2f,1410.14,137.371,6496.57,6414179.571
20-05-2020 02:00,bvBOhCH3iADSZry,0,0,0,6346907.000
31-05-2020 00:15,zVJPv84UY57bAof,0,0,0,7235977.000
14-06-2020 21:45,sjndEbLyjtCKgGv,0,0,7307,7242811.000
12-06-2020 18:00,uHbuxQJl8lW7ozc,835.286,81.0571,5868,7252074.000
08-06-2020 02:45,adLQvlD726eNBSB,0,0,0,6453384.000
15-05-2020 12:15,adLQvlD726eNBSB,9022.75,881.938,2949,6274304.000
16-06-2020 01:45,ih0vzX44oOqAx2f,0,0,0,6414247.000
30-05-2020 19:15,wCURE6d3bPkepu2,0,0,7278,6903158.000
28-05-2020 19:45,ZnxXDlPa8U1GXgE,0,0,8540,6627916.000
21-05-2020 13:15,YxYtjZvoooNbGkE,13008.4,1268.46,5096.71,7226390.714
14-06-2020 10:00,zBIq5rxdHJRwDNY,8587,840.212,1636,6559458.000
11-06-2020 10:00,ZoEaEvLYb1n2sOq,5094.38,499.413,921.375,7296992.375
12-06-2020 08:45,zBIq5rxdHJRwDNY,4172.88,409.837,373,6543923.000
16-05-2020 09:30,ih0vzX44oOqAx2f,5785.57,566.986,1151.86,6192511.857
29-05-2020 22:45,WRmjgnKYAwPKWDb,0,0,8038,7140899.000
19-05-2020 18:00,bvBOhCH3iADSZry,0,0,6369,6346907.000
20-05-2020 12:15,zBIq5rxdHJRwDNY,12880.9,1255.89,4490.43,6376461.429
15-05-2020 15:00,z9Y9gH1T5YWrNuG,9010.5,881.425,5246.38,7013112.375
23-05-2020 14:45,1IF53ai7Xc0U56Y,7205.62,705.6,7038.75,6247572.750
14-06-2020 07:00,iCRJl6heRkivqQ3,2030.71,199.071,72.1429,7399927.143
11-06-2020 15:15,zBIq5rxdHJRwDNY,6548.57,641.543,4643.29,6542546.286
07-06-2020 05:15,bvBOhCH3iADSZry,0,0,0,6473124.000
06-06-2020 13:00,WRmjgnKYAwPKWDb,12645.4,1233.39,4388.57,7194658.571
05-06-2020 13:45,zVJPv84UY57bAof,12596.4,1228.6,4925.57,7276198.571
23-05-2020 04:15,WRmjgnKYAwPKWDb,0,0,0,7084595.000
25-05-2020 21:30,ih0vzX44oOqAx2f,0,0,8085,6264579.000
10-06-2020 14:30,wCURE6d3bPkepu2,5905,578.243,5413.71,6981393.714
17-06-2020 03:15,WRmjgnKYAwPKWDb,0,0,0,7267579.000
25-05-2020 06:45,adLQvlD726eNBSB,1350,131.514,44.8571,6346175.857
21-05-2020 21:30,pkci93gMrogZuBj,0,0,7778,7217976.000
27-05-2020 04:15,7JYdWkrLSPkdwr4,0,0,0,7691912.000
18-05-2020 21:45,ZnxXDlPa8U1GXgE,0,0,5424,6548162.000
18-05-2020 07:00,McdE0feGgRqW7Ca,1737.71,170.114,78.4286,7179705.429
14-06-2020 00:00,wCURE6d3bPkepu2,0,0,0,7002369.000
09-06-2020 23:45,1BY6WEcLGh8j5v7,0,0,7456,6439070.000
05-06-2020 12:15,3PZuoBAID5Wc2HD,4041.12,396.938,3844.88,7148547.875
02-06-2020 15:15,3PZuoBAID5Wc2HD,5348.29,524.257,6381.29,7127650.286
18-05-2020 08:45,ZnxXDlPa8U1GXgE,1962.62,192.387,427.125,6543165.125
01-06-2020 00:45,zBIq5rxdHJRwDNY,0,0,0,6463239.000
24-05-2020 21:30,wCURE6d3bPkepu2,0,0,7961,6855791.000
09-06-2020 18:45,1BY6WEcLGh8j5v7,0,0,7456,6439070.000
04-06-2020 15:00,7JYdWkrLSPkdwr4,11183.5,1091.95,6379.75,7755001.750
25-05-2020 07:30,1BY6WEcLGh8j5v7,2375.86,232.971,178.857,6328118.857
27-05-2020 11:15,adLQvlD726eNBSB,12114,1181.56,2848.57,6366364.571
30-05-2020 22:30,VHMLBKoKgIrUVDU,0,0,7270,7328329.000
30-05-2020 17:45,7JYdWkrLSPkdwr4,994.375,96.625,7108.38,7721943.375
29-05-2020 21:45,uHbuxQJl8lW7ozc,0,0,0,7151932.000
15-06-2020 09:30,VHMLBKoKgIrUVDU,8977,877.775,1569.62,7438624.625
30-05-2020 21:15,pkci93gMrogZuBj,0,0,7341,7288876.000
25-05-2020 15:15,adLQvlD726eNBSB,9078.43,888.114,8157.86,6354288.857
01-06-2020 01:30,zVJPv84UY57bAof,0,0,0,7242024.000
19-05-2020 09:00,VHMLBKoKgIrUVDU,6319.71,619.086,683,7233237.000
23-05-2020 00:30,7JYdWkrLSPkdwr4,0,0,0,7658770.000
28-05-2020 07:45,YxYtjZvoooNbGkE,4170.71,409.7,301.571,7276330.571
30-05-2020 03:00,1IF53ai7Xc0U56Y,0,0,0,6298211.000
12-06-2020 20:00,adLQvlD726eNBSB,0,0,5988,6488722.000
29-05-2020 09:00,zVJPv84UY57bAof,6983.62,683.788,808.25,7221281.250
16-06-2020 05:00,3PZuoBAID5Wc2HD,0,0,0,7225042.000
27-05-2020 06:00,1BY6WEcLGh8j5v7,130.286,12.5857,0.285714,6343669.286
14-06-2020 12:15,uHbuxQJl8lW7ozc,7025.29,688.029,3583.43,7264114.429
17-06-2020 09:45,McdE0feGgRqW7Ca,5802.25,568.587,1142.88,7403737.875
12-06-2020 16:00,bvBOhCH3iADSZry,2672.71,262.229,4961.14,6509368.143
04-06-2020 04:30,1IF53ai7Xc0U56Y,0,0,0,6332659.000
06-06-2020 04:00,ZoEaEvLYb1n2sOq,0,0,0,7259075.000
11-06-2020 06:15,1BY6WEcLGh8j5v7,136.714,13.1857,0.857143,6444981.857
16-05-2020 08:15,1IF53ai7Xc0U56Y,5030.75,493.212,460.75,6190462.750
16-06-2020 14:00,YxYtjZvoooNbGkE,5970,585.014,4609.14,7417944.143
15-05-2020 20:30,YxYtjZvoooNbGkE,0,0,6291,7186257.000
10-06-2020 17:45,zVJPv84UY57bAof,1197,116.414,6531.43,7316987.429
27-05-2020 18:15,bvBOhCH3iADSZry,109.25,10.5375,6131.12,6405831.125
17-05-2020 17:00,adLQvlD726eNBSB,2053.86,201.343,7733,6292176.000
17-05-2020 22:15,1IF53ai7Xc0U56Y,0,0,7759,6204353.000
04-06-2020 09:45,1IF53ai7Xc0U56Y,6114.12,598.725,1490.12,6334149.125
21-05-2020 11:45,ih0vzX44oOqAx2f,11864.9,1157.26,3556.71,6229497.714
05-06-2020 16:00,zVJPv84UY57bAof,7683.57,752.2,6863.71,7278136.714
16-06-2020 00:00,z9Y9gH1T5YWrNuG,0,0,959.429,7239184.000
17-06-2020 00:30,pkci93gMrogZuBj,0,0,0,7409478.000
20-05-2020 01:45,iCRJl6heRkivqQ3,0,0,0,7210718.000
03-06-2020 17:00,bvBOhCH3iADSZry,4916.86,482.243,7019.29,6452506.286
30-05-2020 18:45,rGa61gmuvPhdLxV,0,0,7364,7230438.000
09-06-2020 02:15,wCURE6d3bPkepu2,0,0,0,6967970.000
19-05-2020 10:15,sjndEbLyjtCKgGv,8033.25,785.962,1538.38,7043943.375
29-05-2020 10:15,1BY6WEcLGh8j5v7,11476.5,1119.72,1703,6359513.000
21-05-2020 23:45,zVJPv84UY57bAof,0,0,7944,7165123.000
15-05-2020 01:15,pkci93gMrogZuBj,0,0,0,7169102.000
07-06-2020 00:30,iCRJl6heRkivqQ3,0,0,0,7348234.000
23-05-2020 14:15,7JYdWkrLSPkdwr4,8019.12,784.925,6478.75,7665248.750
02-06-2020 23:15,ZnxXDlPa8U1GXgE,0,0,0,6662968.000
14-06-2020 03:15,VHMLBKoKgIrUVDU,0,0,0,7429566.000
19-05-2020 04:15,7JYdWkrLSPkdwr4,0,0,0,7628372.000
10-06-2020 08:30,wCURE6d3bPkepu2,3560.5,350,561.125,6976541.125
16-06-2020 18:30,7JYdWkrLSPkdwr4,79.2857,7.64286,6165.29,7840964.286
18-05-2020 10:15,pkci93gMrogZuBj,2244.25,220.05,670,7189717.000
10-06-2020 15:30,ZnxXDlPa8U1GXgE,4760.29,467.029,5691.43,6723463.429
11-06-2020 08:00,1IF53ai7Xc0U56Y,2629,257.812,191.25,6386811.250
17-05-2020 16:30,3PZuoBAID5Wc2HD,4494.14,440.857,7487.29,7008176.286
06-06-2020 08:00,wCURE6d3bPkepu2,5020.14,492.171,460.429,6947229.429
08-06-2020 13:00,uHbuxQJl8lW7ozc,8372.25,818.888,5032,7222181.000
16-06-2020 17:30,z9Y9gH1T5YWrNuG,1446,141.057,6131.86,7245315.857
21-05-2020 13:15,rGa61gmuvPhdLxV,12710.8,1239.61,5073.25,7157706.250
22-05-2020 07:30,1BY6WEcLGh8j5v7,4229.38,415.488,239.875,6305828.875
12-06-2020 12:00,ZnxXDlPa8U1GXgE,10200.4,996.975,2666.75,6732568.750
26-05-2020 08:45,zVJPv84UY57bAof,7421.88,726.712,859.75,7198468.750
17-05-2020 18:00,YxYtjZvoooNbGkE,323.25,31.25,7490,7200222.000
16-06-2020 15:45,3PZuoBAID5Wc2HD,5074,497.663,5766.12,7230808.125
16-06-2020 10:45,ZoEaEvLYb1n2sOq,9160.43,895.514,2322.57,7332013.571
16-06-2020 14:00,wCURE6d3bPkepu2,7067.12,692,4651.5,7021095.500
04-06-2020 09:00,zVJPv84UY57bAof,7398.62,724.188,906.25,7263959.250
25-05-2020 09:15,z9Y9gH1T5YWrNuG,8993.38,879.837,1197.88,7081835.875
03-06-2020 15:45,adLQvlD726eNBSB,5152.12,505.15,7233.25,6421509.250
06-06-2020 19:15,ih0vzX44oOqAx2f,0,0,6197,6350673.000
30-05-2020 19:30,ZoEaEvLYb1n2sOq,0,0,7248,7216848.000
30-05-2020 04:15,VHMLBKoKgIrUVDU,0,0,0,7321059.000
05-06-2020 16:15,1BY6WEcLGh8j5v7,6000.14,587.929,6509,6411889.000
05-06-2020 23:30,adLQvlD726eNBSB,0,0,0,6438428.000
04-06-2020 05:00,ZnxXDlPa8U1GXgE,0,0,0,6670884.000
27-05-2020 05:15,adLQvlD726eNBSB,0,0,0,6363516.000
31-05-2020 16:00,1IF53ai7Xc0U56Y,3085.71,303.2,5528.57,6311071.571
10-06-2020 16:00,3PZuoBAID5Wc2HD,4240.12,416.413,6016,7189935.000
25-05-2020 21:45,z9Y9gH1T5YWrNuG,0,0,8802,7089440.000
19-05-2020 15:00,1IF53ai7Xc0U56Y,7338.86,718.5,5804,6215610.000
17-05-2020 08:45,rGa61gmuvPhdLxV,7378.71,722.471,755,7124854.000
11-06-2020 01:00,pkci93gMrogZuBj,0,0,0,7369294.000
18-05-2020 20:00,1IF53ai7Xc0U56Y,0,0,5453,6209806.000
14-06-2020 17:00,1BY6WEcLGh8j5v7,1626.5,159.175,3902.25,6467565.250
14-06-2020 22:30,3PZuoBAID5Wc2HD,0,0,7504,7218223.000
12-06-2020 08:15,wCURE6d3bPkepu2,2791.71,273.814,209.143,6988263.143
17-06-2020 09:30,wCURE6d3bPkepu2,6949.29,680.514,968,7023686.000
05-06-2020 15:45,pkci93gMrogZuBj,9042.25,884.487,6642.62,7330333.625
09-06-2020 05:15,McdE0feGgRqW7Ca,0,0,0,7346782.000
08-06-2020 12:00,wCURE6d3bPkepu2,10536.4,1029.96,4087,6963614.000
08-06-2020 13:15,z9Y9gH1T5YWrNuG,7950,776.986,5053.29,7188684.286
29-05-2020 10:45,1BY6WEcLGh8j5v7,10772.2,1052.85,2246.75,6360056.750
24-05-2020 07:00,iCRJl6heRkivqQ3,1697,166.088,77,7243297.000
27-05-2020 15:00,1IF53ai7Xc0U56Y,5828.29,571.171,5650.29,6280288.286
04-06-2020 02:30,wCURE6d3bPkepu2,0,0,0,6930776.000
21-05-2020 12:15,z9Y9gH1T5YWrNuG,11291.6,1102.06,4158.5,7053419.500
16-06-2020 16:45,pkci93gMrogZuBj,2258.38,221.425,6053.38,7409270.375
18-05-2020 15:30,rGa61gmuvPhdLxV,7666.43,750.514,4524.86,7136061.857
15-05-2020 17:45,iCRJl6heRkivqQ3,519.625,50.275,6401.88,7184393.875
25-05-2020 11:15,ZnxXDlPa8U1GXgE,12279.3,1197.24,3350.29,6599106.286
21-05-2020 21:00,iCRJl6heRkivqQ3,0,0,7837,7227442.000
15-06-2020 05:15,iCRJl6heRkivqQ3,0,0,0,7407224.000
26-05-2020 19:45,3PZuoBAID5Wc2HD,0,0,0,7078711.000
27-05-2020 08:15,adLQvlD726eNBSB,6139.86,601.614,563.714,6364079.714
05-06-2020 01:00,1BY6WEcLGh8j5v7,0,0,0,6405380.000
06-06-2020 01:45,WRmjgnKYAwPKWDb,0,0,0,7190270.000
18-05-2020 19:00,bvBOhCH3iADSZry,0,0,4962,6340538.000
02-06-2020 16:30,1IF53ai7Xc0U56Y,4404.62,432.337,7064.12,6324508.125
16-06-2020 23:15,sjndEbLyjtCKgGv,0,0,6255,7255794.000
28-05-2020 03:00,ZnxXDlPa8U1GXgE,0,0,0,6619376.000
30-05-2020 23:30,zVJPv84UY57bAof,0,0,7290,7235977.000
29-05-2020 11:45,zBIq5rxdHJRwDNY,12230,1193.11,3379.38,6445373.375
06-06-2020 20:30,adLQvlD726eNBSB,0,0,6603,6445031.000
15-05-2020 06:00,ih0vzX44oOqAx2f,50.1667,4.85,0,6185184.000
14-06-2020 12:30,ZnxXDlPa8U1GXgE,6981.14,683.714,3790.86,6748133.857
15-05-2020 16:30,1IF53ai7Xc0U56Y,4569,448.438,6064.62,6189709.625
25-05-2020 19:15,zVJPv84UY57bAof,0,0,8813,7197609.000
04-06-2020 21:30,ih0vzX44oOqAx2f,0,0,8009,6337019.000
11-06-2020 04:15,ZnxXDlPa8U1GXgE,0,0,0,6724210.000
31-05-2020 16:00,wCURE6d3bPkepu2,2978,292.35,5892.75,6909050.750
17-06-2020 13:30,3PZuoBAID5Wc2HD,10748.4,1049.81,4406,7235779.000
06-06-2020 15:00,uHbuxQJl8lW7ozc,4236.25,415.85,5867.38,7208240.375
05-06-2020 12:00,rGa61gmuvPhdLxV,5485.25,537.5,3611.75,7268960.750
13-06-2020 23:30,ZoEaEvLYb1n2sOq,0,0,8378,7315763.000
07-06-2020 09:15,bvBOhCH3iADSZry,7714.12,755.163,908,6474032.000
11-06-2020 10:15,rGa61gmuvPhdLxV,5672.86,555.943,1075.14,7311844.143
17-05-2020 04:00,sjndEbLyjtCKgGv,0,0,0,7029613.000
23-05-2020 14:15,z9Y9gH1T5YWrNuG,8319,814.143,6479.86,7070698.857
20-05-2020 22:45,adLQvlD726eNBSB,0,0,9102,6313615.000
28-05-2020 22:00,3PZuoBAID5Wc2HD,0,0,8528,7093979.000
16-06-2020 04:45,sjndEbLyjtCKgGv,0,0,0,7249539.000
11-06-2020 17:45,wCURE6d3bPkepu2,974.571,94.6714,5615.86,6988018.857
15-05-2020 07:00,rGa61gmuvPhdLxV,1865.38,182.838,78.5,7111571.500
12-06-2020 10:00,adLQvlD726eNBSB,5904,578.571,1097.14,6483831.143
06-06-2020 00:00,1BY6WEcLGh8j5v7,0,0,895.25,6412542.000
15-05-2020 20:00,rGa61gmuvPhdLxV,0,0,6373,7117866.000
09-06-2020 15:00,zVJPv84UY57bAof,8499.25,831.6,6769.12,7308936.125
28-05-2020 14:30,uHbuxQJl8lW7ozc,9318.71,910.571,6627.86,7141885.857
18-05-2020 07:30,YxYtjZvoooNbGkE,3454,339.371,205.714,7200434.714
05-06-2020 21:30,bvBOhCH3iADSZry,0,0,7065,6467251.000
15-05-2020 14:00,ZnxXDlPa8U1GXgE,10347.9,1011.54,4328.71,6526500.714
06-06-2020 06:00,zBIq5rxdHJRwDNY,123,11.875,0.5,6500302.500
25-05-2020 23:15,1BY6WEcLGh8j5v7,0,0,8268,6336208.000
24-05-2020 22:00,uHbuxQJl8lW7ozc,0,0,8106,7111852.000
11-06-2020 14:45,rGa61gmuvPhdLxV,6907.5,676.413,4295.5,7315064.500
20-05-2020 04:30,McdE0feGgRqW7Ca,0,0,0,7192098.000
25-05-2020 16:30,iCRJl6heRkivqQ3,2020,198.014,8716.43,7259977.429
23-05-2020 03:15,ih0vzX44oOqAx2f,0,0,0,6240543.000
19-05-2020 18:00,wCURE6d3bPkepu2,0,0,6956,6815349.000
05-06-2020 14:45,sjndEbLyjtCKgGv,11017.6,1076.42,5870.88,7177388.875
27-05-2020 07:45,zVJPv84UY57bAof,3956.29,388.729,284.714,7205667.714
06-06-2020 09:45,iCRJl6heRkivqQ3,7802.5,762.938,1537.75,7343340.750
06-06-2020 07:45,zBIq5rxdHJRwDNY,4440.43,435.914,348.571,6500650.571
11-06-2020 05:00,adLQvlD726eNBSB,0,0,0,6476944.000
26-05-2020 13:30,adLQvlD726eNBSB,9182.71,896.886,5844,6361138.000
16-05-2020 12:15,zVJPv84UY57bAof,8194.75,801.938,3245,7125361.000
14-06-2020 03:45,3PZuoBAID5Wc2HD,0,0,0,7210719.000
29-05-2020 13:15,ih0vzX44oOqAx2f,11161.1,1089.33,5097.12,6292267.125
12-06-2020 19:15,ZnxXDlPa8U1GXgE,0,0,5883,6735785.000
18-05-2020 09:45,rGa61gmuvPhdLxV,1495.71,146.043,583.571,7132120.571
18-05-2020 01:30,z9Y9gH1T5YWrNuG,0,0,0,7028226.000
31-05-2020 15:45,bvBOhCH3iADSZry,2813.12,275.938,5187.75,6432868.750
05-06-2020 05:30,1BY6WEcLGh8j5v7,0,0,0,6405380.000
17-05-2020 11:15,wCURE6d3bPkepu2,13005.7,1268.03,3134.86,6798604.857
27-05-2020 19:45,sjndEbLyjtCKgGv,0,0,0,7112565.000
01-06-2020 08:00,ih0vzX44oOqAx2f,5961.25,584.125,484.25,6308716.250
15-06-2020 22:45,3PZuoBAID5Wc2HD,0,0,6819,7225042.000
19-05-2020 22:45,WRmjgnKYAwPKWDb,0,0,0,7060932.000
23-05-2020 11:15,uHbuxQJl8lW7ozc,12710.3,1239.26,3158,7098411.000
28-05-2020 07:30,wCURE6d3bPkepu2,3294.38,323.712,207.5,6879402.500
16-06-2020 10:45,uHbuxQJl8lW7ozc,9659.14,943.9,2369.71,7277112.714
10-06-2020 16:45,zVJPv84UY57bAof,2808,275.788,6325.88,7316781.875
16-05-2020 22:15,7JYdWkrLSPkdwr4,0,0,6461,7615537.000
16-05-2020 07:45,VHMLBKoKgIrUVDU,3524.57,346.471,243,7212909.000
26-05-2020 00:45,YxYtjZvoooNbGkE,0,0,0,7261464.000
01-06-2020 23:45,3PZuoBAID5Wc2HD,0,0,5965,7121269.000
03-06-2020 08:30,ih0vzX44oOqAx2f,4459.86,438,548.286,6321859.286
15-05-2020 09:45,rGa61gmuvPhdLxV,7639.5,747.538,1177,7112670.000
19-05-2020 05:30,bvBOhCH3iADSZry,0,0,0,6340538.000
03-06-2020 13:15,WRmjgnKYAwPKWDb,9301.71,909.829,4625,7171542.000
27-05-2020 10:30,ZnxXDlPa8U1GXgE,9130,892.2,2289.14,6614938.143
17-06-2020 17:00,3PZuoBAID5Wc2HD,1326.86,129.114,5912.43,7237285.429
07-06-2020 13:30,rGa61gmuvPhdLxV,11783.6,1149.58,5467.62,7284968.625
26-05-2020 17:00,7JYdWkrLSPkdwr4,4202,412.186,7784,7691804.000
13-06-2020 22:00,zVJPv84UY57bAof,0,0,8410,7336960.000
12-06-2020 20:45,z9Y9gH1T5YWrNuG,0,0,5803,7216867.000
22-05-2020 21:30,pkci93gMrogZuBj,0,0,0,7225200.000
12-06-2020 08:00,ih0vzX44oOqAx2f,1777.43,173.871,150.571,6386703.571
15-06-2020 19:15,uHbuxQJl8lW7ozc,0,0,6906,7274743.000
11-06-2020 23:45,bvBOhCH3iADSZry,0,0,2598.5,6504407.000
29-05-2020 20:00,zVJPv84UY57bAof,0,0,0,7228687.000
07-06-2020 05:00,1IF53ai7Xc0U56Y,0,0,0,6355099.000
16-06-2020 17:45,zBIq5rxdHJRwDNY,1008.57,97.9857,5681.14,6577514.143
30-05-2020 01:30,rGa61gmuvPhdLxV,0,0,0,7223074.000
11-06-2020 04:45,iCRJl6heRkivqQ3,0,0,0,7379779.000
01-06-2020 01:30,ZnxXDlPa8U1GXgE,0,0,0,6649525.000
17-05-2020 09:45,zBIq5rxdHJRwDNY,10405.6,1017.21,1531.86,6353681.857
06-06-2020 07:30,iCRJl6heRkivqQ3,3740.62,367.637,254.75,7342057.750
26-05-2020 13:15,ZoEaEvLYb1n2sOq,8916.29,871.029,5192.86,7184106.857
17-05-2020 19:00,iCRJl6heRkivqQ3,0,0,7519,7198367.000
17-06-2020 00:00,zBIq5rxdHJRwDNY,0,0,714.875,6577552.000
24-05-2020 00:15,wCURE6d3bPkepu2,0,0,0,6847830.000
18-05-2020 06:00,ih0vzX44oOqAx2f,90.625,8.725,0.625,6205201.625
17-05-2020 21:15,z9Y9gH1T5YWrNuG,0,0,7486,7028226.000
03-06-2020 14:45,iCRJl6heRkivqQ3,9831.57,961.043,6146.43,7323959.429
15-06-2020 10:15,zBIq5rxdHJRwDNY,12069.7,1177.11,2181.57,6567318.571
24-05-2020 14:45,1IF53ai7Xc0U56Y,9155.14,895.314,6947.29,6256154.286
27-05-2020 12:15,3PZuoBAID5Wc2HD,6912.43,676.514,3886.14,7082597.143
10-06-2020 06:30,uHbuxQJl8lW7ozc,826.5,80.2,21.125,7233884.125
17-05-2020 21:15,iCRJl6heRkivqQ3,0,0,7519,7198367.000
08-06-2020 13:00,zBIq5rxdHJRwDNY,9987.5,975.575,4988.88,6519899.875
07-06-2020 18:00,pkci93gMrogZuBj,698.25,67.7,8197,7346115.000
10-06-2020 19:45,iCRJl6heRkivqQ3,0,0,6559,7379779.000
15-06-2020 15:15,ZoEaEvLYb1n2sOq,6636.71,650,5779.86,7328831.857
10-06-2020 12:45,uHbuxQJl8lW7ozc,11394.9,1111.86,3993.5,7237856.500
14-06-2020 17:15,wCURE6d3bPkepu2,1650.14,161.7,7253.14,7009622.143
23-05-2020 07:15,wCURE6d3bPkepu2,2119.14,207.6,78.2857,6839303.286
13-06-2020 00:30,ih0vzX44oOqAx2f,0,0,0,6392263.000
01-06-2020 03:45,zBIq5rxdHJRwDNY,0,0,0,6463239.000
16-05-2020 16:30,1IF53ai7Xc0U56Y,2661.57,261.043,6353.14,6196355.143
23-05-2020 02:00,ih0vzX44oOqAx2f,0,0,0,6240543.000
12-06-2020 19:30,1IF53ai7Xc0U56Y,0,0,5903,6398227.000
18-05-2020 09:00,adLQvlD726eNBSB,1814.88,177.887,490.875,6292800.875
25-05-2020 00:30,ZnxXDlPa8U1GXgE,0,0,0,6595756.000
12-06-2020 02:15,3PZuoBAID5Wc2HD,0,0,0,7196186.000
16-06-2020 18:15,ZnxXDlPa8U1GXgE,361.5,34.925,6298.12,6764802.125
09-06-2020 21:00,ih0vzX44oOqAx2f,0,0,7846,6374755.000
01-06-2020 23:00,adLQvlD726eNBSB,0,0,6127,6406831.000
03-06-2020 13:30,ZoEaEvLYb1n2sOq,10016.6,978.938,4790.75,7240517.750
25-05-2020 18:15,1IF53ai7Xc0U56Y,230.75,22.275,9044.5,6266524.500
16-06-2020 08:45,1BY6WEcLGh8j5v7,5562.57,545.171,701.857,6474651.857
21-05-2020 22:45,sjndEbLyjtCKgGv,0,0,7825,7065886.000
07-06-2020 23:30,pkci93gMrogZuBj,0,0,8214,7346132.000
31-05-2020 03:15,3PZuoBAID5Wc2HD,0,0,0,7109488.000
18-05-2020 21:45,7JYdWkrLSPkdwr4,0,0,5309,7628372.000
01-06-2020 04:15,YxYtjZvoooNbGkE,0,0,0,7305739.000
18-05-2020 02:30,rGa61gmuvPhdLxV,0,0,0,7131537.000
08-06-2020 20:45,wCURE6d3bPkepu2,0,0,8443,6967970.000
01-06-2020 13:00,zBIq5rxdHJRwDNY,6983.5,683.475,4224.5,6467463.500
05-06-2020 22:30,ZoEaEvLYb1n2sOq,0,0,7535,7259075.000
14-06-2020 21:30,wCURE6d3bPkepu2,0,0,7329,7009698.000
16-06-2020 18:15,WRmjgnKYAwPKWDb,355.857,34.3857,6257.57,7267572.571
10-06-2020 13:30,1IF53ai7Xc0U56Y,11871.7,1158.01,4696.86,6384718.857
02-06-2020 06:15,wCURE6d3bPkepu2,404.125,39.1,6.375,6915350.375
05-06-2020 00:30,zBIq5rxdHJRwDNY,0,0,0,6492579.000
19-05-2020 03:00,z9Y9gH1T5YWrNuG,0,0,0,7033573.000
13-06-2020 11:15,iCRJl6heRkivqQ3,13036.2,1271.01,3184.75,7394543.750
07-06-2020 09:45,McdE0feGgRqW7Ca,6264.57,613.771,1356.71,7332516.714
01-06-2020 16:00,iCRJl6heRkivqQ3,1680.14,164.4,5516.29,7310083.286
10-06-2020 12:15,YxYtjZvoooNbGkE,9929.43,969.743,3275.29,7376543.286
24-05-2020 06:45,ZoEaEvLYb1n2sOq,1141.38,111,42.25,7162226.250
12-06-2020 03:00,zVJPv84UY57bAof,0,0,0,7322687.000
17-05-2020 19:30,uHbuxQJl8lW7ozc,0,0,7454,7058793.000
31-05-2020 12:15,zVJPv84UY57bAof,8675.14,847.886,3544.43,7239521.429
02-06-2020 10:15,iCRJl6heRkivqQ3,7201.62,705.087,2146,7312494.000
17-05-2020 05:45,pkci93gMrogZuBj,0,0,0,7181650.000
29-05-2020 08:15,zBIq5rxdHJRwDNY,4004.43,393.429,396.571,6442390.571
02-06-2020 19:15,pkci93gMrogZuBj,0,0,7350,7307650.000
20-05-2020 12:15,WRmjgnKYAwPKWDb,12787.9,1246.81,4546.86,7065478.857
19-05-2020 04:30,rGa61gmuvPhdLxV,0,0,0,7136902.000
06-06-2020 14:15,3PZuoBAID5Wc2HD,10143.9,990.729,5558.71,7158044.714
10-06-2020 09:45,z9Y9gH1T5YWrNuG,5890.29,577.171,1423.29,7200476.286
15-05-2020 07:30,z9Y9gH1T5YWrNuG,2025.86,198.6,176.714,7008042.714
30-05-2020 12:15,sjndEbLyjtCKgGv,9229.29,902.3,2860.43,7131889.429
15-05-2020 09:30,ih0vzX44oOqAx2f,3395.86,333.271,1001.86,6186196.750
25-05-2020 12:45,ZnxXDlPa8U1GXgE,12602.9,1228.79,5206.14,6600962.143
03-06-2020 11:45,ih0vzX44oOqAx2f,13162.4,1283.69,2947.57,6324258.571
13-06-2020 03:15,z9Y9gH1T5YWrNuG,0,0,0,7216867.000
29-05-2020 10:00,bvBOhCH3iADSZry,7704.57,754.129,1432.57,6415017.571
30-05-2020 01:45,zBIq5rxdHJRwDNY,0,0,0,6449905.000
16-06-2020 18:15,rGa61gmuvPhdLxV,346,33.4429,6237.29,7350941.286
03-06-2020 16:00,rGa61gmuvPhdLxV,5166,506.65,7137.88,7256467.875
15-06-2020 03:30,1BY6WEcLGh8j5v7,0,0,0,6467675.000
12-06-2020 11:00,1BY6WEcLGh8j5v7,5800.88,568.45,1626.38,6451864.375
07-06-2020 10:00,ZnxXDlPa8U1GXgE,6693.71,655.629,1511.14,6694565.143
09-06-2020 17:45,ZoEaEvLYb1n2sOq,1427.71,139.343,7905.71,7289629.714
02-06-2020 05:30,wCURE6d3bPkepu2,0,0,0,6915344.000
19-05-2020 20:00,ih0vzX44oOqAx2f,0,0,6790,6217277.000
30-05-2020 04:00,ZnxXDlPa8U1GXgE,0,0,0,6636066.000
30-05-2020 19:30,YxYtjZvoooNbGkE,0,0,7266,7299769.000
04-06-2020 05:30,zBIq5rxdHJRwDNY,0,0,0,6484342.000
10-06-2020 15:00,iCRJl6heRkivqQ3,2152.43,210.943,5636.86,7378856.857
08-06-2020 06:15,iCRJl6heRkivqQ3,463,44.7857,6.85714,7356517.857
20-05-2020 09:30,iCRJl6heRkivqQ3,8720.5,853.237,1434.12,7212152.125
04-06-2020 00:30,ih0vzX44oOqAx2f,0,0,0,6329010.000
26-05-2020 01:00,ZnxXDlPa8U1GXgE,0,0,0,6604666.000
23-05-2020 15:30,1BY6WEcLGh8j5v7,8194,801.962,6934.5,6319371.500
16-06-2020 04:00,uHbuxQJl8lW7ozc,0,0,0,7274743.000
12-06-2020 05:30,7JYdWkrLSPkdwr4,0,0,0,7806664.000
07-06-2020 20:15,ih0vzX44oOqAx2f,0,0,8019,6358692.000
08-06-2020 02:15,zBIq5rxdHJRwDNY,0,0,0,6514911.000
08-06-2020 15:00,ih0vzX44oOqAx2f,9293.38,908.837,6804.38,6365496.375
01-06-2020 12:30,adLQvlD726eNBSB,7317.29,715.9,4257.29,6404961.286
31-05-2020 21:45,1IF53ai7Xc0U56Y,0,0,5889,6311432.000
25-05-2020 07:15,1IF53ai7Xc0U56Y,2757,270.543,141.143,6257621.143
12-06-2020 19:30,McdE0feGgRqW7Ca,0,0,5955,7373328.000
07-06-2020 14:30,1BY6WEcLGh8j5v7,0,0,3823,6422305.000
10-06-2020 23:15,McdE0feGgRqW7Ca,0,0,6606,7361623.000
25-05-2020 17:00,ih0vzX44oOqAx2f,1127.57,109.614,8002.14,6264496.143
04-06-2020 04:00,ih0vzX44oOqAx2f,0,0,0,6329010.000
29-05-2020 21:15,3PZuoBAID5Wc2HD,0,0,8210,7102189.000
17-05-2020 23:15,bvBOhCH3iADSZry,0,0,6928,6335576.000
20-05-2020 05:15,rGa61gmuvPhdLxV,0,0,0,7143812.000
01-06-2020 12:45,McdE0feGgRqW7Ca,3958.75,388.875,4250,7291010.000
17-06-2020 03:30,3PZuoBAID5Wc2HD,0,0,0,7231373.000
10-06-2020 01:15,ZoEaEvLYb1n2sOq,0,0,0,7289679.000
22-05-2020 11:30,sjndEbLyjtCKgGv,12280.9,1197.8,2605,7068491.000
11-06-2020 15:15,7JYdWkrLSPkdwr4,6008.57,588.814,4598.86,7805689.857
27-05-2020 09:30,McdE0feGgRqW7Ca,8906.14,871.057,1455.86,7251015.857
22-05-2020 07:15,ih0vzX44oOqAx2f,3465.29,340.429,142.857,6233685.857
12-06-2020 21:00,iCRJl6heRkivqQ3,0,0,5888,7391359.000
15-05-2020 22:15,pkci93gMrogZuBj,0,0,6375,7175477.000
26-05-2020 18:45,ih0vzX44oOqAx2f,0,0,0,6272291.000
20-05-2020 20:00,uHbuxQJl8lW7ozc,0,0,8913,7080111.000
06-06-2020 13:45,z9Y9gH1T5YWrNuG,10682.1,1042.81,4900.71,7175901.714
27-05-2020 17:30,7JYdWkrLSPkdwr4,934.125,90.725,6602.12,7698514.125
09-06-2020 22:30,adLQvlD726eNBSB,0,0,8273,6470277.000
14-06-2020 03:15,adLQvlD726eNBSB,0,0,0,6497496.000
03-06-2020 05:30,pkci93gMrogZuBj,0,0,0,7307650.000
06-06-2020 17:30,pkci93gMrogZuBj,456.143,44.1286,6417,7337904.000
17-05-2020 13:45,zBIq5rxdHJRwDNY,8439.62,824.987,5344.25,6357494.250
04-06-2020 22:30,ih0vzX44oOqAx2f,0,0,8009,6337019.000
24-05-2020 10:15,sjndEbLyjtCKgGv,7657.88,749.15,1796.38,7083245.375
02-06-2020 19:30,ZnxXDlPa8U1GXgE,0,0,0,6662968.000
27-05-2020 02:45,VHMLBKoKgIrUVDU,0,0,0,7297615.000
26-05-2020 15:45,rGa61gmuvPhdLxV,7817.62,765.237,6914.75,7199016.750
20-05-2020 05:45,McdE0feGgRqW7Ca,0,0,0,7192098.000
17-05-2020 03:30,sjndEbLyjtCKgGv,0,0,0,7029613.000
31-05-2020 20:15,7JYdWkrLSPkdwr4,0,0,5843,7727821.000
20-05-2020 03:45,YxYtjZvoooNbGkE,0,0,0,7212476.000
29-05-2020 14:45,McdE0feGgRqW7Ca,8706.25,851.837,6706.62,7271662.625
03-06-2020 10:15,1BY6WEcLGh8j5v7,5642.71,553.043,1454.57,6391922.571
05-06-2020 13:30,ih0vzX44oOqAx2f,9697.75,947.275,4357.38,6341376.375
05-06-2020 04:00,WRmjgnKYAwPKWDb,0,0,0,7182665.000
04-06-2020 09:15,pkci93gMrogZuBj,6582.14,644.514,1046.29,7316482.286
21-05-2020 21:30,iCRJl6heRkivqQ3,0,0,7837,7227442.000
29-05-2020 22:00,z9Y9gH1T5YWrNuG,0,0,0,7120455.000
13-06-2020 08:00,1IF53ai7Xc0U56Y,5572,546.087,446.5,6398673.500
01-06-2020 22:45,pkci93gMrogZuBj,0,0,5509,7300300.000
20-05-2020 06:30,pkci93gMrogZuBj,685,66.3429,20.5714,7201369.571
14-06-2020 21:15,ih0vzX44oOqAx2f,0,0,7165,6407683.000
05-06-2020 19:15,McdE0feGgRqW7Ca,0,0,7920,7324681.000
17-06-2020 09:15,7JYdWkrLSPkdwr4,5449.5,534.125,819,7841784.000
14-06-2020 15:00,uHbuxQJl8lW7ozc,7898,772.986,6124.43,7266655.429
03-06-2020 04:15,wCURE6d3bPkepu2,0,0,0,6922869.000
16-06-2020 13:15,3PZuoBAID5Wc2HD,7235.29,708.457,4189,7229231.000
19-05-2020 21:00,YxYtjZvoooNbGkE,0,0,6878,7212476.000
19-05-2020 00:45,1BY6WEcLGh8j5v7,0,0,0,6283648.000
07-06-2020 18:30,McdE0feGgRqW7Ca,66,6.3625,7041.38,7338201.375
01-06-2020 14:30,adLQvlD726eNBSB,5515.14,540.629,5484.71,6406188.714
23-05-2020 04:00,z9Y9gH1T5YWrNuG,0,0,0,7064219.000
08-06-2020 07:45,1IF53ai7Xc0U56Y,4108.62,403.363,267.375,6363605.375
03-06-2020 03:15,rGa61gmuvPhdLxV,0,0,0,7249330.000
15-06-2020 06:45,VHMLBKoKgIrUVDU,1506.75,147.15,55.125,7437110.125
19-05-2020 13:30,iCRJl6heRkivqQ3,7613.86,745.371,4354.14,7208121.143
15-06-2020 17:30,z9Y9gH1T5YWrNuG,1454.38,141.85,6648.38,7239116.375
15-06-2020 14:45,VHMLBKoKgIrUVDU,7362.38,720.775,5614.75,7442669.750
23-05-2020 07:15,McdE0feGgRqW7Ca,2146.57,210.329,79.4286,7216031.429
29-05-2020 09:15,zBIq5rxdHJRwDNY,8708,852.025,955.625,6442949.625
09-06-2020 00:45,YxYtjZvoooNbGkE,0,0,0,7365310.000
29-05-2020 15:15,adLQvlD726eNBSB,8120.38,794.763,7173.38,6386182.375
02-06-2020 01:30,pkci93gMrogZuBj,0,0,0,7300300.000
23-05-2020 15:45,1IF53ai7Xc0U56Y,7439.62,728.375,7776,6248310.000
26-05-2020 16:00,ZoEaEvLYb1n2sOq,5325.86,522.2,7104.14,7186018.143
13-06-2020 11:45,McdE0feGgRqW7Ca,13485.9,1314.9,3851.57,7377179.571
10-06-2020 06:45,YxYtjZvoooNbGkE,1319.25,128.5,48.125,7373316.125
23-05-2020 12:15,rGa61gmuvPhdLxV,13567.4,1322.8,3949.57,7171090.571
27-05-2020 07:00,wCURE6d3bPkepu2,1887.29,184.986,90.1429,6872575.143
05-06-2020 15:00,sjndEbLyjtCKgGv,9191.71,898.286,6123.86,7177641.857
15-05-2020 13:15,ZnxXDlPa8U1GXgE,6917.5,677.5,3734.25,6525906.250
07-06-2020 11:00,ZoEaEvLYb1n2sOq,11128.3,1086.59,2394.57,7267762.571
15-05-2020 03:00,sjndEbLyjtCKgGv,0,0,0,7016832.000
13-06-2020 02:15,ZoEaEvLYb1n2sOq,0,0,0,7307385.000
09-06-2020 21:15,ih0vzX44oOqAx2f,0,0,7846,6374755.000
25-05-2020 00:15,1IF53ai7Xc0U56Y,0,0,0,6257480.000
12-06-2020 06:00,McdE0feGgRqW7Ca,0,0,0,7367373.000
01-06-2020 09:15,sjndEbLyjtCKgGv,5653.62,554.2,1240.88,7143482.875
04-06-2020 05:30,iCRJl6heRkivqQ3,0,0,0,7325696.000
04-06-2020 02:00,rGa61gmuvPhdLxV,0,0,0,7257137.000
10-06-2020 15:45,bvBOhCH3iADSZry,3460.25,340.175,5276.75,6498623.750
19-05-2020 16:45,YxYtjZvoooNbGkE,3750.43,368.571,6677.71,7212275.714
13-06-2020 23:15,pkci93gMrogZuBj,0,0,8354,7389161.000
06-06-2020 19:00,adLQvlD726eNBSB,0,0,6603,6445031.000
19-05-2020 03:30,VHMLBKoKgIrUVDU,0,0,0,7232554.000
06-06-2020 01:15,1BY6WEcLGh8j5v7,0,0,0,6412542.000
19-05-2020 03:30,7JYdWkrLSPkdwr4,0,0,0,7628372.000
13-06-2020 07:30,zBIq5rxdHJRwDNY,3276,321.925,191.25,6549578.250
02-06-2020 23:00,VHMLBKoKgIrUVDU,0,0,0,7347744.000
30-05-2020 12:00,YxYtjZvoooNbGkE,13899.9,1355.23,2552.86,7295055.857
15-05-2020 02:15,zBIq5rxdHJRwDNY,0,0,0,6339380.000
15-06-2020 14:45,bvBOhCH3iADSZry,6527.12,639.263,5098.75,6526698.750
25-05-2020 15:00,adLQvlD726eNBSB,10155.2,992.888,7920.25,6354051.250
23-05-2020 14:30,zBIq5rxdHJRwDNY,7651.29,749.071,6818.43,6402625.429
12-06-2020 23:30,VHMLBKoKgIrUVDU,0,0,5903,7420914.000
15-05-2020 17:30,sjndEbLyjtCKgGv,1196.5,116.6,6313.5,7023145.500
03-06-2020 11:45,3PZuoBAID5Wc2HD,13494.1,1316.01,3066.71,7131680.714
31-05-2020 06:00,WRmjgnKYAwPKWDb,108.375,10.4625,0.875,7148029.875
30-05-2020 11:45,pkci93gMrogZuBj,8519.88,833.312,2288.5,7283823.500
31-05-2020 09:45,3PZuoBAID5Wc2HD,6195.88,606.95,1178,7110666.000
16-06-2020 06:30,sjndEbLyjtCKgGv,698.5,67.7,11.875,7249550.875
22-05-2020 09:45,1IF53ai7Xc0U56Y,5596.75,548.562,1352.88,6234599.875
28-05-2020 16:45,7JYdWkrLSPkdwr4,3670.57,360.486,8022.43,7706572.429
05-06-2020 02:30,7JYdWkrLSPkdwr4,0,0,0,7756621.000
06-06-2020 16:00,ZnxXDlPa8U1GXgE,2680.29,262.857,6154.14,6692853.143
17-05-2020 02:15,z9Y9gH1T5YWrNuG,0,0,0,7020740.000
23-05-2020 15:45,z9Y9gH1T5YWrNuG,7574,741.514,7624.57,7071843.571
16-05-2020 10:45,McdE0feGgRqW7Ca,7467.57,730.843,2139.71,7167574.714
10-06-2020 21:15,zVJPv84UY57bAof,0,0,6560,7317016.000
12-06-2020 14:15,7JYdWkrLSPkdwr4,7161.25,701.263,4380.25,7811044.250
24-05-2020 06:30,1BY6WEcLGh8j5v7,712.857,69.1143,18.5714,6320421.571
07-06-2020 07:30,1IF53ai7Xc0U56Y,2106,206.471,185.714,6355284.714
16-06-2020 23:15,rGa61gmuvPhdLxV,0,0,6243,7350947.000
26-05-2020 01:45,iCRJl6heRkivqQ3,0,0,0,7260130.000
24-05-2020 11:00,bvBOhCH3iADSZry,10588.2,1033.76,2549.25,6379321.250
02-06-2020 17:30,McdE0feGgRqW7Ca,935.286,90.8286,7563.29,7300315.286
07-06-2020 22:30,sjndEbLyjtCKgGv,0,0,6898,7192554.000
14-06-2020 11:15,pkci93gMrogZuBj,9225.14,902.329,2775.14,7391936.143
07-06-2020 09:00,ih0vzX44oOqAx2f,9632,941.943,745.571,6351418.571
16-05-2020 15:30,sjndEbLyjtCKgGv,5062.5,496.312,5856.12,7029038.125
22-05-2020 21:30,z9Y9gH1T5YWrNuG,0,0,0,7064219.000
09-06-2020 12:00,ZnxXDlPa8U1GXgE,10064.7,982.929,3953.71,6713651.714
05-06-2020 11:30,sjndEbLyjtCKgGv,10805,1054.76,3116.86,7174634.857
15-05-2020 12:00,YxYtjZvoooNbGkE,8245.62,806.375,2745.62,7182711.625
25-05-2020 12:45,bvBOhCH3iADSZry,11372.9,1111.21,4755.86,6388967.857
12-06-2020 19:15,iCRJl6heRkivqQ3,0,0,5888,7391359.000
16-06-2020 18:45,z9Y9gH1T5YWrNuG,0,0,6201,7245385.000
19-05-2020 02:00,zVJPv84UY57bAof,0,0,0,7141405.000
09-06-2020 14:30,zVJPv84UY57bAof,9561.38,934.737,6340.25,7308507.250
30-05-2020 07:45,zBIq5rxdHJRwDNY,2349.86,230.4,229.857,6450134.857
15-06-2020 00:45,ih0vzX44oOqAx2f,0,0,0,6407683.000
05-06-2020 09:00,wCURE6d3bPkepu2,7068.25,691.888,869.625,6939890.625
26-05-2020 23:15,McdE0feGgRqW7Ca,0,0,0,7249560.000
03-06-2020 22:45,VHMLBKoKgIrUVDU,0,0,7917,7355661.000
25-05-2020 21:30,z9Y9gH1T5YWrNuG,0,0,8802,7089440.000
08-06-2020 14:00,zVJPv84UY57bAof,11099.5,1083.26,5942,7299732.000
06-06-2020 01:00,VHMLBKoKgIrUVDU,0,0,0,7371554.000
08-06-2020 12:00,YxYtjZvoooNbGkE,10604.3,1036.53,4031.14,7360998.143
22-05-2020 07:30,sjndEbLyjtCKgGv,4358.62,428.113,249.75,7066135.750
11-06-2020 01:45,sjndEbLyjtCKgGv,0,0,0,7215600.000
31-05-2020 20:30,7JYdWkrLSPkdwr4,0,0,5843,7727821.000
27-05-2020 10:00,pkci93gMrogZuBj,6147.67,602.333,1766.67,7260060.667
18-05-2020 11:45,zVJPv84UY57bAof,6197.86,607.214,1454.86,7137469.857
08-06-2020 03:00,1IF53ai7Xc0U56Y,0,0,0,6363338.000
29-05-2020 10:00,7JYdWkrLSPkdwr4,8138.5,796.125,1571.75,7708399.750
27-05-2020 21:15,uHbuxQJl8lW7ozc,0,0,0,7135258.000
26-05-2020 09:15,adLQvlD726eNBSB,9363.71,915.9,1384.29,6356678.286
19-05-2020 07:30,ZoEaEvLYb1n2sOq,2631.75,258.163,178.5,7123705.500
17-05-2020 17:30,adLQvlD726eNBSB,1407.14,136.957,7816.43,6292259.429
17-06-2020 17:15,ih0vzX44oOqAx2f,1536.62,150.125,5659.25,6426030.250
12-06-2020 06:30,1IF53ai7Xc0U56Y,370,35.7714,7.71429,6392331.714
16-05-2020 18:00,rGa61gmuvPhdLxV,394.5,38.15,6226.25,7124092.250
01-06-2020 05:15,ih0vzX44oOqAx2f,0,0,0,6308232.000
01-06-2020 23:30,ZoEaEvLYb1n2sOq,0,0,5796,7228440.000
05-06-2020 21:45,wCURE6d3bPkepu2,0,0,7748,6946769.000
06-06-2020 00:45,VHMLBKoKgIrUVDU,0,0,0,7371554.000
30-05-2020 03:45,sjndEbLyjtCKgGv,0,0,0,7129029.000
19-05-2020 02:00,sjndEbLyjtCKgGv,0,0,0,7042405.000
11-06-2020 14:00,z9Y9gH1T5YWrNuG,6612.88,647.725,3636.5,7209101.500
25-05-2020 06:00,7JYdWkrLSPkdwr4,0,0,0,7675241.000
18-05-2020 10:30,WRmjgnKYAwPKWDb,3210.86,315.371,741.714,7049845.714
25-05-2020 07:00,VHMLBKoKgIrUVDU,1830.43,179.429,78.2857,7280590.286
16-05-2020 22:15,z9Y9gH1T5YWrNuG,0,0,6488,7020740.000
23-05-2020 09:00,iCRJl6heRkivqQ3,8206,803.125,1023.38,7235616.375
11-06-2020 00:30,uHbuxQJl8lW7ozc,0,0,0,7240508.000
04-06-2020 00:45,zVJPv84UY57bAof,0,0,0,7263053.000
01-06-2020 07:15,zVJPv84UY57bAof,2991.57,293.771,156.857,7242180.857
17-06-2020 11:15,uHbuxQJl8lW7ozc,8048,787.725,2132.25,7283167.250
12-06-2020 16:00,rGa61gmuvPhdLxV,2900.86,284.771,5393.43,7321825.429
13-06-2020 11:45,sjndEbLyjtCKgGv,13397.1,1306.21,3773.57,7230874.571
17-06-2020 17:30,zBIq5rxdHJRwDNY,1322.2,128.66,5748,6583300.000
03-06-2020 17:15,zBIq5rxdHJRwDNY,2939.86,288.657,7742.43,6484196.429
13-06-2020 06:45,ih0vzX44oOqAx2f,1070.86,104.114,37.5714,6392300.571
14-06-2020 10:00,VHMLBKoKgIrUVDU,8683.14,849.543,1681.86,7431247.857
13-06-2020 06:30,1BY6WEcLGh8j5v7,568.75,55.0375,16.875,6455695.875
17-06-2020 12:30,adLQvlD726eNBSB,10537.4,1029.19,3528.12,6521926.125
17-06-2020 02:15,ih0vzX44oOqAx2f,0,0,0,6420371.000
22-05-2020 02:30,bvBOhCH3iADSZry,0,0,0,6362148.000
30-05-2020 13:45,rGa61gmuvPhdLxV,11881.4,1159.27,4493.71,7227567.714
28-05-2020 14:30,WRmjgnKYAwPKWDb,7373.88,721.5,6716.5,7131254.500
03-06-2020 22:30,bvBOhCH3iADSZry,0,0,7237,6452724.000
31-05-2020 16:45,McdE0feGgRqW7Ca,1834.25,179.787,5993.25,7286558.250
24-05-2020 13:00,1IF53ai7Xc0U56Y,12400.8,1209.08,5111.75,6254318.750
15-06-2020 20:00,iCRJl6heRkivqQ3,0,0,6777,7414001.000
30-05-2020 23:30,1IF53ai7Xc0U56Y,0,0,7332,6305543.000
03-06-2020 02:15,sjndEbLyjtCKgGv,0,0,0,7155447.000
27-05-2020 20:15,rGa61gmuvPhdLxV,0,0,0,7206549.000
27-05-2020 08:00,z9Y9gH1T5YWrNuG,4393.57,431.2,383.857,7097566.857
04-06-2020 22:45,ih0vzX44oOqAx2f,0,0,8009,6337019.000
23-05-2020 08:45,ih0vzX44oOqAx2f,7617.43,745.771,829.429,6241372.429
16-05-2020 16:15,ZnxXDlPa8U1GXgE,2891.12,283.675,6367.88,6534843.875
16-05-2020 12:15,1BY6WEcLGh8j5v7,6788.57,664.871,3237.57,6268550.571
22-05-2020 01:45,zBIq5rxdHJRwDNY,0,0,0,6388599.000
20-05-2020 01:00,sjndEbLyjtCKgGv,0,0,0,7049284.000
28-05-2020 18:15,1IF53ai7Xc0U56Y,279.143,26.9714,8491.71,6289953.714
19-05-2020 19:30,zVJPv84UY57bAof,0,0,6932,7148337.000
31-05-2020 20:15,YxYtjZvoooNbGkE,0,0,5970,7305739.000
02-06-2020 13:00,rGa61gmuvPhdLxV,12074.4,1177.79,4337.62,7246306.625
23-05-2020 15:15,uHbuxQJl8lW7ozc,7567.5,740.737,7182.62,7102435.625
05-06-2020 04:15,zVJPv84UY57bAof,0,0,0,7271273.000
17-06-2020 06:45,uHbuxQJl8lW7ozc,473.5,45.95,0,7281035.000
13-06-2020 10:15,uHbuxQJl8lW7ozc,10673.4,1041.73,2022.43,7254116.429
18-05-2020 00:00,zBIq5rxdHJRwDNY,0,0,0,6359657.000
25-05-2020 07:15,sjndEbLyjtCKgGv,2298.38,225.363,122.5,7089473.500
23-05-2020 18:15,ih0vzX44oOqAx2f,590.5,57.2,8388.38,6248931.375
17-05-2020 21:45,uHbuxQJl8lW7ozc,0,0,7454,7058793.000
05-06-2020 17:30,ZnxXDlPa8U1GXgE,3771.86,370.686,7491.71,6686553.714
05-06-2020 03:45,zBIq5rxdHJRwDNY,0,0,0,6492579.000
18-05-2020 09:30,rGa61gmuvPhdLxV,1481.5,144.475,548.625,7132085.625
25-05-2020 20:00,1IF53ai7Xc0U56Y,0,0,9048,6266528.000
03-06-2020 13:15,McdE0feGgRqW7Ca,10292.3,1006.01,4689.57,7305048.571
22-05-2020 22:45,rGa61gmuvPhdLxV,0,0,0,7167141.000
17-05-2020 11:15,iCRJl6heRkivqQ3,13068.9,1274.23,3061.29,7193909.286
03-06-2020 19:15,rGa61gmuvPhdLxV,0,0,7807,7257137.000
23-05-2020 16:15,rGa61gmuvPhdLxV,6746.71,660.814,7535,7174676.000
11-06-2020 21:45,7JYdWkrLSPkdwr4,0,0,5573,7806664.000
15-06-2020 15:15,WRmjgnKYAwPKWDb,6260,613.157,5866.43,7260450.429
08-06-2020 10:30,sjndEbLyjtCKgGv,11526.9,1124.61,2447.38,7195001.375
16-06-2020 13:45,YxYtjZvoooNbGkE,6403.5,626.837,4433.38,7417768.375
15-05-2020 04:15,zBIq5rxdHJRwDNY,0,0,0,6339380.000
14-06-2020 15:45,3PZuoBAID5Wc2HD,5926.5,580.75,6913.38,7217632.375
01-06-2020 08:45,rGa61gmuvPhdLxV,7056.29,690.971,911.857,7237243.857
15-05-2020 21:45,1BY6WEcLGh8j5v7,0,0,5754,6265313.000
28-05-2020 02:45,bvBOhCH3iADSZry,0,0,0,6405833.000
18-05-2020 05:15,VHMLBKoKgIrUVDU,0,0,0,7227097.000
14-06-2020 02:00,bvBOhCH3iADSZry,0,0,0,6517642.000
13-06-2020 02:15,1IF53ai7Xc0U56Y,0,0,0,6398227.000
23-05-2020 01:15,1IF53ai7Xc0U56Y,0,0,0,6240534.000
24-05-2020 01:45,3PZuoBAID5Wc2HD,0,0,0,7053268.000
19-05-2020 07:00,ZoEaEvLYb1n2sOq,2447.38,240.075,51,7123578.000
25-05-2020 19:30,zVJPv84UY57bAof,0,0,8813,7197609.000
26-05-2020 02:45,3PZuoBAID5Wc2HD,0,0,0,7070636.000
10-06-2020 18:30,ih0vzX44oOqAx2f,0,0,6277,6381032.000
16-06-2020 14:15,7JYdWkrLSPkdwr4,4222.29,414.571,4709.43,7839508.429
06-06-2020 04:15,ZnxXDlPa8U1GXgE,0,0,0,6686699.000
17-06-2020 14:30,adLQvlD726eNBSB,9068.12,886.587,5186.25,6523584.250
05-06-2020 19:45,WRmjgnKYAwPKWDb,0,0,0,7190270.000
17-05-2020 15:15,McdE0feGgRqW7Ca,7568.5,740.938,6595.88,7178616.875
10-06-2020 18:30,rGa61gmuvPhdLxV,0,0,6565,7310769.000
12-06-2020 08:00,bvBOhCH3iADSZry,1619.86,158.271,140.143,6504547.143
02-06-2020 08:30,zBIq5rxdHJRwDNY,7908.86,774,625.857,6469658.857
02-06-2020 19:30,1IF53ai7Xc0U56Y,0,0,0,6324784.000
14-06-2020 07:00,WRmjgnKYAwPKWDb,1892.43,185.357,71,7247250.000
06-06-2020 20:00,1IF53ai7Xc0U56Y,0,0,6542,6355099.000
25-05-2020 22:15,z9Y9gH1T5YWrNuG,0,0,8802,7089440.000
24-05-2020 23:45,1BY6WEcLGh8j5v7,0,0,7537,6327940.000
22-05-2020 06:45,1IF53ai7Xc0U56Y,1252.14,121.829,56,6233303.000
19-05-2020 04:00,sjndEbLyjtCKgGv,0,0,0,7042405.000
15-06-2020 20:15,YxYtjZvoooNbGkE,0,0,6633,7413335.000
13-06-2020 14:30,sjndEbLyjtCKgGv,9139.75,893.425,6664.5,7233765.500
06-06-2020 18:30,bvBOhCH3iADSZry,0,0,5873,6473124.000
11-06-2020 10:15,sjndEbLyjtCKgGv,5607,549.525,1067.62,7216667.625
18-05-2020 08:30,McdE0feGgRqW7Ca,1848.25,181.175,383.125,7180010.125
16-05-2020 06:00,zBIq5rxdHJRwDNY,53.7143,5.18571,0,6345776.000
25-05-2020 22:00,zBIq5rxdHJRwDNY,0,0,8443,6420201.000
04-06-2020 23:45,zBIq5rxdHJRwDNY,0,0,0,6492579.000
04-06-2020 03:15,YxYtjZvoooNbGkE,0,0,0,7326756.000
03-06-2020 19:15,McdE0feGgRqW7Ca,0,0,8010,7308369.000
27-05-2020 21:15,bvBOhCH3iADSZry,0,0,6133,6405833.000
17-06-2020 01:15,iCRJl6heRkivqQ3,0,0,0,7420306.000
06-06-2020 05:15,7JYdWkrLSPkdwr4,0,0,0,7764140.000
06-06-2020 19:45,YxYtjZvoooNbGkE,0,0,0,7348812.000
05-06-2020 18:45,uHbuxQJl8lW7ozc,0,0,7838,7202373.000
30-05-2020 18:45,bvBOhCH3iADSZry,0,0,6658,6427681.000
19-05-2020 01:30,YxYtjZvoooNbGkE,0,0,0,7205598.000
08-06-2020 19:15,ih0vzX44oOqAx2f,0,0,8217,6366909.000
31-05-2020 03:30,pkci93gMrogZuBj,0,0,0,7288876.000
09-06-2020 12:15,ih0vzX44oOqAx2f,8825.12,861.962,4112.38,6371021.375
28-05-2020 10:45,wCURE6d3bPkepu2,9409.62,919.388,2731.25,6881926.250
19-05-2020 01:15,pkci93gMrogZuBj,0,0,0,7194411.000
22-05-2020 07:00,iCRJl6heRkivqQ3,1544,150.762,85.75,7227527.750
30-05-2020 04:15,7JYdWkrLSPkdwr4,0,0,0,7714835.000
13-06-2020 08:15,ih0vzX44oOqAx2f,6127.12,600.337,536.625,6392799.625
16-05-2020 15:15,pkci93gMrogZuBj,6089.12,596.575,5465.5,7180942.500
24-05-2020 17:15,rGa61gmuvPhdLxV,2744.75,269.387,7870.88,7183163.875
27-05-2020 01:45,ZnxXDlPa8U1GXgE,0,0,0,6612649.000
17-06-2020 23:15,1IF53ai7Xc0U56Y,0,0,6034,6433566.000
17-05-2020 11:15,McdE0feGgRqW7Ca,13192.4,1286.27,3153.71,7175174.714
01-06-2020 09:30,zBIq5rxdHJRwDNY,6289.71,616.2,1407.14,6464646.143
10-06-2020 20:30,VHMLBKoKgIrUVDU,0,0,6479,7409295.000
13-06-2020 03:15,YxYtjZvoooNbGkE,0,0,0,7391059.000
16-06-2020 08:45,z9Y9gH1T5YWrNuG,5847.25,573.013,733,7239917.000
25-05-2020 19:00,1IF53ai7Xc0U56Y,0,0,9048,6266528.000
10-06-2020 05:45,ZoEaEvLYb1n2sOq,0,0,0,7289679.000
23-05-2020 00:45,YxYtjZvoooNbGkE,0,0,0,7236121.000
16-06-2020 15:30,1IF53ai7Xc0U56Y,6358,622.871,5608.29,6426822.286
27-05-2020 22:45,YxYtjZvoooNbGkE,0,0,0,7276029.000
16-05-2020 15:00,ZnxXDlPa8U1GXgE,7420.12,726.538,5793.25,6534269.250
17-05-2020 16:15,iCRJl6heRkivqQ3,4905.71,481.029,7114.29,7197962.286
08-06-2020 07:00,WRmjgnKYAwPKWDb,1587.57,155.2,79,7204761.000
21-05-2020 20:00,McdE0feGgRqW7Ca,0,0,7993,7209055.000
15-05-2020 13:15,zVJPv84UY57bAof,6664.57,652.8,3405,7119556.000
22-05-2020 15:00,1IF53ai7Xc0U56Y,9845.75,962.763,6425.38,6239672.375
05-06-2020 14:30,zVJPv84UY57bAof,11881,1158.99,5643.38,7276916.375
08-06-2020 14:30,iCRJl6heRkivqQ3,11243.1,1098.05,6526.25,7363037.250
25-05-2020 01:00,pkci93gMrogZuBj,0,0,0,7241707.000
18-05-2020 14:45,1BY6WEcLGh8j5v7,5844.29,572.657,3706.14,6282356.143
07-06-2020 07:15,bvBOhCH3iADSZry,1703.75,166.988,121.5,6473245.500
04-06-2020 13:00,zVJPv84UY57bAof,10454.6,1021.25,4597.88,7267650.875
20-05-2020 01:00,rGa61gmuvPhdLxV,0,0,0,7143812.000
26-05-2020 19:15,VHMLBKoKgIrUVDU,0,0,0,7297615.000
16-06-2020 21:00,7JYdWkrLSPkdwr4,0,0,6166,7840965.000
24-05-2020 02:00,7JYdWkrLSPkdwr4,0,0,0,7667220.000
22-05-2020 09:00,ZoEaEvLYb1n2sOq,5127.43,502.771,852.286,7147537.286
19-05-2020 01:45,zBIq5rxdHJRwDNY,0,0,0,6365047.000
19-05-2020 10:15,ZoEaEvLYb1n2sOq,8305.25,812.425,1500.75,7125027.750
14-06-2020 08:15,ZoEaEvLYb1n2sOq,3450.75,337.671,494.714,7316257.714
03-06-2020 22:45,YxYtjZvoooNbGkE,0,0,7827,7326756.000
23-05-2020 08:45,adLQvlD726eNBSB,8170,799.629,887.571,6329838.571
28-05-2020 20:00,pkci93gMrogZuBj,0,0,8273,7273258.000
06-06-2020 22:00,pkci93gMrogZuBj,0,0,0,7337918.000
10-06-2020 05:30,z9Y9gH1T5YWrNuG,0,0,0,7199053.000
31-05-2020 00:15,McdE0feGgRqW7Ca,0,0,0,7280565.000
27-05-2020 14:15,VHMLBKoKgIrUVDU,4708.88,462.212,5111,7302726.000
02-06-2020 19:45,zVJPv84UY57bAof,0,0,7451,7255217.000
19-05-2020 14:00,7JYdWkrLSPkdwr4,8571.71,838.7,4761.86,7633133.857
13-06-2020 17:30,1BY6WEcLGh8j5v7,1174.57,114.357,7928,6463607.000
17-05-2020 00:15,z9Y9gH1T5YWrNuG,0,0,0,7020740.000
31-05-2020 04:30,1BY6WEcLGh8j5v7,0,0,0,6372128.000
19-05-2020 07:00,iCRJl6heRkivqQ3,2453.62,240.6,51.125,7203818.125
23-05-2020 02:00,3PZuoBAID5Wc2HD,0,0,0,7044616.000
12-06-2020 10:45,sjndEbLyjtCKgGv,6662.86,652.6,1598.29,7222852.286
16-06-2020 05:45,1BY6WEcLGh8j5v7,0,0,0,6473950.000
17-06-2020 16:15,z9Y9gH1T5YWrNuG,3422.75,336.15,5549.25,7250934.250
29-05-2020 07:15,zBIq5rxdHJRwDNY,1874.43,183.714,133.571,6442127.571
08-06-2020 20:00,ZoEaEvLYb1n2sOq,0,0,8271,7281724.000
12-06-2020 09:00,zVJPv84UY57bAof,5006,490.771,486.857,7323173.857
19-05-2020 15:30,bvBOhCH3iADSZry,5947.25,582.812,5562.25,6346100.250
12-06-2020 03:00,z9Y9gH1T5YWrNuG,0,0,0,7211064.000
31-05-2020 11:15,YxYtjZvoooNbGkE,9506.57,928.743,2506.71,7302275.714
16-05-2020 08:00,1BY6WEcLGh8j5v7,3960,389.114,315.286,6265628.286
15-06-2020 02:15,iCRJl6heRkivqQ3,0,0,0,7407224.000
15-05-2020 18:15,iCRJl6heRkivqQ3,87.125,8.425,6417,7184409.000
05-06-2020 04:30,uHbuxQJl8lW7ozc,0,0,0,7194535.000
10-06-2020 23:00,ih0vzX44oOqAx2f,0,0,6277,6381032.000
17-06-2020 11:15,YxYtjZvoooNbGkE,7995,782.543,2103.29,7421659.286
09-06-2020 23:30,adLQvlD726eNBSB,0,0,8273,6470277.000
23-05-2020 14:45,zVJPv84UY57bAof,7094.25,694.75,6919.5,7179213.500
16-06-2020 13:45,pkci93gMrogZuBj,6300.88,616.837,4423.12,7407640.125
25-05-2020 15:15,wCURE6d3bPkepu2,8418.12,823.663,7868.38,6863659.375
09-06-2020 05:30,iCRJl6heRkivqQ3,0,0,0,7364955.000
15-06-2020 13:30,sjndEbLyjtCKgGv,3663.29,359.5,4836.14,7247647.143
01-06-2020 23:45,bvBOhCH3iADSZry,0,0,2689,6438645.000
27-05-2020 15:30,z9Y9gH1T5YWrNuG,7703.75,754.025,5788.38,7102971.375
12-06-2020 16:15,3PZuoBAID5Wc2HD,2748.57,269.571,5521.43,7201707.429
17-05-2020 06:15,ZnxXDlPa8U1GXgE,144.286,13.9286,0.857143,6535152.857
16-05-2020 20:45,bvBOhCH3iADSZry,0,0,6138,6328648.000
13-06-2020 18:30,uHbuxQJl8lW7ozc,66.875,6.45,8437,7260531.000
31-05-2020 07:45,ih0vzX44oOqAx2f,2287.29,224.271,194.571,6302461.571
15-05-2020 14:45,McdE0feGgRqW7Ca,7507.29,734.129,5143.14,7164107.143
13-06-2020 21:00,zVJPv84UY57bAof,0,0,8410,7336960.000
11-06-2020 19:45,wCURE6d3bPkepu2,0,0,5651,6988054.000
02-06-2020 19:00,7JYdWkrLSPkdwr4,0,0,0,7740873.000
05-06-2020 16:00,bvBOhCH3iADSZry,6814.12,667.4,6247.38,6466433.375
31-05-2020 02:00,1IF53ai7Xc0U56Y,0,0,0,6305543.000
04-06-2020 11:15,z9Y9gH1T5YWrNuG,7706.12,753.938,2906.5,7158019.500
15-06-2020 11:30,wCURE6d3bPkepu2,9106.5,889.663,3442.62,7013140.625
04-06-2020 17:45,pkci93gMrogZuBj,1994.29,195.371,8200.86,7323636.857
29-05-2020 08:00,7JYdWkrLSPkdwr4,3333.5,327.6,324.5,7707152.500
10-06-2020 01:45,1BY6WEcLGh8j5v7,0,0,0,6439070.000
02-06-2020 17:45,bvBOhCH3iADSZry,562.143,54.4,6819.43,6445464.429
11-06-2020 14:45,uHbuxQJl8lW7ozc,6551.38,641.65,4317.25,7244825.250
16-05-2020 11:30,VHMLBKoKgIrUVDU,6997.14,685.186,2826.43,7215492.429
04-06-2020 12:15,WRmjgnKYAwPKWDb,12400.7,1209.51,3936,7178563.000
29-05-2020 10:00,VHMLBKoKgIrUVDU,8442.5,825.737,1597.62,7314484.625
07-06-2020 06:00,bvBOhCH3iADSZry,55.5714,5.35714,0.285714,6473124.286
07-06-2020 09:45,ZnxXDlPa8U1GXgE,6287.62,615.987,1346.12,6694400.125
01-06-2020 13:45,zVJPv84UY57bAof,6940.5,679.617,4816.17,7246840.167
09-06-2020 20:15,ZoEaEvLYb1n2sOq,0,0,7955,7289679.000
16-05-2020 13:15,YxYtjZvoooNbGkE,10974,1072.33,4274.12,7190531.125
26-05-2020 00:15,sjndEbLyjtCKgGv,0,0,0,7098111.000
17-06-2020 11:45,pkci93gMrogZuBj,11664.4,1138.51,2520.71,7411998.714
31-05-2020 02:45,sjndEbLyjtCKgGv,0,0,0,7136255.000
24-05-2020 16:15,VHMLBKoKgIrUVDU,4601.62,450.938,7694.75,7280026.750
14-06-2020 22:45,uHbuxQJl8lW7ozc,0,0,7306,7267837.000
31-05-2020 18:45,McdE0feGgRqW7Ca,0,0,6195,7286760.000
30-05-2020 05:30,ZoEaEvLYb1n2sOq,0,0,0,7209600.000
30-05-2020 00:00,bvBOhCH3iADSZry,0,0,0,6421023.000
12-06-2020 04:30,wCURE6d3bPkepu2,0,0,0,6988054.000
09-06-2020 01:00,1BY6WEcLGh8j5v7,0,0,0,6431614.000
05-06-2020 18:00,VHMLBKoKgIrUVDU,1095.86,106.514,7706.86,7371527.857
12-06-2020 07:15,YxYtjZvoooNbGkE,1048.25,101.875,64.75,7385343.750
15-06-2020 11:15,zVJPv84UY57bAof,7787.38,761.712,3209.75,7347489.750
27-05-2020 12:15,adLQvlD726eNBSB,6861.86,671.571,3966.14,6367482.143
29-05-2020 18:15,1IF53ai7Xc0U56Y,125.857,12.1143,8251.86,6298209.857
01-06-2020 14:30,wCURE6d3bPkepu2,4704,461.3,5344.43,6914749.429
11-06-2020 15:00,adLQvlD726eNBSB,7808.43,764.186,4602,6481546.000
08-06-2020 06:45,1BY6WEcLGh8j5v7,1026.62,99.775,42.625,6423792.625
28-05-2020 04:45,McdE0feGgRqW7Ca,0,0,0,7256389.000
18-05-2020 01:30,1IF53ai7Xc0U56Y,0,0,0,6204353.000
24-05-2020 22:30,wCURE6d3bPkepu2,0,0,7961,6855791.000
10-06-2020 08:45,adLQvlD726eNBSB,6958.43,681.5,761,6471038.000
02-06-2020 06:30,zVJPv84UY57bAof,489,47.2875,17.875,7247783.875
12-06-2020 08:45,YxYtjZvoooNbGkE,4063.88,399.163,366.75,7385645.750
11-06-2020 19:45,adLQvlD726eNBSB,0,0,5790,6482734.000
11-06-2020 10:30,McdE0feGgRqW7Ca,5868,574.986,1228.43,7362851.429
16-06-2020 21:00,z9Y9gH1T5YWrNuG,0,0,6201,7245385.000
07-06-2020 01:45,adLQvlD726eNBSB,0,0,0,6445031.000
14-06-2020 07:15,YxYtjZvoooNbGkE,3145.62,309.038,137,7399576.000
08-06-2020 08:45,iCRJl6heRkivqQ3,7209.88,706,695.375,7357206.375
23-05-2020 20:00,pkci93gMrogZuBj,0,0,8475,7233675.000
11-06-2020 17:45,1IF53ai7Xc0U56Y,1009.86,98.1286,5668.14,6392288.143
11-06-2020 14:00,1IF53ai7Xc0U56Y,6889,674.686,3723.57,6390343.571
03-06-2020 18:15,1IF53ai7Xc0U56Y,360.25,34.8125,7869.62,6332653.625
30-05-2020 21:15,7JYdWkrLSPkdwr4,0,0,7143,7721978.000
16-06-2020 10:15,1IF53ai7Xc0U56Y,10477,1023.86,1987.14,6423202.571
03-06-2020 06:30,iCRJl6heRkivqQ3,602.25,58.275,15.375,7317828.375
09-06-2020 07:00,3PZuoBAID5Wc2HD,2496.43,244.814,106.571,7175839.571
25-05-2020 03:30,WRmjgnKYAwPKWDb,0,0,0,7101117.000
06-06-2020 06:15,pkci93gMrogZuBj,404,39.0429,7.71429,7331494.714
12-06-2020 15:00,ZoEaEvLYb1n2sOq,5586,547.475,4830,7306462.000
31-05-2020 07:30,sjndEbLyjtCKgGv,1966.57,192.786,141,7136396.000
15-06-2020 23:30,adLQvlD726eNBSB,0,0,6916,6512002.000
03-06-2020 11:45,bvBOhCH3iADSZry,12762.4,1244.71,2759.43,6448246.429
13-06-2020 05:15,VHMLBKoKgIrUVDU,0,0,0,7420914.000
14-06-2020 03:15,YxYtjZvoooNbGkE,0,0,0,7399439.000
20-05-2020 01:45,WRmjgnKYAwPKWDb,0,0,0,7060932.000
31-05-2020 21:45,1BY6WEcLGh8j5v7,0,0,5803,6377931.000
15-06-2020 10:30,ZnxXDlPa8U1GXgE,10166.2,992.237,2515.75,6754262.750
02-06-2020 12:45,ih0vzX44oOqAx2f,10864.1,1061.19,4074,6318057.000
06-06-2020 20:30,bvBOhCH3iADSZry,0,0,5873,6473124.000
28-05-2020 00:00,uHbuxQJl8lW7ozc,0,0,0,7135258.000
19-05-2020 15:00,ZoEaEvLYb1n2sOq,7153.57,700.4,5630.29,7129157.286
15-06-2020 15:45,uHbuxQJl8lW7ozc,5995.29,587.314,6336,7274173.000
27-05-2020 00:45,uHbuxQJl8lW7ozc,0,0,0,7128538.000
30-05-2020 00:30,1IF53ai7Xc0U56Y,0,0,0,6298211.000
08-06-2020 07:15,wCURE6d3bPkepu2,1933.38,189.5,120.25,6959647.250
15-06-2020 05:30,1IF53ai7Xc0U56Y,0,0,0,6414368.000
13-06-2020 04:45,wCURE6d3bPkepu2,0,0,0,6993908.000
03-06-2020 02:45,iCRJl6heRkivqQ3,0,0,0,7317813.000
29-05-2020 15:00,ih0vzX44oOqAx2f,7843,767.714,6620.43,6293790.429
05-06-2020 02:45,YxYtjZvoooNbGkE,0,0,0,7334886.000
25-05-2020 23:45,bvBOhCH3iADSZry,0,0,4062,6392336.000
11-06-2020 15:00,z9Y9gH1T5YWrNuG,7495.88,733.763,4441,7209906.000
14-06-2020 07:30,ZoEaEvLYb1n2sOq,3090.43,303.514,213.571,7315976.571
13-06-2020 22:00,bvBOhCH3iADSZry,0,0,7863,6517642.000
01-06-2020 03:45,wCURE6d3bPkepu2,0,0,0,6909405.000
17-06-2020 12:45,WRmjgnKYAwPKWDb,9772.14,955.571,3671.29,7271250.286
04-06-2020 16:00,rGa61gmuvPhdLxV,7972.57,780.357,7339.57,7264476.571
17-06-2020 08:15,iCRJl6heRkivqQ3,3820.43,375.414,388.571,7420694.571
11-06-2020 08:30,ZoEaEvLYb1n2sOq,2976.88,292.25,323.625,7296394.625
26-05-2020 01:30,uHbuxQJl8lW7ozc,0,0,0,7120696.000
06-06-2020 20:00,z9Y9gH1T5YWrNuG,0,0,0,7177289.000
02-06-2020 15:15,1IF53ai7Xc0U56Y,5365.86,525.971,6370.57,6323814.571
06-06-2020 07:00,zBIq5rxdHJRwDNY,2474.5,242.675,90.875,6500392.875
29-05-2020 23:30,iCRJl6heRkivqQ3,0,0,0,7291253.000
09-06-2020 04:30,z9Y9gH1T5YWrNuG,0,0,0,7191424.000
19-05-2020 20:45,pkci93gMrogZuBj,0,0,6938,7201349.000
15-05-2020 04:00,z9Y9gH1T5YWrNuG,0,0,0,7007866.000
27-05-2020 23:30,7JYdWkrLSPkdwr4,0,0,6638,7698550.000
07-06-2020 11:15,bvBOhCH3iADSZry,12502.6,1219.34,2559.57,6475683.571
02-06-2020 02:30,zVJPv84UY57bAof,0,0,0,7247766.000
01-06-2020 01:15,ZnxXDlPa8U1GXgE,0,0,0,6649525.000
07-06-2020 21:15,bvBOhCH3iADSZry,0,0,5169,6478293.000
17-05-2020 21:15,ZnxXDlPa8U1GXgE,0,0,7586,6542738.000
21-05-2020 16:00,ZnxXDlPa8U1GXgE,4071.71,399.929,7437.71,6571482.714
27-05-2020 15:45,adLQvlD726eNBSB,6693,655.5,6163,6369679.000
30-05-2020 11:30,1BY6WEcLGh8j5v7,8093.86,791.757,1968.57,6367342.571
15-05-2020 18:45,adLQvlD726eNBSB,0,0,6383,6277738.000
08-06-2020 00:00,zBIq5rxdHJRwDNY,0,0,1169,6514911.000
09-06-2020 04:15,wCURE6d3bPkepu2,0,0,0,6967970.000
01-06-2020 15:00,wCURE6d3bPkepu2,2833.71,278.043,5499.43,6914904.429
06-06-2020 01:45,iCRJl6heRkivqQ3,0,0,0,7341803.000
17-05-2020 06:30,McdE0feGgRqW7Ca,464.143,44.9,7.57143,7172028.571
13-06-2020 01:00,1IF53ai7Xc0U56Y,0,0,0,6398227.000
27-05-2020 13:15,VHMLBKoKgIrUVDU,5277.12,517.325,4660.25,7302275.250
30-05-2020 07:45,1BY6WEcLGh8j5v7,2209,216.571,211.714,6365585.714
15-06-2020 00:30,adLQvlD726eNBSB,0,0,0,6505086.000
28-05-2020 02:00,rGa61gmuvPhdLxV,0,0,0,7206549.000
17-05-2020 22:15,ZnxXDlPa8U1GXgE,0,0,7586,6542738.000
06-06-2020 05:15,rGa61gmuvPhdLxV,0,0,0,7273090.000
15-05-2020 06:45,pkci93gMrogZuBj,1264.14,123.114,37.1429,7169139.143
24-05-2020 02:00,bvBOhCH3iADSZry,0,0,0,6376772.000
24-05-2020 06:30,zBIq5rxdHJRwDNY,723.375,70.1375,20,6404501.000
14-06-2020 01:45,1IF53ai7Xc0U56Y,0,0,0,6406881.000
31-05-2020 15:00,ih0vzX44oOqAx2f,2046.62,200.65,5349.75,6307616.750
13-06-2020 04:15,adLQvlD726eNBSB,0,0,0,6488722.000
13-06-2020 06:15,z9Y9gH1T5YWrNuG,354.25,34.2375,5.625,7216872.625
05-06-2020 01:45,zVJPv84UY57bAof,0,0,0,7271273.000
10-06-2020 06:45,7JYdWkrLSPkdwr4,1383.43,134.8,50.5714,7794779.571
28-05-2020 16:15,3PZuoBAID5Wc2HD,4771.12,467.562,8075,7093526.000
12-06-2020 14:00,rGa61gmuvPhdLxV,8925.75,873.2,4249,7320681.000
17-05-2020 13:15,uHbuxQJl8lW7ozc,5304.62,519.675,4858.12,7056197.125
17-06-2020 15:45,wCURE6d3bPkepu2,1409.71,137.529,5479,7028197.000
26-05-2020 22:15,iCRJl6heRkivqQ3,0,0,0,7267996.000
24-05-2020 18:15,zBIq5rxdHJRwDNY,376.286,36.3571,7269.14,6411750.143
23-05-2020 15:15,pkci93gMrogZuBj,7790.38,762.5,7150.25,7232350.250
02-06-2020 02:30,1IF53ai7Xc0U56Y,0,0,0,6317444.000
22-05-2020 16:30,1BY6WEcLGh8j5v7,2107,206.562,6672.88,6312261.875
19-05-2020 10:15,zVJPv84UY57bAof,8308.12,812.562,1568.75,7142973.750
31-05-2020 01:15,VHMLBKoKgIrUVDU,0,0,0,7328329.000
11-06-2020 02:15,iCRJl6heRkivqQ3,0,0,0,7379779.000
12-06-2020 00:30,7JYdWkrLSPkdwr4,0,0,0,7806664.000
15-06-2020 03:00,ih0vzX44oOqAx2f,0,0,0,6407683.000
16-06-2020 19:00,1BY6WEcLGh8j5v7,0,0,5848,6479798.000
14-06-2020 13:45,ZnxXDlPa8U1GXgE,11747.2,1146.81,4931.25,6749274.250
19-05-2020 10:00,z9Y9gH1T5YWrNuG,7266.71,710.857,1358.14,7034931.143
17-06-2020 12:15,7JYdWkrLSPkdwr4,13528.7,1319.04,3093.71,7844058.714
04-06-2020 17:15,1IF53ai7Xc0U56Y,3663.71,360.1,8011,6340670.000
16-06-2020 04:00,zBIq5rxdHJRwDNY,0,0,0,6571833.000
12-06-2020 01:45,YxYtjZvoooNbGkE,0,0,0,7385279.000
06-06-2020 11:15,3PZuoBAID5Wc2HD,12650.5,1234.42,3024,7155510.000
08-06-2020 20:45,VHMLBKoKgIrUVDU,0,0,8488,7394696.000
16-06-2020 16:45,z9Y9gH1T5YWrNuG,2231.38,218.775,5995.12,7245179.125
23-05-2020 09:45,adLQvlD726eNBSB,9324,911.557,1758.43,6330709.429
04-06-2020 10:15,7JYdWkrLSPkdwr4,8073.12,788.9,1812.62,7750434.625
15-06-2020 13:15,adLQvlD726eNBSB,5943,582.443,4853,6509939.000
25-05-2020 10:30,bvBOhCH3iADSZry,10402.9,1016.94,2285.62,6386497.625
18-05-2020 17:45,VHMLBKoKgIrUVDU,748.286,72.5429,5433.29,7232530.286
29-05-2020 09:45,zBIq5rxdHJRwDNY,8119.75,794.3,1318.75,6443312.750
15-06-2020 09:15,3PZuoBAID5Wc2HD,8997.86,879.957,1358,7219581.000
15-06-2020 11:45,WRmjgnKYAwPKWDb,9403.88,919,3606.38,7258190.375
11-06-2020 16:00,ih0vzX44oOqAx2f,4751.38,466.275,5008.25,6386040.250
09-06-2020 10:15,McdE0feGgRqW7Ca,10466.2,1021.48,2146.62,7348928.625
12-06-2020 23:00,zBIq5rxdHJRwDNY,0,0,5837,6549387.000
15-05-2020 02:30,adLQvlD726eNBSB,0,0,0,6271355.000
24-05-2020 23:00,ZoEaEvLYb1n2sOq,0,0,7985,7170169.000
08-06-2020 17:30,7JYdWkrLSPkdwr4,1814.75,177.65,8195.75,7786705.750
15-05-2020 14:45,zBIq5rxdHJRwDNY,7227.14,707.129,5090.14,6344470.143
03-06-2020 06:00,YxYtjZvoooNbGkE,57.5,5.55,0,7318929.000
15-05-2020 08:30,ZnxXDlPa8U1GXgE,5053.29,495.429,490.714,6522662.714
13-06-2020 17:00,1IF53ai7Xc0U56Y,1743.62,170.775,8511,6406738.000
02-06-2020 23:00,7JYdWkrLSPkdwr4,0,0,0,7740873.000
02-06-2020 01:30,7JYdWkrLSPkdwr4,0,0,0,7733624.000
04-06-2020 10:30,McdE0feGgRqW7Ca,9449.43,922.6,2132.71,7310501.714
26-05-2020 07:15,YxYtjZvoooNbGkE,2501.12,245.262,131,7261595.000
19-05-2020 22:30,YxYtjZvoooNbGkE,0,0,6878,7212476.000
20-05-2020 21:00,1IF53ai7Xc0U56Y,0,0,8997,6225427.000
30-05-2020 11:15,1BY6WEcLGh8j5v7,9698.43,947.657,1753.86,6367127.857
05-06-2020 13:30,ZoEaEvLYb1n2sOq,10157.1,992.062,4393.12,7255933.125
24-05-2020 07:45,zVJPv84UY57bAof,3878.5,381,279.625,7181117.625
12-06-2020 23:30,McdE0feGgRqW7Ca,0,0,5955,7373328.000
15-06-2020 23:00,zVJPv84UY57bAof,0,0,6820,7351100.000
19-05-2020 10:00,1IF53ai7Xc0U56Y,6893.25,674.975,1395.12,6211201.125
13-06-2020 06:00,ZnxXDlPa8U1GXgE,112.375,10.85,0.5,6735785.500
13-06-2020 00:30,bvBOhCH3iADSZry,0,0,0,6509779.000
16-06-2020 15:45,wCURE6d3bPkepu2,5078.29,497.971,5711.43,7022155.429
17-06-2020 13:30,pkci93gMrogZuBj,9730.88,951.263,4293.38,7413771.375
28-05-2020 06:45,VHMLBKoKgIrUVDU,1411.75,137.713,51.375,7304429.375
15-06-2020 21:15,ZnxXDlPa8U1GXgE,0,0,6757,6758504.000
08-06-2020 18:45,adLQvlD726eNBSB,0,0,8620,6462004.000
28-05-2020 08:00,ZnxXDlPa8U1GXgE,5081,498.114,431.286,6619807.286
14-06-2020 03:00,1BY6WEcLGh8j5v7,0,0,0,6463663.000
14-06-2020 17:45,WRmjgnKYAwPKWDb,554.25,53.65,7381,7254560.000
18-05-2020 20:30,uHbuxQJl8lW7ozc,0,0,5408,7064201.000
29-05-2020 16:45,ZnxXDlPa8U1GXgE,3635.25,357.275,7905.5,6635821.500
23-05-2020 12:30,7JYdWkrLSPkdwr4,12274.6,1197.64,4630.14,7663400.143
12-06-2020 19:30,adLQvlD726eNBSB,0,0,5988,6488722.000
31-05-2020 23:00,adLQvlD726eNBSB,0,0,5933,6400704.000
13-06-2020 13:15,ih0vzX44oOqAx2f,8470,828.214,5344.14,6397607.143
05-06-2020 15:00,ZoEaEvLYb1n2sOq,9126,891.686,5942.43,7257482.429
23-05-2020 17:30,sjndEbLyjtCKgGv,2044.62,200.45,8377.88,7081339.875
19-05-2020 05:15,rGa61gmuvPhdLxV,0,0,0,7136902.000
31-05-2020 00:00,7JYdWkrLSPkdwr4,0,0,1020.43,7721978.000
02-06-2020 13:45,z9Y9gH1T5YWrNuG,11755,1147.45,5203,7145031.000
12-06-2020 06:15,7JYdWkrLSPkdwr4,163.625,15.8,1.125,7806665.125
15-06-2020 18:30,YxYtjZvoooNbGkE,24.5714,2.35714,6633,7413335.000
12-06-2020 11:45,ih0vzX44oOqAx2f,9120.57,892.2,2340.43,6388893.429
01-06-2020 19:45,VHMLBKoKgIrUVDU,0,0,5909,7340314.000
11-06-2020 03:00,z9Y9gH1T5YWrNuG,0,0,0,7205465.000
29-05-2020 17:45,3PZuoBAID5Wc2HD,923.429,89.6714,8185.29,7102164.286
05-06-2020 04:30,McdE0feGgRqW7Ca,0,0,0,7316761.000
31-05-2020 05:15,zBIq5rxdHJRwDNY,0,0,0,6457301.000
04-06-2020 00:15,z9Y9gH1T5YWrNuG,0,0,0,7155113.000
31-05-2020 06:15,ih0vzX44oOqAx2f,450.714,43.5857,7.28571,6302274.286
15-05-2020 14:30,z9Y9gH1T5YWrNuG,5346.38,523.9,4900,7012766.000
05-06-2020 18:15,rGa61gmuvPhdLxV,558,54.025,7733.12,7273082.125
17-06-2020 16:45,ZoEaEvLYb1n2sOq,1113.75,108.287,5707.38,7341589.375
25-05-2020 01:30,rGa61gmuvPhdLxV,0,0,0,7183295.000
17-05-2020 04:00,iCRJl6heRkivqQ3,0,0,0,7190848.000
19-05-2020 18:15,z9Y9gH1T5YWrNuG,0,0,6892,7040465.000
21-05-2020 09:45,wCURE6d3bPkepu2,10397.6,1016.39,1638.57,6825882.571
06-06-2020 00:30,VHMLBKoKgIrUVDU,0,0,0,7371554.000
11-06-2020 21:30,VHMLBKoKgIrUVDU,0,0,5716,7415011.000
17-06-2020 14:30,7JYdWkrLSPkdwr4,8464.5,827.8,4971.62,7845936.625
05-06-2020 15:30,VHMLBKoKgIrUVDU,3710,363.625,6495.5,7370316.500
11-06-2020 22:15,zBIq5rxdHJRwDNY,0,0,5647,6543550.000
14-06-2020 13:00,1BY6WEcLGh8j5v7,0,0,2402,6466065.000
24-05-2020 14:15,McdE0feGgRqW7Ca,11816,1152.59,6304.29,7230940.286
20-05-2020 21:00,uHbuxQJl8lW7ozc,0,0,8913,7080111.000
02-06-2020 10:30,pkci93gMrogZuBj,7344.71,719.014,2220.14,7302520.143
08-06-2020 11:15,pkci93gMrogZuBj,11902.7,1160.9,3257,7349389.000
28-05-2020 14:00,VHMLBKoKgIrUVDU,9652.43,942.314,6531.14,7310909.143
16-06-2020 06:00,1IF53ai7Xc0U56Y,15.4286,1.5,0,6421214.000
13-06-2020 21:30,uHbuxQJl8lW7ozc,0,0,8437,7260531.000
13-06-2020 20:45,zVJPv84UY57bAof,0,0,8410,7336960.000
17-06-2020 10:30,sjndEbLyjtCKgGv,7315.29,716.286,1604.57,7257398.571
04-06-2020 12:30,zBIq5rxdHJRwDNY,10273.1,1003.26,4125.43,6488467.429
08-06-2020 15:15,1IF53ai7Xc0U56Y,9128.5,892.875,7349.12,6370687.125
30-05-2020 14:15,uHbuxQJl8lW7ozc,11578,1129.92,5039.5,7156971.500
23-05-2020 01:00,bvBOhCH3iADSZry,0,0,0,6368908.000
27-05-2020 20:30,ih0vzX44oOqAx2f,0,0,6564,6278855.000
06-06-2020 11:15,7JYdWkrLSPkdwr4,11535.1,1125.39,2908.88,7767048.875
16-06-2020 15:15,3PZuoBAID5Wc2HD,4740.38,465.087,5482.38,7230524.375
24-05-2020 14:15,1BY6WEcLGh8j5v7,8892.5,869.7,5932.38,6326335.375
21-05-2020 07:45,ih0vzX44oOqAx2f,3278,322.08,311.2,6226252.200
29-05-2020 08:00,McdE0feGgRqW7Ca,3384.38,332.587,328.75,7265284.750
04-06-2020 17:15,zBIq5rxdHJRwDNY,3991.71,392.229,8027.14,6492369.143
17-05-2020 19:45,iCRJl6heRkivqQ3,0,0,7519,7198367.000
17-06-2020 13:00,ih0vzX44oOqAx2f,6803.75,666.375,3773.5,6424144.500
12-06-2020 17:15,1IF53ai7Xc0U56Y,1824.12,178.787,5757,6398081.000
24-05-2020 08:00,ZoEaEvLYb1n2sOq,4830.43,473.743,383.857,7162567.857
17-05-2020 22:15,z9Y9gH1T5YWrNuG,0,0,7486,7028226.000
08-06-2020 20:30,rGa61gmuvPhdLxV,0,0,8291,7295964.000
15-05-2020 12:15,1IF53ai7Xc0U56Y,9083.25,887.825,2960.38,6186605.375
22-05-2020 17:30,1BY6WEcLGh8j5v7,752.125,72.9375,6818.38,6312407.375
22-05-2020 18:15,McdE0feGgRqW7Ca,120.875,11.675,6896.12,7215951.125
17-05-2020 07:45,YxYtjZvoooNbGkE,4197.57,412.114,240,7192972.000
13-06-2020 17:45,zBIq5rxdHJRwDNY,974.857,94.7,8400.14,6557787.143
18-05-2020 23:00,VHMLBKoKgIrUVDU,0,0,5457,7232554.000
23-05-2020 07:45,VHMLBKoKgIrUVDU,3895.57,382.814,237,7263958.000
28-05-2020 02:45,3PZuoBAID5Wc2HD,0,0,0,7085451.000
16-06-2020 08:30,z9Y9gH1T5YWrNuG,5547,543.729,584,7239768.000
02-06-2020 13:15,uHbuxQJl8lW7ozc,11519.7,1124.47,4723.57,7175665.571
06-06-2020 15:30,ZoEaEvLYb1n2sOq,4253.88,417.725,5938.12,7265013.125
16-06-2020 08:15,zVJPv84UY57bAof,4628.29,454.286,469,7351569.000
23-05-2020 22:15,z9Y9gH1T5YWrNuG,0,0,8543,7072762.000
14-06-2020 00:15,VHMLBKoKgIrUVDU,0,0,0,7429566.000
15-05-2020 15:00,pkci93gMrogZuBj,4994.62,490.062,5243.62,7174345.625
18-05-2020 13:15,bvBOhCH3iADSZry,9050.29,885.029,2438.43,6338014.429
13-06-2020 23:30,ih0vzX44oOqAx2f,0,0,8255,6400518.000
29-05-2020 09:15,VHMLBKoKgIrUVDU,9115.71,891.7,1028.57,7313915.571
01-06-2020 21:00,7JYdWkrLSPkdwr4,0,0,5803,7733624.000
07-06-2020 06:00,ih0vzX44oOqAx2f,79.5,7.675,0.25,6350673.250
01-06-2020 02:15,ZnxXDlPa8U1GXgE,0,0,0,6649525.000
30-05-2020 01:30,z9Y9gH1T5YWrNuG,0,0,0,7120455.000
23-05-2020 14:45,ih0vzX44oOqAx2f,7167.14,701.843,6729.86,6247272.857
07-06-2020 23:15,zBIq5rxdHJRwDNY,0,0,8183,6514911.000
22-05-2020 13:45,ZnxXDlPa8U1GXgE,9812.12,958.112,5203.75,6577067.750
16-06-2020 14:15,ZoEaEvLYb1n2sOq,4411,432.925,4703.5,7334394.500
17-06-2020 19:45,3PZuoBAID5Wc2HD,0,0,6052,7237425.000
21-05-2020 14:00,1IF53ai7Xc0U56Y,10322.4,1007.71,6015.43,6231442.429
17-06-2020 13:15,sjndEbLyjtCKgGv,7887.86,772.114,4037.43,7259831.429
01-06-2020 12:00,wCURE6d3bPkepu2,4788.75,469.712,3734.62,6913139.625
27-05-2020 15:30,iCRJl6heRkivqQ3,9464.14,925.586,5769.57,7273765.571
19-05-2020 21:30,VHMLBKoKgIrUVDU,0,0,6988,7239542.000
04-06-2020 09:15,bvBOhCH3iADSZry,5696.38,558.237,1029,6453753.000
28-05-2020 11:00,zBIq5rxdHJRwDNY,10697.7,1043.59,2802.86,6436885.857
02-06-2020 14:15,McdE0feGgRqW7Ca,7374.75,722.075,5755.88,7298507.875
16-05-2020 23:00,7JYdWkrLSPkdwr4,0,0,6461,7615537.000
06-06-2020 06:30,1BY6WEcLGh8j5v7,724.429,70.2286,20.4286,6412562.429
17-05-2020 16:45,zBIq5rxdHJRwDNY,3785.14,371.871,7302.43,6359452.429
05-06-2020 08:00,3PZuoBAID5Wc2HD,3118.62,306.2,298.875,7145001.875
07-06-2020 12:45,ih0vzX44oOqAx2f,12808.6,1248.83,4515.14,6355188.143
17-06-2020 23:00,1BY6WEcLGh8j5v7,0,0,5521,6485319.000
30-05-2020 10:15,iCRJl6heRkivqQ3,4380.62,430.113,1269.75,7292522.750
06-06-2020 02:00,zBIq5rxdHJRwDNY,0,0,0,6500302.000
31-05-2020 07:15,ZnxXDlPa8U1GXgE,1335,130.057,104,6643487.000
31-05-2020 20:00,1BY6WEcLGh8j5v7,0,0,5803,6377931.000
05-06-2020 16:45,sjndEbLyjtCKgGv,4969,487.243,7293.14,7178811.143
26-05-2020 11:15,1IF53ai7Xc0U56Y,8276.25,809.05,3491.12,6270019.125
01-06-2020 02:00,zVJPv84UY57bAof,0,0,0,7242024.000
16-05-2020 16:45,ih0vzX44oOqAx2f,2209.75,216.662,6275.88,6197635.875
17-06-2020 15:45,iCRJl6heRkivqQ3,1425.29,139.057,5548.14,7425854.143
25-05-2020 09:45,zBIq5rxdHJRwDNY,9647.5,943.487,1571.5,6413329.500
09-06-2020 21:30,zBIq5rxdHJRwDNY,0,0,8136,6531405.000
11-06-2020 06:45,wCURE6d3bPkepu2,537.143,51.9857,18.4286,6982421.429
09-06-2020 13:15,z9Y9gH1T5YWrNuG,10471.6,1022.23,4795.86,7196219.857
26-05-2020 07:00,adLQvlD726eNBSB,2069.12,202.85,91.375,6355385.375
03-06-2020 19:00,rGa61gmuvPhdLxV,0,0,7807,7257137.000
25-05-2020 07:15,YxYtjZvoooNbGkE,2356.38,231.025,123.5,7252774.500
15-06-2020 20:45,ih0vzX44oOqAx2f,0,0,6564,6414247.000
04-06-2020 21:00,ZnxXDlPa8U1GXgE,0,0,8178,6679062.000
16-06-2020 01:45,wCURE6d3bPkepu2,0,0,0,7016444.000
19-05-2020 06:15,VHMLBKoKgIrUVDU,76.25,7.3625,0.75,7232554.750
16-05-2020 05:00,z9Y9gH1T5YWrNuG,0,0,0,7014252.000
09-06-2020 17:30,1BY6WEcLGh8j5v7,1917.62,187.975,7370,6438984.000
31-05-2020 17:30,pkci93gMrogZuBj,1390.29,135.743,5850.14,7294726.143
08-06-2020 17:15,VHMLBKoKgIrUVDU,2412.71,236.586,8349.71,7394557.714
19-05-2020 18:15,iCRJl6heRkivqQ3,0,0,6951,7210718.000
15-06-2020 05:15,ZoEaEvLYb1n2sOq,0,0,0,7323052.000
23-05-2020 11:30,VHMLBKoKgIrUVDU,12820,1250.31,3421,7267142.000
15-05-2020 18:00,3PZuoBAID5Wc2HD,296.286,28.6143,6268.29,6994027.286
17-05-2020 18:00,1IF53ai7Xc0U56Y,321.143,31.0143,7752.71,6204346.714
27-05-2020 16:45,adLQvlD726eNBSB,2929.88,287.55,6662.62,6370178.625
18-05-2020 03:00,1BY6WEcLGh8j5v7,0,0,0,6278650.000
12-06-2020 01:15,adLQvlD726eNBSB,0,0,0,6482734.000
30-05-2020 19:00,wCURE6d3bPkepu2,0,0,7278,6903158.000
16-05-2020 03:45,YxYtjZvoooNbGkE,0,0,0,7186257.000
01-06-2020 02:00,1BY6WEcLGh8j5v7,0,0,0,6377931.000
16-06-2020 13:00,rGa61gmuvPhdLxV,5019.71,492.314,3901.29,7348605.286
04-06-2020 08:00,rGa61gmuvPhdLxV,4745.43,465.7,365.714,7257502.714
09-06-2020 04:30,YxYtjZvoooNbGkE,0,0,0,7365310.000
15-05-2020 04:15,1BY6WEcLGh8j5v7,0,0,0,6259559.000
13-06-2020 05:00,ZnxXDlPa8U1GXgE,0,0,0,6735785.000
29-05-2020 22:00,VHMLBKoKgIrUVDU,0,0,8172,7321059.000
13-06-2020 10:45,ih0vzX44oOqAx2f,11488.5,1120.85,2601.75,6394864.750
17-05-2020 04:45,YxYtjZvoooNbGkE,0,0,0,7192732.000
22-05-2020 04:00,bvBOhCH3iADSZry,0,0,0,6362148.000
31-05-2020 18:15,z9Y9gH1T5YWrNuG,251.286,24.2571,6296.71,7133893.714
10-06-2020 12:15,1BY6WEcLGh8j5v7,9574.71,935.514,3058,6442128.000
25-05-2020 12:30,ZnxXDlPa8U1GXgE,12741.6,1242.29,4897.62,6600653.625
18-05-2020 20:15,z9Y9gH1T5YWrNuG,0,0,5347,7033573.000
11-06-2020 14:15,ZoEaEvLYb1n2sOq,8995.38,879.6,3801.62,7299872.625
19-05-2020 12:30,uHbuxQJl8lW7ozc,9886,966.7,3616,7067817.000
23-05-2020 03:30,McdE0feGgRqW7Ca,0,0,0,7215952.000
06-06-2020 23:15,wCURE6d3bPkepu2,0,0,0,6953094.000
16-05-2020 12:15,bvBOhCH3iADSZry,6259.43,613.229,3142.57,6325652.571
30-05-2020 05:00,z9Y9gH1T5YWrNuG,0,0,0,7120455.000
09-06-2020 12:30,McdE0feGgRqW7Ca,9538.38,931.487,4503.38,7351285.375
14-06-2020 02:15,adLQvlD726eNBSB,0,0,0,6497496.000
05-06-2020 21:00,zVJPv84UY57bAof,0,0,7817,7279090.000
14-06-2020 07:15,sjndEbLyjtCKgGv,3338.14,328.057,139.286,7235643.286
08-06-2020 11:45,YxYtjZvoooNbGkE,10571.9,1032.26,3782.25,7360749.250
27-05-2020 03:15,iCRJl6heRkivqQ3,0,0,0,7267996.000
25-05-2020 08:00,1IF53ai7Xc0U56Y,3624.71,355.614,379.714,6257859.714
08-06-2020 05:15,ZoEaEvLYb1n2sOq,0,0,0,7273453.000
31-05-2020 02:15,7JYdWkrLSPkdwr4,0,0,0,7721978.000
13-06-2020 14:45,z9Y9gH1T5YWrNuG,11116.5,1086.01,6861,7223728.000
23-05-2020 10:45,iCRJl6heRkivqQ3,11496.1,1121.67,2567.14,7237160.143
22-05-2020 14:15,VHMLBKoKgIrUVDU,9752.14,952.029,5719,7262080.000
19-05-2020 20:30,ZoEaEvLYb1n2sOq,0,0,6805,7130332.000
23-05-2020 19:30,bvBOhCH3iADSZry,0,0,7864,6376772.000
30-05-2020 20:15,ZoEaEvLYb1n2sOq,0,0,7248,7216848.000
19-05-2020 05:15,ZnxXDlPa8U1GXgE,0,0,0,6548162.000
28-05-2020 05:00,1IF53ai7Xc0U56Y,0,0,0,6281462.000
03-06-2020 20:00,WRmjgnKYAwPKWDb,0,0,7710,7174627.000
02-06-2020 13:30,pkci93gMrogZuBj,10013.2,978.725,4906.88,7305206.875
29-05-2020 16:30,iCRJl6heRkivqQ3,4229.88,415.325,7873.38,7290910.375
25-05-2020 10:00,pkci93gMrogZuBj,10532.7,1029.59,1878.86,7243585.857
05-06-2020 07:30,1BY6WEcLGh8j5v7,1962.12,192.338,153.5,6405533.500
16-06-2020 13:15,McdE0feGgRqW7Ca,7410,725.486,4165.86,7400395.857
09-06-2020 00:45,McdE0feGgRqW7Ca,0,0,0,7346782.000
26-05-2020 06:45,WRmjgnKYAwPKWDb,1322,128.771,47.8571,7110043.857
14-06-2020 07:30,3PZuoBAID5Wc2HD,3267,321,216.286,7210935.286
20-05-2020 08:15,rGa61gmuvPhdLxV,5807.25,569.112,525.375,7144337.375
07-06-2020 10:30,7JYdWkrLSPkdwr4,9763.5,954.462,1854.25,7772311.250
09-06-2020 20:15,adLQvlD726eNBSB,0,0,8273,6470277.000
28-05-2020 19:00,pkci93gMrogZuBj,0,0,8273,7273258.000
31-05-2020 14:30,VHMLBKoKgIrUVDU,2111.5,207.012,5321,7333650.000
11-06-2020 19:00,ih0vzX44oOqAx2f,0,0,5521,6386553.000
19-05-2020 10:45,ZoEaEvLYb1n2sOq,8594.12,840.188,1878.5,7125405.500
16-05-2020 13:30,wCURE6d3bPkepu2,9175.29,897.414,4550,6793477.000
19-05-2020 21:00,McdE0feGgRqW7Ca,0,0,7007,7192098.000
12-06-2020 07:00,zBIq5rxdHJRwDNY,934.429,90.7429,41.4286,6543591.429
10-06-2020 16:00,1IF53ai7Xc0U56Y,4232.43,415.7,6059.43,6386081.429
13-06-2020 09:00,z9Y9gH1T5YWrNuG,6123.86,600,1038.43,7217905.429
06-06-2020 17:00,YxYtjZvoooNbGkE,937.143,91.0143,6275.29,7348764.286
02-06-2020 23:15,1IF53ai7Xc0U56Y,0,0,0,6324784.000
05-06-2020 16:45,ih0vzX44oOqAx2f,4335.5,425.35,7012.5,6344031.500
17-05-2020 21:15,McdE0feGgRqW7Ca,0,0,7606,7179627.000
24-05-2020 15:30,zBIq5rxdHJRwDNY,3168.12,310.988,6504.12,6410985.125
02-06-2020 11:15,YxYtjZvoooNbGkE,6944.57,680.071,2923.57,7314439.571
04-06-2020 23:30,3PZuoBAID5Wc2HD,0,0,8215,7144703.000
04-06-2020 03:30,uHbuxQJl8lW7ozc,0,0,0,7186255.000
30-05-2020 22:15,7JYdWkrLSPkdwr4,0,0,7143,7721978.000
04-06-2020 21:45,YxYtjZvoooNbGkE,0,0,0,7334886.000
24-05-2020 14:00,1BY6WEcLGh8j5v7,6450.43,631.357,5732.43,6326135.429
24-05-2020 12:00,YxYtjZvoooNbGkE,11954.9,1166.29,3736.12,7248416.125
02-06-2020 20:00,3PZuoBAID5Wc2HD,0,0,0,7128614.000
08-06-2020 09:45,z9Y9gH1T5YWrNuG,11388.9,1111.83,1589.43,7185220.429
08-06-2020 16:45,VHMLBKoKgIrUVDU,5342.5,523.725,8179.62,7394387.625
13-06-2020 19:30,VHMLBKoKgIrUVDU,0,0,8652,7429566.000
03-06-2020 18:00,1IF53ai7Xc0U56Y,636.286,61.6286,7857.43,6332641.429
28-05-2020 21:30,uHbuxQJl8lW7ozc,0,0,8374,7143632.000
15-05-2020 18:00,bvBOhCH3iADSZry,272.429,26.3143,5702.29,6322505.286
29-05-2020 20:45,VHMLBKoKgIrUVDU,0,0,8172,7321059.000
07-06-2020 18:30,adLQvlD726eNBSB,72.75,7.0125,8352.75,6453383.750
29-05-2020 18:00,YxYtjZvoooNbGkE,433,41.8875,8094.75,7292498.750
14-06-2020 15:45,ZnxXDlPa8U1GXgE,5918.86,579.986,6805.43,6751148.429
07-06-2020 04:15,adLQvlD726eNBSB,0,0,0,6445031.000
21-05-2020 09:00,zBIq5rxdHJRwDNY,8448.71,826.786,980.714,6381842.714
21-05-2020 11:30,7JYdWkrLSPkdwr4,12222,1192.26,3341.29,7647321.286
22-05-2020 10:30,adLQvlD726eNBSB,5215.86,511.471,1942.43,6323515.429
08-06-2020 15:15,pkci93gMrogZuBj,9053.62,885.325,7226.12,7353358.125
27-05-2020 19:15,bvBOhCH3iADSZry,0,0,6133,6405833.000
23-05-2020 19:30,VHMLBKoKgIrUVDU,0,0,8611,7272332.000
06-06-2020 16:30,ih0vzX44oOqAx2f,1336.29,130.057,6085.43,6350561.429
11-06-2020 01:30,YxYtjZvoooNbGkE,0,0,0,7379687.000
19-05-2020 07:30,ZnxXDlPa8U1GXgE,2600.12,255.012,182.625,6548344.625
25-05-2020 08:00,1BY6WEcLGh8j5v7,4575.29,448.914,354.857,6328294.857
24-05-2020 11:00,pkci93gMrogZuBj,10609.2,1035.84,2532,7236207.000
12-06-2020 00:45,zBIq5rxdHJRwDNY,0,0,0,6543550.000
13-06-2020 02:45,1BY6WEcLGh8j5v7,0,0,0,6455679.000
23-05-2020 08:15,uHbuxQJl8lW7ozc,6040.29,591.843,447.714,7095700.714
23-05-2020 17:00,iCRJl6heRkivqQ3,3458.5,340.012,8376.88,7242969.875
18-05-2020 03:15,3PZuoBAID5Wc2HD,0,0,0,7008483.000
02-06-2020 21:45,rGa61gmuvPhdLxV,0,0,7361,7249330.000
18-05-2020 02:30,pkci93gMrogZuBj,0,0,0,7189047.000
06-06-2020 23:00,bvBOhCH3iADSZry,0,0,5873,6473124.000
30-05-2020 10:30,1IF53ai7Xc0U56Y,5282.62,517.825,1430.25,6299641.250
12-06-2020 19:00,VHMLBKoKgIrUVDU,0,0,5903,7420914.000
24-05-2020 03:30,ZnxXDlPa8U1GXgE,0,0,0,6587728.000
05-06-2020 22:30,ZnxXDlPa8U1GXgE,0,0,0,6686699.000
27-05-2020 09:00,zVJPv84UY57bAof,8161.62,798.725,1003.25,7206386.250
06-06-2020 06:30,ih0vzX44oOqAx2f,724.429,70.2429,19.7143,6344495.714
27-05-2020 10:30,zBIq5rxdHJRwDNY,7975.25,780.45,2034.62,6429736.625
23-05-2020 19:15,ih0vzX44oOqAx2f,0,0,8395,6248938.000
06-06-2020 11:30,adLQvlD726eNBSB,9307,908.343,3317,6441745.000
22-05-2020 00:15,McdE0feGgRqW7Ca,0,0,0,7209055.000
18-05-2020 04:45,VHMLBKoKgIrUVDU,0,0,0,7227097.000
28-05-2020 20:15,rGa61gmuvPhdLxV,0,0,8266,7214815.000
12-06-2020 01:30,YxYtjZvoooNbGkE,0,0,0,7385279.000
15-05-2020 04:45,pkci93gMrogZuBj,0,0,0,7169102.000
24-05-2020 07:15,3PZuoBAID5Wc2HD,2663.43,261.229,143.429,7053411.429
07-06-2020 04:30,uHbuxQJl8lW7ozc,0,0,0,7208855.000
24-05-2020 15:30,McdE0feGgRqW7Ca,3612.25,354.538,7300.5,7231936.500
06-06-2020 06:30,wCURE6d3bPkepu2,686.286,66.5,20.2857,6946789.286
23-05-2020 22:30,sjndEbLyjtCKgGv,0,0,8487,7081449.000
01-06-2020 20:15,rGa61gmuvPhdLxV,0,0,5637,7241969.000
30-05-2020 01:15,McdE0feGgRqW7Ca,0,0,0,7273213.000
20-05-2020 20:00,3PZuoBAID5Wc2HD,0,0,8982,7029494.000
11-06-2020 10:30,WRmjgnKYAwPKWDb,5712.38,559.85,1208.75,7228575.750
10-06-2020 05:45,sjndEbLyjtCKgGv,0,0,0,7209095.000
16-06-2020 07:30,zBIq5rxdHJRwDNY,2804.5,275.087,171,6572004.000
10-06-2020 20:15,1IF53ai7Xc0U56Y,0,0,6598,6386620.000
19-05-2020 12:30,7JYdWkrLSPkdwr4,10806,1056.2,3500,7631872.000
11-06-2020 18:00,YxYtjZvoooNbGkE,628.625,60.8625,5576.62,7385263.625
16-06-2020 10:30,1BY6WEcLGh8j5v7,7846.86,768.086,2001,6475951.000
25-05-2020 09:30,pkci93gMrogZuBj,9408.57,920.229,1387.86,7243094.857
27-05-2020 01:45,sjndEbLyjtCKgGv,0,0,0,7105889.000
24-05-2020 16:00,uHbuxQJl8lW7ozc,3720.57,364.957,7532.86,7111278.857
22-05-2020 23:00,z9Y9gH1T5YWrNuG,0,0,0,7064219.000
17-05-2020 09:30,1BY6WEcLGh8j5v7,7851.29,768.5,1252.71,6272857.714
29-05-2020 14:30,pkci93gMrogZuBj,8120.88,794.737,6474.25,7279732.250
16-05-2020 22:45,zBIq5rxdHJRwDNY,0,0,6374,6352150.000
19-05-2020 11:30,uHbuxQJl8lW7ozc,4574,448.933,2566,7066767.000
16-05-2020 15:15,ih0vzX44oOqAx2f,5803.86,568.714,5753.14,6197113.143
19-05-2020 01:15,rGa61gmuvPhdLxV,0,0,0,7136902.000
30-05-2020 09:00,ih0vzX44oOqAx2f,3709.86,364.586,639.714,6295760.714
09-06-2020 10:30,wCURE6d3bPkepu2,12680.1,1236.29,2329.43,6970299.429
17-05-2020 00:15,McdE0feGgRqW7Ca,0,0,0,7172021.000
12-06-2020 15:30,1IF53ai7Xc0U56Y,5917.86,579.886,5219.57,6397543.571
12-06-2020 03:15,YxYtjZvoooNbGkE,0,0,0,7385279.000
20-05-2020 20:00,ZnxXDlPa8U1GXgE,0,0,8909,6564045.000
31-05-2020 19:00,YxYtjZvoooNbGkE,0,0,5970,7305739.000
19-05-2020 20:15,zBIq5rxdHJRwDNY,0,0,6924,6371971.000
16-06-2020 09:00,wCURE6d3bPkepu2,5811.57,569.514,875,7017319.000
17-05-2020 06:45,zVJPv84UY57bAof,880.5,85.4875,22.375,7128557.375
09-06-2020 03:30,zVJPv84UY57bAof,0,0,0,7302167.000
05-06-2020 21:00,WRmjgnKYAwPKWDb,0,0,0,7190270.000
23-05-2020 09:30,ZoEaEvLYb1n2sOq,8274.25,809.7,1433.75,7155146.750
28-05-2020 01:45,adLQvlD726eNBSB,0,0,0,6370373.000
12-06-2020 20:30,YxYtjZvoooNbGkE,0,0,5780,7391059.000
21-05-2020 11:00,bvBOhCH3iADSZry,11064.3,1079.93,2477.71,6357515.714
19-05-2020 03:30,zBIq5rxdHJRwDNY,0,0,0,6365047.000
26-05-2020 17:45,pkci93gMrogZuBj,489.375,47.325,7760,7258279.000
07-06-2020 10:30,3PZuoBAID5Wc2HD,10518.1,1027.7,1899.38,7160881.375
06-06-2020 05:30,7JYdWkrLSPkdwr4,0,0,0,7764140.000
16-06-2020 06:15,1IF53ai7Xc0U56Y,196,18.9143,1.85714,6421215.857
13-06-2020 00:00,ZnxXDlPa8U1GXgE,0,0,840.429,6735785.000
14-06-2020 13:15,zVJPv84UY57bAof,10575.9,1033.46,4385.12,7341345.125
17-05-2020 15:00,pkci93gMrogZuBj,9175.86,897.471,6158.71,7187808.714
22-05-2020 07:00,sjndEbLyjtCKgGv,1571.38,153.45,87.125,7065973.125
28-05-2020 21:15,WRmjgnKYAwPKWDb,0,0,8323,7132861.000
17-05-2020 05:45,VHMLBKoKgIrUVDU,0,0,0,7219380.000
01-06-2020 17:45,ih0vzX44oOqAx2f,690.286,66.9,5721.86,6313953.857
11-06-2020 07:30,1BY6WEcLGh8j5v7,1367,133.137,82.625,6445063.625
14-06-2020 11:30,z9Y9gH1T5YWrNuG,9665.43,945.086,2988.57,7228218.571
13-06-2020 11:15,YxYtjZvoooNbGkE,12493.8,1218.49,3152.12,7394211.125
17-05-2020 18:15,wCURE6d3bPkepu2,127.857,12.3429,7528.43,6802998.429
10-06-2020 22:45,7JYdWkrLSPkdwr4,0,0,6362,7801091.000
31-05-2020 18:45,zVJPv84UY57bAof,0,0,6047,7242024.000
20-05-2020 05:45,3PZuoBAID5Wc2HD,0,0,0,7020512.000
20-05-2020 10:00,3PZuoBAID5Wc2HD,10449.7,1021.51,2020.29,7022532.286
25-05-2020 16:00,pkci93gMrogZuBj,8186.71,801.186,8434.14,7250141.143
05-06-2020 21:00,McdE0feGgRqW7Ca,0,0,7920,7324681.000
06-06-2020 05:45,WRmjgnKYAwPKWDb,0,0,0,7190270.000
24-05-2020 23:45,VHMLBKoKgIrUVDU,0,0,8180,7280512.000
04-06-2020 12:45,3PZuoBAID5Wc2HD,7461.71,729.957,4460,7140948.000
16-06-2020 16:15,3PZuoBAID5Wc2HD,3461.25,340.025,5995.12,7231037.125
18-05-2020 05:30,1BY6WEcLGh8j5v7,0,0,0,6278650.000
25-05-2020 22:45,1BY6WEcLGh8j5v7,0,0,8268,6336208.000
20-05-2020 20:45,WRmjgnKYAwPKWDb,0,0,8793,7069725.000
19-05-2020 04:15,pkci93gMrogZuBj,0,0,0,7194411.000
24-05-2020 17:00,ZoEaEvLYb1n2sOq,4054.43,398.286,7775,7169959.000
17-05-2020 03:00,7JYdWkrLSPkdwr4,0,0,0,7615537.000
19-05-2020 16:15,3PZuoBAID5Wc2HD,4651.5,456.038,6536,7020454.000
29-05-2020 23:30,WRmjgnKYAwPKWDb,0,0,8038,7140899.000
27-05-2020 17:15,z9Y9gH1T5YWrNuG,1693.14,165.671,6643.29,7103826.286
23-05-2020 02:15,pkci93gMrogZuBj,0,0,0,7225200.000
29-05-2020 10:00,YxYtjZvoooNbGkE,8938.43,873.8,1559.29,7285963.286
09-06-2020 16:15,VHMLBKoKgIrUVDU,5592.38,548.087,7556.25,7402252.250
26-05-2020 15:15,rGa61gmuvPhdLxV,4519.12,443.4,6580.75,7198682.750
01-06-2020 10:00,adLQvlD726eNBSB,8697.75,850.675,1932.5,6402636.500
27-05-2020 02:00,zBIq5rxdHJRwDNY,0,0,0,6427702.000
24-05-2020 00:30,ZnxXDlPa8U1GXgE,0,0,0,6587728.000
29-05-2020 14:30,wCURE6d3bPkepu2,8269.71,809.314,6393,6894102.000
21-05-2020 20:15,3PZuoBAID5Wc2HD,0,0,0,7037301.000
01-06-2020 15:15,McdE0feGgRqW7Ca,1989.25,194.988,5604,7292364.000
04-06-2020 04:30,ZnxXDlPa8U1GXgE,0,0,0,6670884.000
19-05-2020 23:15,ZoEaEvLYb1n2sOq,0,0,6805,7130332.000
16-06-2020 05:00,zVJPv84UY57bAof,0,0,0,7351100.000
19-05-2020 06:15,rGa61gmuvPhdLxV,87.4286,8.42857,0.857143,7136902.857
19-05-2020 23:00,YxYtjZvoooNbGkE,0,0,6878,7212476.000
25-05-2020 21:30,3PZuoBAID5Wc2HD,0,0,9068,7070636.000
24-05-2020 01:00,zBIq5rxdHJRwDNY,0,0,0,6404481.000
08-06-2020 09:30,ih0vzX44oOqAx2f,10546.8,1030.98,1316.5,6360008.500
17-06-2020 13:00,VHMLBKoKgIrUVDU,7325.62,717.275,3916.75,7454117.750
14-06-2020 07:00,z9Y9gH1T5YWrNuG,1964.62,192.475,70.875,7225300.875
11-06-2020 22:45,ZnxXDlPa8U1GXgE,0,0,5692,6729902.000
17-06-2020 01:30,iCRJl6heRkivqQ3,0,0,0,7420306.000
11-06-2020 07:45,sjndEbLyjtCKgGv,2045.57,200.514,133.714,7215733.714
27-05-2020 15:15,WRmjgnKYAwPKWDb,5341.86,523.729,5663.14,7123543.143
19-05-2020 10:15,VHMLBKoKgIrUVDU,7183.57,703.329,1507.86,7234061.857
05-06-2020 15:30,3PZuoBAID5Wc2HD,4010.62,392.85,6560.25,7151263.250
07-06-2020 03:45,3PZuoBAID5Wc2HD,0,0,0,7158982.000
18-05-2020 08:15,sjndEbLyjtCKgGv,1370.86,133.486,335.857,7037389.857
30-05-2020 17:30,sjndEbLyjtCKgGv,1865,182.825,7151.38,7136180.375
16-05-2020 12:45,ZoEaEvLYb1n2sOq,11265.5,1099.96,3746.62,7108106.625
15-06-2020 19:30,ih0vzX44oOqAx2f,0,0,6564,6414247.000
08-06-2020 15:45,VHMLBKoKgIrUVDU,7008.25,685.95,7673.62,7393881.625
14-06-2020 19:30,1IF53ai7Xc0U56Y,0,0,7487,6414368.000
28-05-2020 06:45,1BY6WEcLGh8j5v7,1262.43,122.829,46,6349879.000
23-05-2020 14:00,adLQvlD726eNBSB,10820.9,1056.73,6530,6335481.000
03-06-2020 17:15,3PZuoBAID5Wc2HD,2491.12,244.438,7751.75,7136365.750
08-06-2020 19:30,ZnxXDlPa8U1GXgE,0,0,8435,6709698.000
29-05-2020 07:15,McdE0feGgRqW7Ca,2016.86,197.743,141.857,7265097.857
16-05-2020 14:45,7JYdWkrLSPkdwr4,7122.86,697.5,5422.14,7614498.143
10-06-2020 19:45,WRmjgnKYAwPKWDb,0,0,6389,7227367.000
16-06-2020 22:30,ih0vzX44oOqAx2f,0,0,6124,6420371.000
16-06-2020 14:15,sjndEbLyjtCKgGv,4496.57,441.4,4753.43,7254292.429
27-05-2020 01:30,uHbuxQJl8lW7ozc,0,0,0,7128538.000
09-06-2020 06:45,rGa61gmuvPhdLxV,1337.29,130.429,49.1429,7296013.143
28-05-2020 08:00,McdE0feGgRqW7Ca,5048.75,494.95,422.125,7256811.125
01-06-2020 14:30,zBIq5rxdHJRwDNY,5292.14,518.871,5171.43,6468410.429
20-05-2020 01:30,VHMLBKoKgIrUVDU,0,0,0,7239542.000
01-06-2020 04:15,zBIq5rxdHJRwDNY,0,0,0,6463239.000
08-06-2020 11:30,iCRJl6heRkivqQ3,9793.38,956.575,3554.5,7360065.500
22-05-2020 05:45,z9Y9gH1T5YWrNuG,0,0,0,7057147.000
06-06-2020 01:00,wCURE6d3bPkepu2,0,0,0,6946769.000
05-06-2020 03:45,z9Y9gH1T5YWrNuG,0,0,0,7163262.000
13-06-2020 09:00,ih0vzX44oOqAx2f,8698.43,851.1,1041.86,6393304.857
15-06-2020 12:00,WRmjgnKYAwPKWDb,10129,989.229,3822.14,7258406.143
03-06-2020 17:15,7JYdWkrLSPkdwr4,2740.57,268.957,7616,7748489.000
28-05-2020 21:15,McdE0feGgRqW7Ca,0,0,8567,7264956.000
02-06-2020 15:30,wCURE6d3bPkepu2,6056,593.386,6613,6921957.000
18-05-2020 11:00,ZnxXDlPa8U1GXgE,6419.43,628.886,1015.86,6543753.857
24-05-2020 11:45,adLQvlD726eNBSB,11939.1,1164.96,3702,6341436.000
29-05-2020 11:15,1IF53ai7Xc0U56Y,11170.3,1090.33,3078.14,6293036.143
14-06-2020 21:45,wCURE6d3bPkepu2,0,0,7329,7009698.000
31-05-2020 06:45,VHMLBKoKgIrUVDU,1046.14,101.686,45.7143,7328374.714
15-06-2020 05:45,bvBOhCH3iADSZry,0,0,0,6521600.000
14-06-2020 09:45,sjndEbLyjtCKgGv,8174,800.013,1442,7236946.000
03-06-2020 22:30,1BY6WEcLGh8j5v7,0,0,7341,6397809.000
13-06-2020 19:45,VHMLBKoKgIrUVDU,0,0,8652,7429566.000
06-06-2020 01:45,uHbuxQJl8lW7ozc,0,0,0,7202373.000
06-06-2020 18:00,bvBOhCH3iADSZry,211.875,20.4625,5868.88,6473119.875
19-05-2020 06:00,pkci93gMrogZuBj,0,0,0,7194411.000
07-06-2020 02:15,1IF53ai7Xc0U56Y,0,0,0,6355099.000
12-06-2020 00:45,ZoEaEvLYb1n2sOq,0,0,0,7301632.000
06-06-2020 02:15,zVJPv84UY57bAof,0,0,0,7279090.000
02-06-2020 15:30,sjndEbLyjtCKgGv,6069.71,594.7,6554.57,7154562.571
16-06-2020 22:00,wCURE6d3bPkepu2,0,0,6274,7022718.000
05-06-2020 08:30,WRmjgnKYAwPKWDb,7172.5,702.388,575.75,7183240.750
06-06-2020 11:15,McdE0feGgRqW7Ca,10869.1,1060.91,2954,7327635.000
25-05-2020 07:15,bvBOhCH3iADSZry,2300.75,225.588,117.75,6384329.750
03-06-2020 22:30,ZoEaEvLYb1n2sOq,0,0,7774,7243501.000
21-05-2020 22:15,VHMLBKoKgIrUVDU,0,0,0,7256361.000
21-05-2020 18:00,bvBOhCH3iADSZry,288.25,27.85,7103.88,6362141.875
14-06-2020 06:45,uHbuxQJl8lW7ozc,1066,103.588,38,7260569.000
19-05-2020 18:00,1BY6WEcLGh8j5v7,0,0,6449,6290097.000
17-05-2020 20:45,zVJPv84UY57bAof,0,0,7480,7136015.000
20-05-2020 05:15,iCRJl6heRkivqQ3,0,0,0,7210718.000
20-05-2020 01:30,z9Y9gH1T5YWrNuG,0,0,0,7040465.000
13-06-2020 20:45,ZoEaEvLYb1n2sOq,0,0,8378,7315763.000
27-05-2020 01:15,rGa61gmuvPhdLxV,0,0,0,7199869.000
28-05-2020 02:00,ZnxXDlPa8U1GXgE,0,0,0,6619376.000
08-06-2020 15:15,bvBOhCH3iADSZry,8390.29,821.014,6595.14,6484888.143
26-05-2020 07:00,z9Y9gH1T5YWrNuG,1776.57,174,78.4286,7089518.429
12-06-2020 14:30,VHMLBKoKgIrUVDU,6461.57,632.986,4668.57,7419679.571
14-06-2020 04:15,wCURE6d3bPkepu2,0,0,0,7002369.000
12-06-2020 09:00,adLQvlD726eNBSB,5190.14,508.786,504.143,6483238.143
08-06-2020 23:30,WRmjgnKYAwPKWDb,0,0,8319,7213001.000
30-05-2020 09:00,z9Y9gH1T5YWrNuG,3761.29,369.671,645,7121100.000
17-06-2020 08:45,wCURE6d3bPkepu2,3911.38,384.325,577.625,7023295.625
18-05-2020 13:15,pkci93gMrogZuBj,8728.14,853.929,2641.86,7191688.857
28-05-2020 09:30,7JYdWkrLSPkdwr4,9455.62,924.825,1533,7700083.000
16-06-2020 07:15,ZoEaEvLYb1n2sOq,2329.5,228.4,105.75,7329796.750
12-06-2020 00:30,McdE0feGgRqW7Ca,0,0,0,7367373.000
12-06-2020 06:15,VHMLBKoKgIrUVDU,167,16.1125,1.625,7415012.625
04-06-2020 16:45,iCRJl6heRkivqQ3,3983.14,390.886,7900.14,7333596.143
14-06-2020 05:45,zVJPv84UY57bAof,0,0,0,7336960.000
12-06-2020 18:00,1BY6WEcLGh8j5v7,762,73.9,5422.43,6455660.429
28-05-2020 05:30,adLQvlD726eNBSB,0,0,0,6370373.000
07-06-2020 18:30,YxYtjZvoooNbGkE,52.2857,5.05714,8155,7356967.000
17-06-2020 10:15,zVJPv84UY57bAof,6722.75,658.475,1434.25,7358796.250
28-05-2020 18:00,VHMLBKoKgIrUVDU,489.75,47.35,8495.38,7312873.375
30-05-2020 02:00,ZnxXDlPa8U1GXgE,0,0,0,6636066.000
13-06-2020 11:30,3PZuoBAID5Wc2HD,12667.4,1235.45,3738.5,7205824.500
26-05-2020 06:15,bvBOhCH3iADSZry,391,37.7857,6.71429,6392342.714
06-06-2020 12:45,WRmjgnKYAwPKWDb,6778.5,663.4,4149.25,7194419.250
26-05-2020 08:30,iCRJl6heRkivqQ3,6678.12,654.15,686.625,7260816.625
01-06-2020 02:15,bvBOhCH3iADSZry,0,0,0,6433267.000
10-06-2020 17:00,YxYtjZvoooNbGkE,2442.14,239.514,6247.43,7379515.429
04-06-2020 18:30,wCURE6d3bPkepu2,46,4.44286,8244.86,6939020.857
10-06-2020 06:30,ZnxXDlPa8U1GXgE,879.714,85.3857,21.8571,6717793.857
30-05-2020 19:15,1BY6WEcLGh8j5v7,0,0,6754,6372128.000
17-05-2020 12:15,adLQvlD726eNBSB,10579.6,1032.74,4397.71,6288840.714
29-05-2020 09:00,1BY6WEcLGh8j5v7,6348.14,621.786,757.286,6358567.286
07-06-2020 20:00,pkci93gMrogZuBj,0,0,8214,7346132.000
11-06-2020 10:30,wCURE6d3bPkepu2,5746.71,563.157,1206,6983609.000
01-06-2020 01:00,rGa61gmuvPhdLxV,0,0,0,7236332.000
11-06-2020 04:30,YxYtjZvoooNbGkE,0,0,0,7379687.000
31-05-2020 00:30,YxYtjZvoooNbGkE,0,0,0,7299769.000
03-06-2020 07:15,VHMLBKoKgIrUVDU,2283.5,223.9,109.5,7347853.500
30-05-2020 15:30,VHMLBKoKgIrUVDU,8204.29,802.957,6262,7327321.000
15-06-2020 21:45,VHMLBKoKgIrUVDU,0,0,6814,7443869.000
28-05-2020 00:00,7JYdWkrLSPkdwr4,0,0,948.286,7698550.000
24-05-2020 01:15,pkci93gMrogZuBj,0,0,0,7233675.000
26-05-2020 09:15,ZnxXDlPa8U1GXgE,8978.25,878.362,1280.75,6605946.750
27-05-2020 23:00,1IF53ai7Xc0U56Y,0,0,6824,6281462.000
14-06-2020 05:45,uHbuxQJl8lW7ozc,0,0,0,7260531.000
29-05-2020 17:15,adLQvlD726eNBSB,2402.14,235.557,8246,6387255.000
23-05-2020 13:30,z9Y9gH1T5YWrNuG,11612.9,1132.65,5667.25,7069886.250
07-06-2020 16:15,rGa61gmuvPhdLxV,6612.25,647.688,7577.75,7287078.750
17-06-2020 18:15,uHbuxQJl8lW7ozc,346.875,33.5,5960.75,7286995.750
30-05-2020 05:00,ZnxXDlPa8U1GXgE,0,0,0,6636066.000
09-06-2020 14:15,3PZuoBAID5Wc2HD,6515.29,638.186,6144.29,7181877.286
16-06-2020 23:45,iCRJl6heRkivqQ3,0,0,6305,7420306.000
31-05-2020 00:30,rGa61gmuvPhdLxV,0,0,0,7230438.000
21-05-2020 13:45,WRmjgnKYAwPKWDb,9137.38,892.712,5660.25,7075385.250
16-06-2020 19:45,McdE0feGgRqW7Ca,0,0,6365,7402595.000
08-06-2020 22:45,rGa61gmuvPhdLxV,0,0,8291,7295964.000
24-05-2020 09:45,1IF53ai7Xc0U56Y,6744.75,660.55,1591,6250798.000
01-06-2020 03:00,ZoEaEvLYb1n2sOq,0,0,0,7222644.000
17-06-2020 14:45,uHbuxQJl8lW7ozc,8176.71,799.814,5275.86,7286310.857
18-05-2020 08:30,ZnxXDlPa8U1GXgE,1861.29,182.443,380,6543118.000
17-05-2020 06:30,ZoEaEvLYb1n2sOq,460.714,44.5571,7.42857,7110751.429
19-05-2020 01:15,ih0vzX44oOqAx2f,0,0,0,6210487.000
25-05-2020 22:45,7JYdWkrLSPkdwr4,0,0,8779,7684020.000
16-06-2020 23:00,wCURE6d3bPkepu2,0,0,6274,7022718.000
25-05-2020 20:15,rGa61gmuvPhdLxV,0,0,8807,7192102.000
03-06-2020 11:30,YxYtjZvoooNbGkE,10512.4,1026.97,2684,7321613.000
17-05-2020 11:45,ih0vzX44oOqAx2f,11221.2,1094.8,3670.88,6201480.875
17-05-2020 17:15,ZnxXDlPa8U1GXgE,1706.86,167.286,7499.43,6542651.429
07-06-2020 09:00,7JYdWkrLSPkdwr4,9139.75,893.9,749.625,7771206.625
15-06-2020 12:00,1IF53ai7Xc0U56Y,9677.38,945.312,3901,6418269.000
08-06-2020 12:00,1IF53ai7Xc0U56Y,10205.2,997.638,4193,6367531.000
05-06-2020 16:00,7JYdWkrLSPkdwr4,7173.38,702.45,6663,7763284.000
09-06-2020 21:15,sjndEbLyjtCKgGv,0,0,8170,7209095.000
31-05-2020 09:30,ZoEaEvLYb1n2sOq,8254.38,807.788,1025.88,7217873.875
12-06-2020 01:30,VHMLBKoKgIrUVDU,0,0,0,7415011.000
31-05-2020 18:45,wCURE6d3bPkepu2,0,0,6247,6909405.000
17-06-2020 14:30,WRmjgnKYAwPKWDb,8774.75,858.05,5046,7272625.000
16-05-2020 23:45,zVJPv84UY57bAof,0,0,6419,7128535.000
19-05-2020 03:15,rGa61gmuvPhdLxV,0,0,0,7136902.000
23-05-2020 04:45,rGa61gmuvPhdLxV,0,0,0,7167141.000
30-05-2020 06:45,pkci93gMrogZuBj,1187,115.429,38,7281573.000
09-06-2020 01:00,1IF53ai7Xc0U56Y,0,0,0,6371833.000
28-05-2020 20:15,ZnxXDlPa8U1GXgE,0,0,8540,6627916.000
16-05-2020 03:30,3PZuoBAID5Wc2HD,0,0,0,6994033.000
03-06-2020 05:00,zVJPv84UY57bAof,0,0,0,7255217.000
17-05-2020 05:45,z9Y9gH1T5YWrNuG,0,0,0,7020740.000
21-05-2020 16:30,ZoEaEvLYb1n2sOq,4371.86,429.171,7414.71,7146482.714
24-05-2020 02:30,pkci93gMrogZuBj,0,0,0,7233675.000
27-05-2020 05:45,zVJPv84UY57bAof,0,0,0,7205383.000
17-06-2020 12:30,7JYdWkrLSPkdwr4,9671.62,945.212,3387.62,7844352.625
24-05-2020 06:45,3PZuoBAID5Wc2HD,1308.57,127.414,46.4286,7053314.429
31-05-2020 21:00,ih0vzX44oOqAx2f,0,0,5965,6308232.000
04-06-2020 10:00,ZoEaEvLYb1n2sOq,9538.12,931.4,1577.5,7245078.500
17-06-2020 05:15,pkci93gMrogZuBj,0,0,0,7409478.000
06-06-2020 05:00,wCURE6d3bPkepu2,0,0,0,6946769.000
15-06-2020 21:15,ih0vzX44oOqAx2f,0,0,6564,6414247.000
10-06-2020 05:15,adLQvlD726eNBSB,0,0,0,6470277.000
20-05-2020 21:00,zVJPv84UY57bAof,0,0,8842,7157179.000
07-06-2020 10:00,3PZuoBAID5Wc2HD,6899.25,675.688,1508.12,7160490.125
06-06-2020 17:15,sjndEbLyjtCKgGv,648.375,62.775,6351.25,7185628.250
06-06-2020 02:30,z9Y9gH1T5YWrNuG,0,0,0,7171001.000
17-05-2020 22:30,WRmjgnKYAwPKWDb,0,0,7674,7049104.000
13-06-2020 02:00,uHbuxQJl8lW7ozc,0,0,0,7252094.000
08-06-2020 12:45,YxYtjZvoooNbGkE,8467.86,828.143,4758.43,7361725.429
05-06-2020 06:30,1IF53ai7Xc0U56Y,670.25,64.95,17.75,6340872.750
25-05-2020 16:30,uHbuxQJl8lW7ozc,1967.71,192.786,8691.14,7120543.143
13-06-2020 15:30,YxYtjZvoooNbGkE,8033.88,785.913,7609.12,7398668.125
03-06-2020 14:45,wCURE6d3bPkepu2,9829.75,960.288,6157.12,6929026.125
31-05-2020 05:45,iCRJl6heRkivqQ3,0,0,0,7298598.000
22-05-2020 02:30,ih0vzX44oOqAx2f,0,0,0,6233543.000
17-06-2020 11:00,VHMLBKoKgIrUVDU,6697.25,655.2,1945.12,7452146.125
23-05-2020 12:15,YxYtjZvoooNbGkE,13758.4,1341.44,4327.88,7240448.875
10-06-2020 01:15,1IF53ai7Xc0U56Y,0,0,0,6380022.000
18-05-2020 19:30,ih0vzX44oOqAx2f,0,0,5286,6210487.000
28-05-2020 15:15,YxYtjZvoooNbGkE,9039.75,884.325,7317.38,7283346.375
13-06-2020 12:15,z9Y9gH1T5YWrNuG,9798.86,957.443,4359.57,7221226.571
12-06-2020 10:30,iCRJl6heRkivqQ3,8236.75,806.1,1406.88,7386877.875
30-05-2020 16:45,7JYdWkrLSPkdwr4,3992.25,392.262,6863.5,7721698.500
31-05-2020 16:00,rGa61gmuvPhdLxV,3046.62,299.238,5539.75,7235977.750
17-05-2020 18:45,ZoEaEvLYb1n2sOq,0,0,7464,7118208.000
15-05-2020 11:15,adLQvlD726eNBSB,5966.88,584.65,2176.75,6273531.750
11-06-2020 19:00,z9Y9gH1T5YWrNuG,0,0,5599,7211064.000
10-06-2020 16:30,iCRJl6heRkivqQ3,3466.29,340.429,6250,7379470.000
15-06-2020 20:00,3PZuoBAID5Wc2HD,0,0,6819,7225042.000
16-05-2020 08:15,zBIq5rxdHJRwDNY,4733,464.143,438.429,6346214.429
15-06-2020 10:15,McdE0feGgRqW7Ca,12431.4,1212.79,2284.86,7391642.857
10-06-2020 19:00,VHMLBKoKgIrUVDU,0,0,6479,7409295.000
30-05-2020 15:30,WRmjgnKYAwPKWDb,7988.57,781.943,6185.57,7147084.571
25-05-2020 22:45,YxYtjZvoooNbGkE,0,0,8813,7261464.000
26-05-2020 16:45,sjndEbLyjtCKgGv,6111.25,598.8,7534.75,7105645.750
18-05-2020 20:30,wCURE6d3bPkepu2,0,0,5393,6808393.000
31-05-2020 04:15,YxYtjZvoooNbGkE,0,0,0,7299769.000
02-06-2020 08:45,McdE0feGgRqW7Ca,7940.75,777.163,910.75,7293662.750
18-05-2020 17:30,VHMLBKoKgIrUVDU,1167.38,113.525,5409.75,7232506.750
26-05-2020 21:30,YxYtjZvoooNbGkE,0,0,0,7269333.000
15-06-2020 17:15,WRmjgnKYAwPKWDb,2289.29,224.471,6618.57,7261202.571
21-05-2020 21:00,wCURE6d3bPkepu2,0,0,7811,6832055.000
01-06-2020 00:30,bvBOhCH3iADSZry,0,0,0,6433267.000
28-05-2020 13:45,wCURE6d3bPkepu2,9702.43,947.243,6129.71,6885324.714
20-05-2020 12:15,iCRJl6heRkivqQ3,12904.1,1258.16,4499.57,7215217.571
03-06-2020 05:15,adLQvlD726eNBSB,0,0,0,6414276.000
13-06-2020 21:00,VHMLBKoKgIrUVDU,0,0,8652,7429566.000
03-06-2020 01:15,ih0vzX44oOqAx2f,0,0,0,6321311.000
25-05-2020 19:00,ih0vzX44oOqAx2f,0,0,8085,6264579.000
26-05-2020 06:45,z9Y9gH1T5YWrNuG,1208.71,117.557,44.5714,7089484.571
27-05-2020 21:15,rGa61gmuvPhdLxV,0,0,0,7206549.000
28-05-2020 15:15,iCRJl6heRkivqQ3,9091.71,889.414,7278.86,7281970.857
24-05-2020 22:45,WRmjgnKYAwPKWDb,0,0,8091,7101117.000
16-06-2020 02:15,iCRJl6heRkivqQ3,0,0,0,7414001.000
01-06-2020 20:15,3PZuoBAID5Wc2HD,0,0,5965,7121269.000
06-06-2020 02:45,1IF53ai7Xc0U56Y,0,0,0,6348557.000
27-05-2020 10:45,pkci93gMrogZuBj,7879,770.4,2257.38,7260551.375
27-05-2020 21:45,WRmjgnKYAwPKWDb,0,0,6658,7124538.000
23-05-2020 00:45,1BY6WEcLGh8j5v7,0,0,0,6312437.000
13-06-2020 09:00,adLQvlD726eNBSB,9505.75,929.712,1185.62,6489907.625
26-05-2020 19:30,ZoEaEvLYb1n2sOq,0,0,0,7186690.000
25-05-2020 04:45,3PZuoBAID5Wc2HD,0,0,0,7061568.000
12-06-2020 10:00,zVJPv84UY57bAof,5780.86,566.5,1063.29,7323750.286
14-06-2020 18:15,iCRJl6heRkivqQ3,252.429,24.3571,7364.71,7407219.714
03-06-2020 17:00,zVJPv84UY57bAof,5733,561.875,7583,7262800.000
18-05-2020 19:45,McdE0feGgRqW7Ca,0,0,5464,7185091.000
29-05-2020 13:15,1IF53ai7Xc0U56Y,11917.8,1162.99,5359.12,6295317.125
24-05-2020 12:30,ZnxXDlPa8U1GXgE,11743.1,1145.77,4422.86,6592150.857
19-05-2020 22:45,uHbuxQJl8lW7ozc,0,0,6997,7071198.000
11-06-2020 00:00,1IF53ai7Xc0U56Y,0,0,0,6386620.000
26-05-2020 07:30,YxYtjZvoooNbGkE,3275.14,321.786,201,7261665.000
30-05-2020 10:00,ZoEaEvLYb1n2sOq,4685.43,459.657,1145.57,7210745.571
02-06-2020 06:30,adLQvlD726eNBSB,525.875,50.8625,18.625,6406849.625
01-06-2020 04:15,1BY6WEcLGh8j5v7,0,0,0,6377931.000
29-05-2020 12:15,wCURE6d3bPkepu2,11113.4,1085.16,4054.71,6891763.714
25-05-2020 09:45,McdE0feGgRqW7Ca,10377.5,1014.48,1691.38,7234382.375
18-05-2020 12:45,zVJPv84UY57bAof,7717.71,755.457,2249.14,7138264.143
09-06-2020 10:45,ZnxXDlPa8U1GXgE,11677,1139.33,2635.86,6712333.857
08-06-2020 10:45,iCRJl6heRkivqQ3,11353.7,1107.84,2721.57,7359232.571
30-05-2020 03:00,pkci93gMrogZuBj,0,0,0,7281535.000
22-05-2020 06:45,ZoEaEvLYb1n2sOq,1180.57,114.8,53.7143,7146738.714
31-05-2020 05:15,wCURE6d3bPkepu2,0,0,0,6903158.000
09-06-2020 00:00,ih0vzX44oOqAx2f,0,0,1027.12,6366909.000
10-06-2020 15:45,pkci93gMrogZuBj,3965.14,389.614,5932.86,7368648.857
28-05-2020 03:45,McdE0feGgRqW7Ca,0,0,0,7256389.000
18-05-2020 03:30,zBIq5rxdHJRwDNY,0,0,0,6359657.000
10-06-2020 15:00,uHbuxQJl8lW7ozc,2088,204.488,5722.88,7239585.875
13-06-2020 06:15,3PZuoBAID5Wc2HD,380.5,36.775,7.375,7202093.375
20-05-2020 01:00,3PZuoBAID5Wc2HD,0,0,0,7020512.000
26-05-2020 17:00,VHMLBKoKgIrUVDU,4231,415.014,7982.29,7297507.286
29-05-2020 12:15,McdE0feGgRqW7Ca,9872.62,965.35,4122.75,7269078.750
07-06-2020 22:30,ih0vzX44oOqAx2f,0,0,8019,6358692.000
24-05-2020 18:45,wCURE6d3bPkepu2,0,0,7961,6855791.000
04-06-2020 21:45,zVJPv84UY57bAof,0,0,0,7271273.000
09-06-2020 00:15,rGa61gmuvPhdLxV,0,0,0,7295964.000
16-05-2020 13:45,uHbuxQJl8lW7ozc,7214.62,706.4,4466.12,7049534.125
01-06-2020 14:15,ZoEaEvLYb1n2sOq,3307,324.288,5062.12,7227706.125
03-06-2020 04:15,pkci93gMrogZuBj,0,0,0,7307650.000
14-06-2020 09:00,z9Y9gH1T5YWrNuG,5917.71,579.886,869.429,7226099.429
19-05-2020 03:00,YxYtjZvoooNbGkE,0,0,0,7205598.000
21-05-2020 23:15,pkci93gMrogZuBj,0,0,7778,7217976.000
20-05-2020 20:15,ZoEaEvLYb1n2sOq,0,0,8736,7139068.000
08-06-2020 01:15,wCURE6d3bPkepu2,0,0,0,6959527.000
13-06-2020 05:30,z9Y9gH1T5YWrNuG,0,0,0,7216867.000
06-06-2020 14:30,YxYtjZvoooNbGkE,4278.5,418.462,5598.38,7348087.375
14-06-2020 22:30,YxYtjZvoooNbGkE,0,0,7263,7406702.000
08-06-2020 18:15,sjndEbLyjtCKgGv,468.143,45.2571,8362.86,7200916.857
15-06-2020 00:15,McdE0feGgRqW7Ca,0,0,0,7389358.000
22-05-2020 00:00,uHbuxQJl8lW7ozc,0,0,0,7087976.000
20-05-2020 09:15,1IF53ai7Xc0U56Y,8675.12,848.85,1317.12,6217747.125
25-05-2020 02:30,1IF53ai7Xc0U56Y,0,0,0,6257480.000
06-06-2020 04:45,1IF53ai7Xc0U56Y,0,0,0,6348557.000
14-06-2020 06:30,YxYtjZvoooNbGkE,647.429,62.7,16.1429,7399455.143
03-06-2020 02:45,YxYtjZvoooNbGkE,0,0,0,7318929.000
05-06-2020 18:45,bvBOhCH3iADSZry,0,0,7065,6467251.000
19-05-2020 07:00,ZnxXDlPa8U1GXgE,2502.5,245.4,53.5,6548215.500
16-06-2020 19:00,zBIq5rxdHJRwDNY,0,0,5719,6577552.000
28-05-2020 19:00,VHMLBKoKgIrUVDU,0,0,8509,7312887.000
26-05-2020 15:30,zVJPv84UY57bAof,7539.43,738.086,6769.86,7204378.857
05-06-2020 00:30,VHMLBKoKgIrUVDU,0,0,0,7363821.000
22-05-2020 02:00,3PZuoBAID5Wc2HD,0,0,0,7037301.000
11-06-2020 20:00,McdE0feGgRqW7Ca,0,0,5750,7367373.000
31-05-2020 02:00,rGa61gmuvPhdLxV,0,0,0,7230438.000
17-05-2020 21:15,7JYdWkrLSPkdwr4,0,0,7526,7623063.000
05-06-2020 08:30,rGa61gmuvPhdLxV,7182.14,703.3,524.143,7265873.143
17-05-2020 16:45,7JYdWkrLSPkdwr4,3704,363.843,7329.86,7622866.857
16-05-2020 06:45,zVJPv84UY57bAof,1125.75,109.475,38.375,7122154.375
23-05-2020 16:00,iCRJl6heRkivqQ3,6785.14,664.586,7860,7242453.000
16-05-2020 11:30,ZoEaEvLYb1n2sOq,6575.57,644.086,2649.14,7107009.143
02-06-2020 23:15,McdE0feGgRqW7Ca,0,0,7607,7300359.000
05-06-2020 05:00,zBIq5rxdHJRwDNY,0,0,0,6492579.000
17-06-2020 02:45,1IF53ai7Xc0U56Y,0,0,0,6427532.000
16-06-2020 01:30,VHMLBKoKgIrUVDU,0,0,0,7443869.000
04-06-2020 17:45,zVJPv84UY57bAof,2003.29,196.329,8167.14,7271220.143
17-06-2020 03:45,VHMLBKoKgIrUVDU,0,0,0,7450201.000
27-05-2020 00:45,zBIq5rxdHJRwDNY,0,0,0,6427702.000
30-05-2020 08:15,zBIq5rxdHJRwDNY,4247.86,417.2,389.429,6450294.429
01-06-2020 16:45,1BY6WEcLGh8j5v7,1508.14,147.2,5386.86,6383317.857
22-05-2020 05:45,YxYtjZvoooNbGkE,0,0,0,7229034.000
29-05-2020 13:45,iCRJl6heRkivqQ3,8798,860.357,5808.57,7288845.571
09-06-2020 22:00,VHMLBKoKgIrUVDU,0,0,8120,7402816.000
02-06-2020 04:15,McdE0feGgRqW7Ca,0,0,0,7292752.000
17-05-2020 12:15,WRmjgnKYAwPKWDb,9087.14,887.614,4232.29,7045662.286
19-05-2020 04:30,ZoEaEvLYb1n2sOq,0,0,0,7123527.000
06-06-2020 09:15,VHMLBKoKgIrUVDU,5469.71,536.214,1198.71,7372752.714
15-05-2020 20:30,sjndEbLyjtCKgGv,0,0,6350,7023182.000
18-05-2020 10:45,wCURE6d3bPkepu2,5623.14,551.143,847.571,6803847.571
14-06-2020 01:30,ZoEaEvLYb1n2sOq,0,0,0,7315763.000
05-06-2020 22:30,7JYdWkrLSPkdwr4,0,0,0,7764140.000
30-05-2020 03:45,wCURE6d3bPkepu2,0,0,0,6895880.000
28-05-2020 04:15,sjndEbLyjtCKgGv,0,0,0,7112565.000
25-05-2020 02:30,wCURE6d3bPkepu2,0,0,0,6855791.000
19-05-2020 18:15,McdE0feGgRqW7Ca,0,0,7007,7192098.000
19-05-2020 10:15,WRmjgnKYAwPKWDb,7314.86,715.986,1471.86,7055923.857
25-05-2020 12:15,zBIq5rxdHJRwDNY,12159.7,1185.57,4295.57,6416053.571
12-06-2020 18:45,iCRJl6heRkivqQ3,0,0,5888,7391359.000
15-06-2020 21:00,zBIq5rxdHJRwDNY,0,0,6696,6571833.000
15-05-2020 02:45,wCURE6d3bPkepu2,0,0,0,6782598.000
04-06-2020 04:45,rGa61gmuvPhdLxV,0,0,0,7257137.000
12-06-2020 12:15,YxYtjZvoooNbGkE,7241,709.043,2818.86,7388097.857
12-06-2020 00:00,ZnxXDlPa8U1GXgE,0,0,711.5,6729902.000
16-06-2020 14:30,7JYdWkrLSPkdwr4,10243.1,1000.41,4874.88,7839673.875
25-05-2020 02:15,WRmjgnKYAwPKWDb,0,0,0,7101117.000
28-05-2020 17:30,7JYdWkrLSPkdwr4,1106.75,107.6,8229.75,7706779.750
11-06-2020 13:15,McdE0feGgRqW7Ca,7412.25,725.75,3278.5,7364901.500
10-06-2020 03:00,zBIq5rxdHJRwDNY,0,0,0,6531405.000
11-06-2020 16:00,3PZuoBAID5Wc2HD,4723,463.414,5192.43,7195661.429
11-06-2020 07:15,zVJPv84UY57bAof,1204,117.114,57.4286,7317073.429
14-06-2020 14:45,pkci93gMrogZuBj,6596.75,646.188,5914.5,7395075.500
01-06-2020 15:45,bvBOhCH3iADSZry,1341.88,130.562,5102,6438369.000
22-05-2020 23:30,1IF53ai7Xc0U56Y,0,0,7287,6240534.000
23-05-2020 14:30,sjndEbLyjtCKgGv,7523.62,736.625,6651.75,7079613.750
28-05-2020 03:30,McdE0feGgRqW7Ca,0,0,0,7256389.000
11-06-2020 00:15,zVJPv84UY57bAof,0,0,0,7317016.000
01-06-2020 13:00,McdE0feGgRqW7Ca,7944.71,776.729,4362.57,7291122.571
18-05-2020 10:30,zVJPv84UY57bAof,3200.5,314.387,740.75,7136755.750
27-05-2020 07:30,1BY6WEcLGh8j5v7,3032.86,297.8,193.714,6343862.714
15-05-2020 20:30,zBIq5rxdHJRwDNY,0,0,6396,6345776.000
04-06-2020 17:45,3PZuoBAID5Wc2HD,1787,174.925,8167.25,7144655.250
05-06-2020 07:00,pkci93gMrogZuBj,1488,145.314,69.7143,7323760.714
31-05-2020 13:00,wCURE6d3bPkepu2,7639.57,747.714,4566,6907724.000
31-05-2020 10:00,uHbuxQJl8lW7ozc,5367,526.2,1447.5,7160719.500
10-06-2020 13:45,bvBOhCH3iADSZry,9229.75,902.85,4383.62,6497730.625
11-06-2020 11:45,pkci93gMrogZuBj,8311.14,813.386,2092.86,7371386.857
12-06-2020 07:00,ih0vzX44oOqAx2f,929.286,90.2571,40.8571,6386593.857
13-06-2020 14:45,zBIq5rxdHJRwDNY,10507.9,1027.1,6902.57,6556289.571
31-05-2020 04:15,3PZuoBAID5Wc2HD,0,0,0,7109488.000
08-06-2020 22:45,uHbuxQJl8lW7ozc,0,0,8405,7225554.000
05-06-2020 15:30,ZnxXDlPa8U1GXgE,3993,391.15,6359.12,6685421.125
05-06-2020 12:30,uHbuxQJl8lW7ozc,3541.38,348.1,3966.88,7198501.875
15-05-2020 07:30,rGa61gmuvPhdLxV,1951,191.262,176.75,7111669.750
26-05-2020 03:30,bvBOhCH3iADSZry,0,0,0,6392336.000
04-06-2020 17:00,VHMLBKoKgIrUVDU,3957.86,388.886,7873.86,7363534.857
27-05-2020 20:00,McdE0feGgRqW7Ca,0,0,0,7256389.000
03-06-2020 19:30,adLQvlD726eNBSB,0,0,7991,6422267.000
06-06-2020 08:30,sjndEbLyjtCKgGv,7047.43,690.114,758.429,7180035.429
17-05-2020 13:30,ih0vzX44oOqAx2f,9563.38,933.862,5108,6202918.000
28-05-2020 08:30,z9Y9gH1T5YWrNuG,6767.88,662.913,707.75,7104592.750
13-06-2020 06:30,3PZuoBAID5Wc2HD,639.857,61.9571,20,7202106.000
10-06-2020 09:15,YxYtjZvoooNbGkE,7649.14,748.757,1019.43,7374287.429
22-05-2020 23:15,wCURE6d3bPkepu2,0,0,0,6839225.000
26-05-2020 14:45,VHMLBKoKgIrUVDU,5418.86,531.371,6682.86,7296207.857
10-06-2020 01:15,zBIq5rxdHJRwDNY,0,0,0,6531405.000
23-05-2020 23:45,rGa61gmuvPhdLxV,0,0,8152,7175293.000
23-05-2020 13:30,zVJPv84UY57bAof,12441,1212.99,5728.57,7178022.571
29-05-2020 16:15,ih0vzX44oOqAx2f,6258.25,613.112,7487.62,6294657.625
25-05-2020 15:15,zBIq5rxdHJRwDNY,8896.71,870.429,7500.29,6419258.286
11-06-2020 00:45,VHMLBKoKgIrUVDU,0,0,0,7409295.000
01-06-2020 12:15,McdE0feGgRqW7Ca,7703.88,753.7,3918.88,7290678.875
15-05-2020 10:15,pkci93gMrogZuBj,6130.12,600.675,1580.12,7170682.125
19-05-2020 03:15,sjndEbLyjtCKgGv,0,0,0,7042405.000
02-06-2020 07:15,McdE0feGgRqW7Ca,1781.75,174.562,109.25,7292861.250
25-05-2020 04:15,WRmjgnKYAwPKWDb,0,0,0,7101117.000
23-05-2020 04:30,zVJPv84UY57bAof,0,0,0,7172294.000
14-06-2020 08:30,wCURE6d3bPkepu2,4740.5,480.486,615.714,7002984.714
14-06-2020 03:30,VHMLBKoKgIrUVDU,0,0,0,7429566.000
17-06-2020 16:00,rGa61gmuvPhdLxV,3349.62,329.075,5596.25,7356543.250
15-05-2020 08:00,3PZuoBAID5Wc2HD,2736.12,268.625,287.75,6988046.750
17-06-2020 19:45,uHbuxQJl8lW7ozc,0,0,5967,7287002.000
20-05-2020 19:45,VHMLBKoKgIrUVDU,0,0,8982,7248524.000
12-06-2020 02:30,McdE0feGgRqW7Ca,0,0,0,7367373.000
15-05-2020 13:15,wCURE6d3bPkepu2,6655,651.857,3781,6786379.000
16-05-2020 04:00,YxYtjZvoooNbGkE,0,0,0,7186257.000
14-06-2020 15:45,1IF53ai7Xc0U56Y,6006.29,588.557,6891.14,6413772.143
06-06-2020 18:15,1IF53ai7Xc0U56Y,114,10.9857,6540.71,6355097.714
27-05-2020 00:00,WRmjgnKYAwPKWDb,0,0,0,7117880.000
10-06-2020 10:45,uHbuxQJl8lW7ozc,5717.88,560.337,2001.75,7235864.750
18-05-2020 15:00,YxYtjZvoooNbGkE,7869.71,770.343,4146.86,7204375.857
14-06-2020 23:30,3PZuoBAID5Wc2HD,0,0,7504,7218223.000
28-05-2020 01:45,rGa61gmuvPhdLxV,0,0,0,7206549.000
19-05-2020 18:45,1BY6WEcLGh8j5v7,0,0,6449,6290097.000
15-05-2020 12:30,iCRJl6heRkivqQ3,8117,793.529,3272.14,7181264.143
08-06-2020 08:00,adLQvlD726eNBSB,4455.57,437.386,385,6453769.000
10-06-2020 08:00,1IF53ai7Xc0U56Y,4052.38,397.988,449,6380471.000
17-06-2020 02:00,YxYtjZvoooNbGkE,0,0,0,7419556.000
07-06-2020 00:45,adLQvlD726eNBSB,0,0,0,6445031.000
10-06-2020 23:45,wCURE6d3bPkepu2,0,0,2752.71,6982403.000
08-06-2020 12:45,WRmjgnKYAwPKWDb,7642.38,747.725,4813.38,7209495.375
31-05-2020 08:45,bvBOhCH3iADSZry,6052.38,592.962,516.125,6428197.125
15-05-2020 04:30,rGa61gmuvPhdLxV,0,0,0,7111493.000
16-06-2020 01:30,adLQvlD726eNBSB,0,0,0,6512002.000
05-06-2020 14:30,ZoEaEvLYb1n2sOq,11643.3,1136.41,5429.57,7256969.571
20-05-2020 00:45,McdE0feGgRqW7Ca,0,0,0,7192098.000
30-05-2020 18:15,1IF53ai7Xc0U56Y,297.143,28.7,7328.43,6305539.429
31-05-2020 03:15,pkci93gMrogZuBj,0,0,0,7288876.000
11-06-2020 11:30,wCURE6d3bPkepu2,7363.57,721.029,1881.43,6984284.429
01-06-2020 14:15,7JYdWkrLSPkdwr4,3322.25,325.488,5069.62,7732890.625
07-06-2020 05:45,WRmjgnKYAwPKWDb,0,0,0,7196611.000
19-05-2020 19:30,wCURE6d3bPkepu2,0,0,6956,6815349.000
15-05-2020 09:00,ZnxXDlPa8U1GXgE,8110,793.775,748.75,6522920.750
25-05-2020 17:45,uHbuxQJl8lW7ozc,489.125,47.3125,8819.88,7120671.875
15-06-2020 16:15,YxYtjZvoooNbGkE,2431.71,238.571,6206.29,7412908.286
23-05-2020 03:45,zVJPv84UY57bAof,0,0,0,7172294.000
06-06-2020 10:15,sjndEbLyjtCKgGv,8552.29,835.7,2004.57,7181281.571
10-06-2020 16:00,zBIq5rxdHJRwDNY,4176.43,410.286,5957.86,6537362.857
11-06-2020 06:00,z9Y9gH1T5YWrNuG,0,0,0,7205465.000
14-06-2020 10:15,ih0vzX44oOqAx2f,7506.86,734.971,1795.14,6402313.143
25-05-2020 12:45,VHMLBKoKgIrUVDU,12641.6,1232.51,5301.86,7285813.857
21-05-2020 21:45,pkci93gMrogZuBj,0,0,7778,7217976.000
22-05-2020 17:15,ZnxXDlPa8U1GXgE,1227,119.357,7219,6579083.000
04-06-2020 19:30,1IF53ai7Xc0U56Y,0,0,8196,6340855.000
16-06-2020 13:15,wCURE6d3bPkepu2,7299,714.671,4111.86,7020555.857
08-06-2020 21:00,1IF53ai7Xc0U56Y,0,0,8495,6371833.000
27-05-2020 21:45,uHbuxQJl8lW7ozc,0,0,0,7135258.000
10-06-2020 07:45,1BY6WEcLGh8j5v7,3905.57,383.814,290.857,6439360.857
03-06-2020 16:45,pkci93gMrogZuBj,4757.71,466.443,7393.86,7315043.857
31-05-2020 23:00,wCURE6d3bPkepu2,0,0,6247,6909405.000
16-05-2020 14:15,YxYtjZvoooNbGkE,8580.75,839.575,5042.38,7191299.375
17-06-2020 23:30,z9Y9gH1T5YWrNuG,0,0,5819,7251204.000
29-05-2020 19:00,3PZuoBAID5Wc2HD,0,0,8210,7102189.000
16-05-2020 18:30,rGa61gmuvPhdLxV,0,0,6233,7124099.000
05-06-2020 03:15,uHbuxQJl8lW7ozc,0,0,0,7194535.000
24-05-2020 15:15,ZoEaEvLYb1n2sOq,6277.88,614.987,7090.5,7169274.500
07-06-2020 02:30,bvBOhCH3iADSZry,0,0,0,6473124.000
18-05-2020 13:30,zBIq5rxdHJRwDNY,11155,1088.74,2931.38,6362588.375
13-06-2020 19:30,zBIq5rxdHJRwDNY,0,0,8435,6557822.000
21-05-2020 23:15,wCURE6d3bPkepu2,0,0,7811,6832055.000
10-06-2020 18:15,1BY6WEcLGh8j5v7,111.625,10.7625,5909.5,6444979.500
30-05-2020 07:45,ih0vzX44oOqAx2f,2314.88,226.963,224.25,6295345.250
19-05-2020 18:30,sjndEbLyjtCKgGv,0,0,6879,7049284.000
31-05-2020 17:00,zBIq5rxdHJRwDNY,1969.88,193.088,5784.5,6463085.500
08-06-2020 15:45,3PZuoBAID5Wc2HD,8073.12,789.875,7715.38,7174939.375
28-05-2020 21:30,McdE0feGgRqW7Ca,0,0,8567,7264956.000
17-05-2020 10:30,1IF53ai7Xc0U56Y,11839.1,1154.71,2400.14,6198994.143
02-06-2020 05:15,3PZuoBAID5Wc2HD,0,0,0,7121269.000
10-06-2020 01:15,YxYtjZvoooNbGkE,0,0,0,7373268.000
10-06-2020 19:30,z9Y9gH1T5YWrNuG,0,0,6412,7205465.000
11-06-2020 23:15,sjndEbLyjtCKgGv,0,0,5654,7221254.000
06-06-2020 21:00,3PZuoBAID5Wc2HD,0,0,6496,7158982.000
31-05-2020 04:45,1IF53ai7Xc0U56Y,0,0,0,6305543.000
26-05-2020 12:00,bvBOhCH3iADSZry,9489,926.562,3747.25,6396083.250
10-06-2020 06:00,ZnxXDlPa8U1GXgE,102.286,9.87143,0.714286,6717772.714
17-06-2020 02:15,YxYtjZvoooNbGkE,0,0,0,7419556.000
21-05-2020 11:00,McdE0feGgRqW7Ca,9652,943.1,2748.71,7203810.714
06-06-2020 10:00,zBIq5rxdHJRwDNY,10521.4,1027.81,1746.29,6502048.286
21-05-2020 17:00,WRmjgnKYAwPKWDb,1076.62,104.65,7569.62,7077294.625
31-05-2020 20:15,pkci93gMrogZuBj,0,0,5915,7294791.000
11-06-2020 22:45,3PZuoBAID5Wc2HD,0,0,5717,7196186.000
08-06-2020 10:15,1IF53ai7Xc0U56Y,12255,1195.23,2249.14,6365587.143
12-06-2020 10:00,1BY6WEcLGh8j5v7,5446.38,533.837,975.75,6451213.750
04-06-2020 17:30,uHbuxQJl8lW7ozc,3198.12,314.137,8161.75,7194416.750
07-06-2020 16:15,WRmjgnKYAwPKWDb,5459.57,535.1,7552.43,7204163.429
05-06-2020 12:00,1IF53ai7Xc0U56Y,4665.86,457.786,3671.57,6344526.571
05-06-2020 12:45,McdE0feGgRqW7Ca,5398.88,529.3,4065.88,7320826.875
01-06-2020 08:15,1IF53ai7Xc0U56Y,5215,511.386,682,6312114.000
04-06-2020 02:15,zVJPv84UY57bAof,0,0,0,7263053.000
25-05-2020 03:45,YxYtjZvoooNbGkE,0,0,0,7252651.000
12-06-2020 09:15,pkci93gMrogZuBj,5968.5,584.837,624.875,7375580.875
26-05-2020 06:00,ih0vzX44oOqAx2f,133.714,12.9,1.14286,6264580.143
15-05-2020 17:30,pkci93gMrogZuBj,1205.5,117.5,6337.5,7175439.500
17-06-2020 02:45,uHbuxQJl8lW7ozc,0,0,0,7281035.000
13-06-2020 09:00,WRmjgnKYAwPKWDb,8784.25,859.425,1140.88,7239920.875
01-06-2020 06:30,zVJPv84UY57bAof,941.875,91.475,22.25,7242046.250
08-06-2020 11:30,rGa61gmuvPhdLxV,9946.86,971.686,3522.57,7291195.571
26-05-2020 02:00,1IF53ai7Xc0U56Y,0,0,0,6266528.000
26-05-2020 14:30,1IF53ai7Xc0U56Y,8460.62,826.975,6526.75,6273054.750
09-06-2020 16:30,1IF53ai7Xc0U56Y,5038.88,494,7765.5,6379598.500
18-05-2020 08:30,WRmjgnKYAwPKWDb,1827.88,179.162,380,7049484.000
17-06-2020 00:00,zVJPv84UY57bAof,0,0,0,7357362.000
20-05-2020 13:00,adLQvlD726eNBSB,12052.8,1175.84,5651.75,6310164.750
17-05-2020 16:45,YxYtjZvoooNbGkE,3646.5,358.225,7298,7200030.000
05-06-2020 11:15,VHMLBKoKgIrUVDU,9390.38,917.413,2939.12,7366760.125
12-06-2020 11:30,zBIq5rxdHJRwDNY,9895.25,967.288,2146,6545696.000
05-06-2020 13:45,pkci93gMrogZuBj,13028,1270.23,4919.57,7328610.571
08-06-2020 09:15,pkci93gMrogZuBj,9266.5,906.337,1050.75,7347182.750
16-05-2020 04:15,bvBOhCH3iADSZry,0,0,0,6322510.000
11-06-2020 20:00,sjndEbLyjtCKgGv,0,0,5654,7221254.000
17-05-2020 11:30,wCURE6d3bPkepu2,12055.5,1175.94,3445.88,6798915.875
24-05-2020 11:45,bvBOhCH3iADSZry,11428.4,1114.71,3381,6380153.000
29-05-2020 22:15,bvBOhCH3iADSZry,0,0,7438,6421023.000
29-05-2020 18:45,ih0vzX44oOqAx2f,0,0,7951,6295121.000
19-05-2020 11:00,adLQvlD726eNBSB,10579.8,1032.64,2197.25,6300013.250
27-05-2020 15:15,pkci93gMrogZuBj,3919.29,384.271,5594,7263888.000
06-06-2020 08:45,VHMLBKoKgIrUVDU,5949.29,582.943,965,7372519.000
27-05-2020 15:30,ZoEaEvLYb1n2sOq,8930.29,873.6,5700.14,7192390.143
30-05-2020 10:00,WRmjgnKYAwPKWDb,4698,460.962,1179.25,7142078.250
19-05-2020 01:00,WRmjgnKYAwPKWDb,0,0,0,7054452.000
30-05-2020 09:30,wCURE6d3bPkepu2,6300.57,617.214,910,6896790.000
17-06-2020 21:30,ZnxXDlPa8U1GXgE,0,0,5929,6770737.000
17-05-2020 19:00,sjndEbLyjtCKgGv,0,0,7441,7037054.000
21-05-2020 21:45,bvBOhCH3iADSZry,0,0,7110,6362148.000
12-06-2020 04:45,sjndEbLyjtCKgGv,0,0,0,7221254.000
19-05-2020 07:30,VHMLBKoKgIrUVDU,2606.14,255.6,182.857,7232736.857
22-05-2020 12:45,ih0vzX44oOqAx2f,11270.6,1099.92,3956.88,6237499.875
13-06-2020 07:45,WRmjgnKYAwPKWDb,4513.14,442.986,310.143,7239090.143
01-06-2020 02:30,ih0vzX44oOqAx2f,0,0,0,6308232.000
02-06-2020 08:45,ZoEaEvLYb1n2sOq,7098.75,695.038,804,7229244.000
22-05-2020 16:30,1IF53ai7Xc0U56Y,2275.38,223.1,7098.75,6240345.750
16-05-2020 23:30,uHbuxQJl8lW7ozc,0,0,6271,7051339.000
13-06-2020 00:45,WRmjgnKYAwPKWDb,0,0,0,7238780.000
15-06-2020 00:45,uHbuxQJl8lW7ozc,0,0,0,7267837.000
11-06-2020 13:15,zVJPv84UY57bAof,7317.62,716.475,3220,7320236.000
26-05-2020 14:00,wCURE6d3bPkepu2,8900.38,869.413,6089.38,6870739.375
15-05-2020 05:30,rGa61gmuvPhdLxV,0,0,0,7111493.000
08-06-2020 20:00,7JYdWkrLSPkdwr4,0,0,8283,7786793.000
15-05-2020 02:45,sjndEbLyjtCKgGv,0,0,0,7016832.000
12-06-2020 10:45,7JYdWkrLSPkdwr4,6578.29,644.343,1592.57,7808256.571
27-05-2020 10:45,sjndEbLyjtCKgGv,6983,683.614,2349.14,7108238.143
08-06-2020 17:00,ZoEaEvLYb1n2sOq,3408.86,334.5,8062.14,7281515.143
04-06-2020 20:15,uHbuxQJl8lW7ozc,0,0,0,7194535.000
18-05-2020 11:00,z9Y9gH1T5YWrNuG,6408.88,627.837,1003.38,7029229.375
17-06-2020 07:00,ih0vzX44oOqAx2f,1347.38,131.512,15.875,6420386.875
02-06-2020 11:45,YxYtjZvoooNbGkE,6146.71,602.229,3232.57,7314748.571
15-06-2020 01:00,WRmjgnKYAwPKWDb,0,0,0,7254584.000
03-06-2020 23:15,sjndEbLyjtCKgGv,0,0,7846,7163293.000
13-06-2020 01:15,bvBOhCH3iADSZry,0,0,0,6509779.000
31-05-2020 23:45,1IF53ai7Xc0U56Y,0,0,5889,6311432.000
04-06-2020 22:00,1IF53ai7Xc0U56Y,0,0,8196,6340855.000
11-06-2020 12:30,7JYdWkrLSPkdwr4,7911.29,774.357,2698.14,7803789.143
19-05-2020 12:30,z9Y9gH1T5YWrNuG,10526,1028.9,3486,7037059.000
30-05-2020 08:30,ZnxXDlPa8U1GXgE,3598.86,353.729,484.571,6636550.571
10-06-2020 06:15,zBIq5rxdHJRwDNY,422.375,40.825,6.625,6531411.625
31-05-2020 10:30,iCRJl6heRkivqQ3,13058.1,1273.14,1904.62,7300502.625
04-06-2020 12:45,wCURE6d3bPkepu2,8883.71,867.8,4349.14,6935125.143
01-06-2020 20:45,iCRJl6heRkivqQ3,0,0,5781,7310348.000
13-06-2020 05:45,ZnxXDlPa8U1GXgE,0,0,0,6735785.000
22-05-2020 00:15,rGa61gmuvPhdLxV,0,0,0,7160399.000
22-05-2020 20:45,McdE0feGgRqW7Ca,0,0,0,7215952.000
30-05-2020 21:45,z9Y9gH1T5YWrNuG,0,0,7142,7127597.000
15-06-2020 01:45,VHMLBKoKgIrUVDU,0,0,0,7437055.000
15-06-2020 10:45,ZoEaEvLYb1n2sOq,9429.5,921.263,2674.62,7325726.625
14-06-2020 00:45,wCURE6d3bPkepu2,0,0,0,7002369.000
06-06-2020 01:30,iCRJl6heRkivqQ3,0,0,0,7341803.000
06-06-2020 21:00,YxYtjZvoooNbGkE,0,0,0,7348812.000
28-05-2020 07:15,rGa61gmuvPhdLxV,2533.25,248.438,133.75,7206682.750
09-06-2020 06:00,3PZuoBAID5Wc2HD,152.571,14.7429,1.14286,7175734.143
25-05-2020 18:00,McdE0feGgRqW7Ca,436.857,42.2286,8947.43,7241638.429
08-06-2020 06:45,ZnxXDlPa8U1GXgE,1117.29,108.614,47.5714,6701310.571
19-05-2020 15:45,rGa61gmuvPhdLxV,5431.5,532.5,6177.38,7143079.375
26-05-2020 11:30,VHMLBKoKgIrUVDU,11242.1,1097.2,3643.62,7293168.625
30-05-2020 08:15,rGa61gmuvPhdLxV,4437.75,435.6,386.25,7223460.250
08-06-2020 01:45,adLQvlD726eNBSB,0,0,0,6453384.000
28-05-2020 17:00,bvBOhCH3iADSZry,3211.86,315.457,7591.29,6413424.286
06-06-2020 15:45,VHMLBKoKgIrUVDU,3299.29,324.143,6155,7377709.000
03-06-2020 20:15,7JYdWkrLSPkdwr4,0,0,7749,7748622.000
28-05-2020 18:00,ZnxXDlPa8U1GXgE,485,46.9,8526.43,6627902.429
26-05-2020 05:30,wCURE6d3bPkepu2,0,0,0,6864650.000
27-05-2020 02:15,rGa61gmuvPhdLxV,0,0,0,7199869.000
10-06-2020 17:45,McdE0feGgRqW7Ca,1207,117.386,6576,7361593.000
19-05-2020 09:00,zVJPv84UY57bAof,5399.29,529.171,672.714,7142077.714
07-06-2020 17:45,McdE0feGgRqW7Ca,1208.29,117.529,7001.57,7338161.571
11-06-2020 10:00,ZnxXDlPa8U1GXgE,5185.88,508.35,944.75,6725154.750
08-06-2020 18:30,bvBOhCH3iADSZry,101.571,9.8,7692.57,6485985.571
03-06-2020 09:00,wCURE6d3bPkepu2,6299,617.129,810.571,6923679.571
14-06-2020 23:15,ZoEaEvLYb1n2sOq,0,0,7289,7323052.000
16-05-2020 02:00,wCURE6d3bPkepu2,0,0,0,6788927.000
08-06-2020 12:30,sjndEbLyjtCKgGv,11343.4,1107.05,4536.38,7197090.375
18-05-2020 10:15,wCURE6d3bPkepu2,2211.57,216.814,677.857,6803677.857
17-06-2020 01:45,WRmjgnKYAwPKWDb,0,0,0,7267579.000
14-06-2020 20:00,uHbuxQJl8lW7ozc,0,0,7306,7267837.000
26-05-2020 17:30,ih0vzX44oOqAx2f,650.714,62.9857,7683,6272262.000
12-06-2020 19:15,VHMLBKoKgIrUVDU,0,0,5903,7420914.000
14-06-2020 21:30,WRmjgnKYAwPKWDb,0,0,7405,7254584.000
14-06-2020 15:15,McdE0feGgRqW7Ca,10498.7,1024.86,6485.57,7388408.571
13-06-2020 09:45,1IF53ai7Xc0U56Y,8853.5,865.788,1818.25,6400045.250
27-05-2020 22:15,wCURE6d3bPkepu2,0,0,0,6879195.000
09-06-2020 18:15,adLQvlD726eNBSB,452.375,43.75,8266,6470270.000
26-05-2020 14:00,7JYdWkrLSPkdwr4,8467.88,827.625,6089.62,7690109.625
05-06-2020 23:30,iCRJl6heRkivqQ3,0,0,7803,7341803.000
19-05-2020 00:15,ih0vzX44oOqAx2f,0,0,0,6210487.000
03-06-2020 02:30,adLQvlD726eNBSB,0,0,0,6414276.000
17-06-2020 01:30,wCURE6d3bPkepu2,0,0,0,7022718.000
24-05-2020 07:45,McdE0feGgRqW7Ca,4157.86,408.429,292.429,7224928.429
30-05-2020 03:30,ih0vzX44oOqAx2f,0,0,0,6295121.000
15-05-2020 03:15,zVJPv84UY57bAof,0,0,0,7116151.000
13-06-2020 17:15,zVJPv84UY57bAof,1751.14,171.643,8311.71,7336861.714
31-05-2020 00:45,z9Y9gH1T5YWrNuG,0,0,0,7127597.000
07-06-2020 17:45,3PZuoBAID5Wc2HD,1168.71,113.643,8203.43,7167185.429
03-06-2020 04:00,McdE0feGgRqW7Ca,0,0,0,7300359.000
04-06-2020 11:45,pkci93gMrogZuBj,11107,1084.54,3327.86,7318763.857
29-05-2020 12:45,McdE0feGgRqW7Ca,12714.6,1239.67,4705,7269661.000
31-05-2020 01:15,iCRJl6heRkivqQ3,0,0,0,7298598.000
16-06-2020 04:30,3PZuoBAID5Wc2HD,0,0,0,7225042.000
30-05-2020 08:15,wCURE6d3bPkepu2,4270.12,419.375,380,6896260.000
22-05-2020 15:15,wCURE6d3bPkepu2,6370.14,624.071,6507.86,6838562.857
16-06-2020 23:30,z9Y9gH1T5YWrNuG,0,0,6201,7245385.000
24-05-2020 04:30,ZnxXDlPa8U1GXgE,0,0,0,6587728.000
03-06-2020 08:15,wCURE6d3bPkepu2,4491.88,440.975,442.5,6923311.500
10-06-2020 22:45,ZnxXDlPa8U1GXgE,0,0,6438,6724210.000
30-05-2020 08:45,YxYtjZvoooNbGkE,3430,337.214,565.429,7293068.429
19-05-2020 10:00,3PZuoBAID5Wc2HD,6132.38,600.763,1360,7015278.000
13-06-2020 08:15,adLQvlD726eNBSB,6774,663.486,611.571,6489333.571
16-05-2020 18:15,pkci93gMrogZuBj,126,12.1571,6172.29,7181649.286
17-05-2020 04:00,WRmjgnKYAwPKWDb,0,0,0,7041430.000
16-06-2020 02:00,YxYtjZvoooNbGkE,0,0,0,7413335.000
18-05-2020 06:30,zBIq5rxdHJRwDNY,746.571,72.3714,18.5714,6359675.571
17-06-2020 16:00,pkci93gMrogZuBj,3278.43,322.086,5595.29,7415073.286
24-05-2020 18:00,pkci93gMrogZuBj,623.571,60.3714,8012.71,7241687.714
18-05-2020 03:00,sjndEbLyjtCKgGv,0,0,0,7037054.000
29-05-2020 06:15,uHbuxQJl8lW7ozc,424.833,41.1333,2,7143634.000
04-06-2020 17:45,ZoEaEvLYb1n2sOq,1894.43,185.586,7987.71,7251488.714
24-05-2020 19:45,WRmjgnKYAwPKWDb,0,0,8091,7101117.000
26-05-2020 23:00,z9Y9gH1T5YWrNuG,0,0,0,7097183.000
24-05-2020 16:00,rGa61gmuvPhdLxV,4328.57,424.414,7403.86,7182696.857
08-06-2020 21:00,rGa61gmuvPhdLxV,0,0,8291,7295964.000
09-06-2020 15:45,wCURE6d3bPkepu2,7693.29,753.157,7117.71,6975087.714
02-06-2020 02:30,1BY6WEcLGh8j5v7,0,0,0,6383439.000
11-06-2020 17:30,VHMLBKoKgIrUVDU,1429.25,139.35,5650.88,7414945.875
14-06-2020 21:45,zBIq5rxdHJRwDNY,0,0,7315,6565137.000
16-05-2020 17:00,YxYtjZvoooNbGkE,1957,191.838,6353.75,7192610.750
16-05-2020 10:00,WRmjgnKYAwPKWDb,7795.71,763.043,1574.29,7036389.286
20-05-2020 18:15,7JYdWkrLSPkdwr4,360.286,34.8143,8767.29,7643975.286
01-06-2020 11:45,VHMLBKoKgIrUVDU,6758.25,661.138,3676.38,7338081.375
27-05-2020 11:45,pkci93gMrogZuBj,10505.9,1026.05,3240.5,7261534.500
26-05-2020 21:45,z9Y9gH1T5YWrNuG,0,0,0,7097183.000
15-05-2020 13:00,YxYtjZvoooNbGkE,5673.86,556,3590,7183556.000
28-05-2020 16:15,z9Y9gH1T5YWrNuG,4308.75,422.387,8030,7111915.000
31-05-2020 02:45,z9Y9gH1T5YWrNuG,0,0,0,7127597.000
03-06-2020 12:30,7JYdWkrLSPkdwr4,11451.1,1118.16,3741.86,7744614.857
04-06-2020 06:15,bvBOhCH3iADSZry,355.714,34.3714,4.71429,6452728.714
12-06-2020 09:00,ih0vzX44oOqAx2f,4842.12,474.788,471.5,6387024.500
25-05-2020 09:45,ih0vzX44oOqAx2f,8916.14,872.3,1463.86,6257957.857
29-05-2020 20:15,VHMLBKoKgIrUVDU,0,0,8172,7321059.000
11-06-2020 22:45,1BY6WEcLGh8j5v7,0,0,5257,6450238.000
17-05-2020 18:00,ih0vzX44oOqAx2f,314,30.3286,7384.71,6205194.714
16-06-2020 11:30,rGa61gmuvPhdLxV,5664.43,555.129,3012,7347716.000
29-05-2020 19:15,ih0vzX44oOqAx2f,0,0,7951,6295121.000
20-05-2020 22:45,McdE0feGgRqW7Ca,0,0,8964,7201062.000
31-05-2020 02:30,bvBOhCH3iADSZry,0,0,0,6427681.000
07-06-2020 15:30,WRmjgnKYAwPKWDb,7558.57,739.857,7068.71,7203679.714
31-05-2020 00:45,iCRJl6heRkivqQ3,0,0,0,7298598.000
19-05-2020 00:45,sjndEbLyjtCKgGv,0,0,0,7042405.000
16-06-2020 04:45,wCURE6d3bPkepu2,0,0,0,7016444.000
21-05-2020 12:45,3PZuoBAID5Wc2HD,9559.75,933.525,4730.12,7034224.125
05-06-2020 14:00,7JYdWkrLSPkdwr4,12195.1,1189.74,5048.12,7761669.125
15-05-2020 03:00,uHbuxQJl8lW7ozc,0,0,0,7038681.000
31-05-2020 16:30,adLQvlD726eNBSB,1881.57,184.429,5681.29,6400452.286
31-05-2020 12:30,uHbuxQJl8lW7ozc,7068.62,691.3,3802.12,7163074.125
02-06-2020 04:30,rGa61gmuvPhdLxV,0,0,0,7241969.000
16-06-2020 16:15,WRmjgnKYAwPKWDb,3420.62,335.938,5930.5,7267245.500
11-06-2020 14:30,wCURE6d3bPkepu2,10716,1046.36,4115.5,6986518.500
29-05-2020 15:30,uHbuxQJl8lW7ozc,6970.12,682.575,7294,7150926.000
11-06-2020 15:15,ZoEaEvLYb1n2sOq,6168.25,604.388,4585.88,7300656.875
15-06-2020 15:00,ih0vzX44oOqAx2f,6229.86,610.4,5566.57,6413249.571
30-05-2020 14:15,YxYtjZvoooNbGkE,11362.1,1109.47,5021,7297524.000
22-05-2020 21:15,rGa61gmuvPhdLxV,0,0,0,7167141.000
16-05-2020 13:30,VHMLBKoKgIrUVDU,8726.14,853.671,4725.14,7217391.143
09-06-2020 00:00,bvBOhCH3iADSZry,0,0,0,6485986.000
15-05-2020 12:15,pkci93gMrogZuBj,9142.75,893.175,3031.5,7172133.500
13-06-2020 21:45,1BY6WEcLGh8j5v7,0,0,7984,6463663.000
13-06-2020 16:30,ZoEaEvLYb1n2sOq,3441.88,338.125,8119.12,7315504.125
16-06-2020 10:15,3PZuoBAID5Wc2HD,10673.3,1043.07,1964.14,7227006.143
18-05-2020 05:15,zVJPv84UY57bAof,0,0,0,7136015.000
19-05-2020 01:45,ih0vzX44oOqAx2f,0,0,0,6210487.000
10-06-2020 22:45,zBIq5rxdHJRwDNY,0,0,6498,6537903.000
01-06-2020 23:15,adLQvlD726eNBSB,0,0,6127,6406831.000
13-06-2020 06:00,VHMLBKoKgIrUVDU,108.875,10.5125,0.75,7420914.750
19-05-2020 08:45,z9Y9gH1T5YWrNuG,4132.88,405.738,558.375,7034131.375
30-05-2020 16:00,ih0vzX44oOqAx2f,6629.25,649.337,6482.88,6301603.875
01-06-2020 15:00,uHbuxQJl8lW7ozc,2903.57,285,5141.43,7170494.429
04-06-2020 06:15,sjndEbLyjtCKgGv,370,35.7714,5.14286,7163298.143
30-05-2020 17:45,YxYtjZvoooNbGkE,1025.14,99.6429,7230.57,7299733.571
24-05-2020 07:30,zBIq5rxdHJRwDNY,3164.38,310.85,191.5,6404672.500
16-05-2020 17:15,McdE0feGgRqW7Ca,1627.43,159.229,6506.43,7171941.429
15-05-2020 05:45,uHbuxQJl8lW7ozc,0,0,0,7038681.000
29-05-2020 10:30,ZoEaEvLYb1n2sOq,11791.7,1150.99,2115.86,7203653.857
29-05-2020 11:45,sjndEbLyjtCKgGv,12850.9,1253.62,3484.5,7124387.500
01-06-2020 10:30,adLQvlD726eNBSB,10844.6,1058.99,2388.57,6403092.571
05-06-2020 07:45,sjndEbLyjtCKgGv,2321.29,227.614,215.571,7171733.571
22-05-2020 03:00,zBIq5rxdHJRwDNY,0,0,0,6388599.000
22-05-2020 15:00,rGa61gmuvPhdLxV,8997.75,880.263,5983.75,7166382.750
13-06-2020 00:15,ZnxXDlPa8U1GXgE,0,0,0,6735785.000
17-06-2020 23:30,wCURE6d3bPkepu2,0,0,5883,7028601.000
31-05-2020 10:00,3PZuoBAID5Wc2HD,6543.71,640.9,1327.86,7110815.857
09-06-2020 23:30,iCRJl6heRkivqQ3,0,0,8265,7373220.000
05-06-2020 10:00,wCURE6d3bPkepu2,10884.2,1062.59,1666.12,6940687.125
15-05-2020 00:30,bvBOhCH3iADSZry,0,0,0,6316803.000
01-06-2020 13:15,ZoEaEvLYb1n2sOq,9519.71,929.871,4478.86,7227122.857
30-05-2020 09:45,wCURE6d3bPkepu2,4607.5,452.2,1046.38,6896926.375
20-05-2020 22:00,sjndEbLyjtCKgGv,0,0,8777,7058061.000
09-06-2020 18:15,WRmjgnKYAwPKWDb,409.125,39.575,7970,7220971.000
14-06-2020 20:15,ZnxXDlPa8U1GXgE,0,0,7404,6751747.000
01-06-2020 15:15,ZoEaEvLYb1n2sOq,1997,195.775,5411.62,7228055.625
17-06-2020 01:15,sjndEbLyjtCKgGv,0,0,0,7255794.000
03-06-2020 23:15,ZnxXDlPa8U1GXgE,0,0,7916,6670884.000
19-05-2020 06:30,z9Y9gH1T5YWrNuG,177.143,17.1,5,7033578.000
19-05-2020 15:45,zBIq5rxdHJRwDNY,5429.29,532.314,6187.43,6371234.429
12-06-2020 06:00,pkci93gMrogZuBj,0,0,0,7374956.000
06-06-2020 21:15,ih0vzX44oOqAx2f,0,0,6197,6350673.000
27-05-2020 11:45,1IF53ai7Xc0U56Y,8321.86,813.929,3426.29,6278064.286
08-06-2020 03:45,3PZuoBAID5Wc2HD,0,0,0,7167224.000
25-05-2020 18:30,ZoEaEvLYb1n2sOq,25.4286,2.45714,8745,7178914.000
10-06-2020 10:15,ZnxXDlPa8U1GXgE,7013,686.743,1708.43,6719480.429
17-05-2020 19:00,7JYdWkrLSPkdwr4,0,0,7526,7623063.000
26-05-2020 18:30,adLQvlD726eNBSB,0,0,0,6363516.000
15-05-2020 12:15,3PZuoBAID5Wc2HD,8377.25,819.013,2876.38,6990635.375
17-06-2020 09:00,adLQvlD726eNBSB,5185.43,508.314,724.286,6519122.286
19-05-2020 20:45,adLQvlD726eNBSB,0,0,0,6304513.000
25-05-2020 21:15,iCRJl6heRkivqQ3,0,0,8869,7260130.000
17-06-2020 21:15,z9Y9gH1T5YWrNuG,0,0,5819,7251204.000
20-05-2020 06:30,McdE0feGgRqW7Ca,709.143,68.7429,21.2857,7192119.286
28-05-2020 12:15,bvBOhCH3iADSZry,12408.3,1209.8,4217.33,6410050.333
25-05-2020 15:45,rGa61gmuvPhdLxV,9070.62,887.35,8214.5,7191509.500
16-05-2020 06:00,VHMLBKoKgIrUVDU,59.8571,5.78571,0,7212666.000
19-05-2020 14:45,VHMLBKoKgIrUVDU,10007.2,978.487,5598.25,7238152.250
06-06-2020 12:15,rGa61gmuvPhdLxV,8352.75,816.15,3636,7276726.000
01-06-2020 03:15,uHbuxQJl8lW7ozc,0,0,0,7165353.000
13-06-2020 21:15,iCRJl6heRkivqQ3,0,0,8496,7399855.000
31-05-2020 11:30,rGa61gmuvPhdLxV,8791.57,859.243,2907.71,7233345.714
06-06-2020 18:15,1BY6WEcLGh8j5v7,87.4286,8.44286,5939.43,6418481.429
26-05-2020 10:15,wCURE6d3bPkepu2,10526.8,1027.74,2241,6866891.000
29-05-2020 14:00,z9Y9gH1T5YWrNuG,6947.71,680.357,5912.57,7118274.571
16-05-2020 21:45,ZnxXDlPa8U1GXgE,0,0,6676,6535152.000
10-06-2020 10:15,rGa61gmuvPhdLxV,6756.14,661.729,1643.14,7305847.143
06-06-2020 21:15,WRmjgnKYAwPKWDb,0,0,6341,7196611.000
04-06-2020 23:00,ZoEaEvLYb1n2sOq,0,0,0,7251540.000
16-06-2020 01:15,zBIq5rxdHJRwDNY,0,0,0,6571833.000
22-05-2020 20:30,YxYtjZvoooNbGkE,0,0,0,7236121.000
26-05-2020 15:30,pkci93gMrogZuBj,7095,694.65,6755.12,7257274.125
11-06-2020 23:15,VHMLBKoKgIrUVDU,0,0,5716,7415011.000
20-05-2020 04:45,zBIq5rxdHJRwDNY,0,0,0,6371971.000
13-06-2020 23:30,YxYtjZvoooNbGkE,0,0,8380,7399439.000
26-05-2020 04:45,bvBOhCH3iADSZry,0,0,0,6392336.000
08-06-2020 05:30,VHMLBKoKgIrUVDU,0,0,0,7386208.000
06-06-2020 10:15,z9Y9gH1T5YWrNuG,10362.1,1011.47,1979.14,7172980.143
16-06-2020 20:00,bvBOhCH3iADSZry,0,0,5757,6533549.000
31-05-2020 17:15,zVJPv84UY57bAof,1797.38,176.188,5941.62,7241918.625
10-06-2020 01:30,VHMLBKoKgIrUVDU,0,0,0,7402816.000
08-06-2020 13:45,WRmjgnKYAwPKWDb,8318.88,812.888,5680,7210362.000
19-05-2020 10:15,adLQvlD726eNBSB,7971.29,779.314,1574.86,6299390.857
24-05-2020 00:45,YxYtjZvoooNbGkE,0,0,0,7244680.000
09-06-2020 03:00,ZoEaEvLYb1n2sOq,0,0,0,7281724.000
26-05-2020 02:15,zVJPv84UY57bAof,0,0,0,7197609.000
18-05-2020 16:15,zVJPv84UY57bAof,4409,432.837,5016.62,7141031.625
24-05-2020 11:00,z9Y9gH1T5YWrNuG,11094.7,1082.96,2563.43,7075325.429
29-05-2020 13:00,ih0vzX44oOqAx2f,12326.7,1201.86,4798.43,6291968.429
04-06-2020 07:15,z9Y9gH1T5YWrNuG,2436.86,239.071,128.143,7155241.143
18-05-2020 06:00,uHbuxQJl8lW7ozc,80.875,7.8125,0.25,7058793.250
30-05-2020 05:45,bvBOhCH3iADSZry,0,0,0,6421023.000
10-06-2020 09:45,ZnxXDlPa8U1GXgE,6170.25,604.575,1456.62,6719228.625
19-05-2020 09:45,3PZuoBAID5Wc2HD,6177.43,605.171,1208.71,7015126.714
17-05-2020 18:15,3PZuoBAID5Wc2HD,129,12.4375,7792.5,7008481.500
01-06-2020 18:00,WRmjgnKYAwPKWDb,511.286,49.4429,5821.57,7159687.571
31-05-2020 00:45,VHMLBKoKgIrUVDU,0,0,0,7328329.000
10-06-2020 18:15,uHbuxQJl8lW7ozc,112.75,10.9,6642.75,7240505.750
10-06-2020 00:30,1BY6WEcLGh8j5v7,0,0,0,6439070.000
22-05-2020 23:45,ZoEaEvLYb1n2sOq,0,0,0,7153713.000
27-05-2020 04:00,wCURE6d3bPkepu2,0,0,0,6872485.000
19-05-2020 18:30,VHMLBKoKgIrUVDU,0,0,6988,7239542.000
11-06-2020 13:30,rGa61gmuvPhdLxV,4889.57,479.571,3376,7314145.000
03-06-2020 01:00,bvBOhCH3iADSZry,0,0,0,6445487.000
02-06-2020 10:00,zVJPv84UY57bAof,9400.14,919.371,1953.86,7249719.857
30-05-2020 20:45,bvBOhCH3iADSZry,0,0,6658,6427681.000
01-06-2020 10:00,3PZuoBAID5Wc2HD,8170.57,799.229,1891.14,7117195.143
16-06-2020 05:00,rGa61gmuvPhdLxV,0,0,0,7344704.000
26-05-2020 12:15,uHbuxQJl8lW7ozc,13263.6,1293.19,4300.12,7124996.125
25-05-2020 08:00,zBIq5rxdHJRwDNY,3011.43,295.5,336.286,6412094.286
25-05-2020 17:15,zVJPv84UY57bAof,973.625,94.5625,8756.75,7197552.750
11-06-2020 21:30,YxYtjZvoooNbGkE,0,0,5592,7385279.000
09-06-2020 16:30,sjndEbLyjtCKgGv,5295.71,519.1,7724.14,7208649.143
24-05-2020 07:00,pkci93gMrogZuBj,1658.86,162.314,74.2857,7233749.286
18-05-2020 11:00,adLQvlD726eNBSB,6626.43,649.057,1039.43,6293349.429
23-05-2020 16:00,zVJPv84UY57bAof,5840.71,572.486,7786.29,7180080.286
02-06-2020 22:30,bvBOhCH3iADSZry,0,0,6842,6445487.000
23-05-2020 09:00,zVJPv84UY57bAof,8191.38,801.688,1020.75,7173314.750
03-06-2020 11:30,iCRJl6heRkivqQ3,10927,1067.03,2698.86,7320511.857
19-05-2020 20:00,adLQvlD726eNBSB,0,0,0,6304513.000
16-06-2020 12:15,zBIq5rxdHJRwDNY,4553.25,446.137,3433.5,6575266.500
16-05-2020 15:00,7JYdWkrLSPkdwr4,7114.25,696.675,5594.12,7614670.125
16-05-2020 23:00,3PZuoBAID5Wc2HD,0,0,6656,7000689.000
17-05-2020 12:00,McdE0feGgRqW7Ca,6669.86,653.243,3985.14,7176006.143
03-06-2020 19:00,McdE0feGgRqW7Ca,0,0,8010,7308369.000
14-06-2020 14:15,bvBOhCH3iADSZry,3496.75,341.988,2388.75,6520030.750
14-06-2020 10:00,YxYtjZvoooNbGkE,8310.75,813.288,1620.62,7401059.625
23-05-2020 14:00,7JYdWkrLSPkdwr4,10157.1,992.371,6265.29,7665035.286
25-05-2020 02:00,ZnxXDlPa8U1GXgE,0,0,0,6595756.000
11-06-2020 21:30,ZoEaEvLYb1n2sOq,0,0,5561,7301632.000
31-05-2020 18:15,1IF53ai7Xc0U56Y,266.875,25.8,5885.62,6311428.625
15-06-2020 06:00,zBIq5rxdHJRwDNY,90.4286,8.74286,0.428571,6565137.429
18-05-2020 17:45,WRmjgnKYAwPKWDb,723.286,70.1,5325.14,7054429.143
06-06-2020 13:45,3PZuoBAID5Wc2HD,9594.29,937.071,5122.14,7157608.143
06-06-2020 14:30,ZnxXDlPa8U1GXgE,4949.71,483.886,5619.71,6692318.714
26-05-2020 17:15,ZnxXDlPa8U1GXgE,1022.12,99.4625,7934.12,6612600.125
15-05-2020 20:00,wCURE6d3bPkepu2,0,0,6329,6788927.000
02-06-2020 06:30,z9Y9gH1T5YWrNuG,474.571,45.9,17.4286,7139845.429
25-05-2020 03:45,McdE0feGgRqW7Ca,0,0,0,7232691.000
26-05-2020 23:45,7JYdWkrLSPkdwr4,0,0,0,7691912.000
07-06-2020 10:00,wCURE6d3bPkepu2,6757.12,661.8,1495.88,6954589.875
09-06-2020 09:30,YxYtjZvoooNbGkE,8835,862.837,1456,7366766.000
26-05-2020 08:45,wCURE6d3bPkepu2,7422.88,726.788,850.875,6865500.875
04-06-2020 06:30,uHbuxQJl8lW7ozc,737.857,71.5429,18.8571,7186273.857
11-06-2020 16:00,WRmjgnKYAwPKWDb,4586.86,450.157,5102.57,7232469.571
13-06-2020 07:15,YxYtjZvoooNbGkE,2563,251.329,121.286,7391180.286
16-06-2020 02:00,wCURE6d3bPkepu2,0,0,0,7016444.000
08-06-2020 05:15,ih0vzX44oOqAx2f,0,0,0,6358692.000
03-06-2020 20:00,1BY6WEcLGh8j5v7,0,0,7341,6397809.000
31-05-2020 22:00,WRmjgnKYAwPKWDb,0,0,5837,7153866.000
02-06-2020 16:30,ih0vzX44oOqAx2f,4488.86,440.557,7047.57,6321030.571
18-05-2020 13:30,uHbuxQJl8lW7ozc,12341.8,1203.97,2936.62,7061729.625
23-05-2020 18:00,YxYtjZvoooNbGkE,1306.38,127.225,8529.38,7244650.375
25-05-2020 00:45,YxYtjZvoooNbGkE,0,0,0,7252651.000
15-06-2020 09:00,adLQvlD726eNBSB,8646.14,845.929,1169.14,6506255.143
15-06-2020 18:15,VHMLBKoKgIrUVDU,250.857,24.2143,6810.57,7443865.571
24-05-2020 16:15,uHbuxQJl8lW7ozc,3019.12,296.1,7621,7111367.000
26-05-2020 05:00,7JYdWkrLSPkdwr4,0,0,0,7684020.000
22-05-2020 02:00,z9Y9gH1T5YWrNuG,0,0,0,7057147.000
31-05-2020 13:15,zBIq5rxdHJRwDNY,6662.5,651.788,4357.88,6461658.875
29-05-2020 07:15,z9Y9gH1T5YWrNuG,2012.12,197.25,142.875,7112504.875
03-06-2020 21:45,ZoEaEvLYb1n2sOq,0,0,7774,7243501.000
10-06-2020 16:00,VHMLBKoKgIrUVDU,4245.25,416.938,5937.88,7408753.875
17-06-2020 22:15,ZoEaEvLYb1n2sOq,0,0,5871,7341753.000
13-06-2020 20:45,YxYtjZvoooNbGkE,0,0,8380,7399439.000
16-06-2020 15:30,ih0vzX44oOqAx2f,6290.5,616.225,5423.25,6419670.250
15-05-2020 15:30,VHMLBKoKgIrUVDU,7739.38,757.55,5456,7211864.000
31-05-2020 05:00,uHbuxQJl8lW7ozc,0,0,0,7159272.000
07-06-2020 10:15,iCRJl6heRkivqQ3,7720.86,755.814,1651,7349885.000
25-05-2020 18:15,1BY6WEcLGh8j5v7,214.571,20.7143,8265.29,6336205.286
12-06-2020 04:45,z9Y9gH1T5YWrNuG,0,0,0,7211064.000
08-06-2020 09:30,ZoEaEvLYb1n2sOq,10835,1058.57,1305.83,7274758.833
26-05-2020 08:45,uHbuxQJl8lW7ozc,7381.62,722.775,856.5,7121552.500
02-06-2020 01:45,iCRJl6heRkivqQ3,0,0,0,7310348.000
07-06-2020 19:45,McdE0feGgRqW7Ca,0,0,7042,7338202.000
23-05-2020 08:30,zVJPv84UY57bAof,7861.5,769.538,634,7172928.000
28-05-2020 04:45,zVJPv84UY57bAof,0,0,0,7212082.000
06-06-2020 21:45,3PZuoBAID5Wc2HD,0,0,6496,7158982.000
15-05-2020 16:00,ZoEaEvLYb1n2sOq,4827.29,473.614,5732.86,7103831.857
16-05-2020 12:00,z9Y9gH1T5YWrNuG,8992.57,879.643,3063.43,7017315.429
04-06-2020 07:15,zVJPv84UY57bAof,2433,238.688,128.375,7263181.375
17-06-2020 17:15,z9Y9gH1T5YWrNuG,1564.5,152.912,5718.12,7251103.125
08-06-2020 23:15,adLQvlD726eNBSB,0,0,8620,6462004.000
09-06-2020 23:30,ih0vzX44oOqAx2f,0,0,7846,6374755.000
22-05-2020 19:00,ZnxXDlPa8U1GXgE,0,0,7275,6579139.000
16-05-2020 22:00,3PZuoBAID5Wc2HD,0,0,6656,7000689.000
23-05-2020 15:30,WRmjgnKYAwPKWDb,8209.29,803.386,7365,7091960.000
15-06-2020 20:15,uHbuxQJl8lW7ozc,0,0,6906,7274743.000
28-05-2020 01:45,bvBOhCH3iADSZry,0,0,0,6405833.000
12-06-2020 07:30,rGa61gmuvPhdLxV,929.714,90.3143,88.2857,7316520.286
24-05-2020 12:00,sjndEbLyjtCKgGv,12594.6,1228.39,3647.43,7085096.429
12-06-2020 17:45,ZnxXDlPa8U1GXgE,1609.14,157.129,5831.86,6735733.857
29-05-2020 11:45,pkci93gMrogZuBj,12770.9,1245.76,3650.25,7276908.250
28-05-2020 07:15,3PZuoBAID5Wc2HD,2980.14,292.6,161.857,7085612.857
31-05-2020 05:15,3PZuoBAID5Wc2HD,0,0,0,7109488.000
04-06-2020 11:45,3PZuoBAID5Wc2HD,10162.3,992.914,3404.86,7139892.857
04-06-2020 21:00,pkci93gMrogZuBj,0,0,0,7323691.000
30-05-2020 02:45,3PZuoBAID5Wc2HD,0,0,0,7102189.000
07-06-2020 17:00,ih0vzX44oOqAx2f,3298.29,323.671,7791.71,6358464.714
05-06-2020 23:45,iCRJl6heRkivqQ3,0,0,7803,7341803.000
31-05-2020 12:00,1BY6WEcLGh8j5v7,9356.62,914.5,3397.12,6375525.125
15-06-2020 17:15,YxYtjZvoooNbGkE,2278,223.343,6521.57,7413223.571
15-05-2020 14:00,rGa61gmuvPhdLxV,10122.9,989.538,4391,7115884.000
25-05-2020 00:00,7JYdWkrLSPkdwr4,0,0,1145.86,7675241.000
02-06-2020 15:45,rGa61gmuvPhdLxV,5959.86,583.914,6651.86,7248620.857
09-06-2020 12:30,ZoEaEvLYb1n2sOq,10776.4,1051.74,4354.71,7286078.714
27-05-2020 08:30,z9Y9gH1T5YWrNuG,6603.14,646.771,665.286,7097848.286
15-05-2020 02:45,McdE0feGgRqW7Ca,0,0,0,7158964.000
28-05-2020 20:30,bvBOhCH3iADSZry,0,0,7752,6413585.000
19-05-2020 01:30,McdE0feGgRqW7Ca,0,0,0,7185091.000
19-05-2020 00:00,ZoEaEvLYb1n2sOq,0,0,0,7123527.000
21-05-2020 13:00,zBIq5rxdHJRwDNY,10601.6,1034.84,4808,6385670.000
25-05-2020 07:15,3PZuoBAID5Wc2HD,2700.62,264.938,136.25,7061704.250
01-06-2020 03:15,pkci93gMrogZuBj,0,0,0,7294791.000
17-05-2020 12:45,sjndEbLyjtCKgGv,9792.75,956.288,4548.75,7034161.750
24-05-2020 10:30,VHMLBKoKgIrUVDU,10895.1,1063.34,2216.25,7274548.250
17-05-2020 04:30,7JYdWkrLSPkdwr4,0,0,0,7615537.000
21-05-2020 12:45,ZoEaEvLYb1n2sOq,9429.57,921.057,4498.29,7143566.286
16-06-2020 19:15,iCRJl6heRkivqQ3,0,0,6305,7420306.000
31-05-2020 16:30,rGa61gmuvPhdLxV,1850.29,181.371,5649.57,7236087.571
11-06-2020 11:45,wCURE6d3bPkepu2,8324.88,814.712,2071.25,6984474.250
05-06-2020 18:15,wCURE6d3bPkepu2,553.714,53.6,7741.14,6946762.143
29-05-2020 11:30,WRmjgnKYAwPKWDb,9432.14,921.529,3180.43,7136041.429
18-05-2020 16:45,McdE0feGgRqW7Ca,2976.14,292.071,5267.86,7184894.857
26-05-2020 03:00,wCURE6d3bPkepu2,0,0,0,6864650.000
09-06-2020 18:15,zVJPv84UY57bAof,418.857,40.4857,8283.57,7310450.571
20-05-2020 00:15,pkci93gMrogZuBj,0,0,0,7201349.000
18-05-2020 15:45,ZoEaEvLYb1n2sOq,7034.5,688.888,4670.5,7122878.500
14-06-2020 11:15,McdE0feGgRqW7Ca,9382.5,917.375,2826,7384749.000
01-06-2020 17:30,bvBOhCH3iADSZry,648.75,62.825,5336.25,6438603.250
05-06-2020 05:00,WRmjgnKYAwPKWDb,0,0,0,7182665.000
12-06-2020 09:00,ZnxXDlPa8U1GXgE,4974.62,487.725,479.75,6730381.750
04-06-2020 09:15,zBIq5rxdHJRwDNY,5093.57,499.471,1066.57,6485408.571
16-06-2020 13:30,sjndEbLyjtCKgGv,8169.88,799.4,4289.88,7253828.875
19-05-2020 07:00,uHbuxQJl8lW7ozc,2402.25,235.575,48.75,7064249.750
17-05-2020 07:00,ZoEaEvLYb1n2sOq,1396.38,136.137,49,7110793.000
03-06-2020 17:30,ZoEaEvLYb1n2sOq,2180.71,213.814,7688.57,7243415.571
15-06-2020 15:15,adLQvlD726eNBSB,6184.86,605.9,6039.29,6511125.286
15-06-2020 01:45,7JYdWkrLSPkdwr4,0,0,0,7828158.000
31-05-2020 23:30,1BY6WEcLGh8j5v7,0,0,5803,6377931.000
08-06-2020 14:15,zVJPv84UY57bAof,11144.9,1086.97,6190.43,7299980.429
11-06-2020 02:00,sjndEbLyjtCKgGv,0,0,0,7215600.000
14-06-2020 14:15,McdE0feGgRqW7Ca,11504.7,1122.91,5610,7387533.000
29-05-2020 13:30,1IF53ai7Xc0U56Y,11481.9,1120.99,5633.86,6295591.857
27-05-2020 03:15,rGa61gmuvPhdLxV,0,0,0,7199869.000
17-05-2020 21:45,WRmjgnKYAwPKWDb,0,0,7674,7049104.000
09-06-2020 10:15,ZnxXDlPa8U1GXgE,10186,993.9,2049.57,6711747.571
24-05-2020 22:45,zVJPv84UY57bAof,0,0,7958,7188796.000
21-05-2020 08:15,pkci93gMrogZuBj,5613,550.125,471.625,7210669.625
27-05-2020 21:30,zVJPv84UY57bAof,0,0,0,7212082.000
26-05-2020 08:15,iCRJl6heRkivqQ3,5828.29,571.129,534.429,7260664.429
23-05-2020 16:30,zBIq5rxdHJRwDNY,5323.5,521.925,8201.75,6404008.750
07-06-2020 09:15,z9Y9gH1T5YWrNuG,8165.29,799.157,969,7178258.000
05-06-2020 20:00,ZoEaEvLYb1n2sOq,0,0,7535,7259075.000
26-05-2020 08:00,1BY6WEcLGh8j5v7,4779.57,468.814,391.857,6336599.857
18-05-2020 22:30,ZoEaEvLYb1n2sOq,0,0,5319,7123527.000
15-06-2020 04:45,1IF53ai7Xc0U56Y,0,0,0,6414368.000
03-06-2020 09:45,iCRJl6heRkivqQ3,5942.62,582.35,1253.75,7319066.750
19-05-2020 00:15,1IF53ai7Xc0U56Y,0,0,0,6209806.000
29-05-2020 12:30,WRmjgnKYAwPKWDb,11756.3,1147.07,4293.57,7137154.571
22-05-2020 18:15,VHMLBKoKgIrUVDU,107.5,10.3875,7358.62,7263719.625
23-05-2020 20:00,7JYdWkrLSPkdwr4,0,0,8450,7667220.000
15-06-2020 20:30,ZoEaEvLYb1n2sOq,0,0,6639,7329691.000
15-06-2020 01:00,YxYtjZvoooNbGkE,0,0,0,7406702.000
21-05-2020 10:00,pkci93gMrogZuBj,6029.43,589.514,1290.71,7211997.000
13-06-2020 01:00,wCURE6d3bPkepu2,0,0,0,6993908.000
14-06-2020 05:15,YxYtjZvoooNbGkE,0,0,0,7399439.000
11-06-2020 22:00,z9Y9gH1T5YWrNuG,0,0,5599,7211064.000
15-05-2020 11:30,WRmjgnKYAwPKWDb,8600.57,840.086,2217,7030890.000
01-06-2020 13:00,adLQvlD726eNBSB,6973.57,682.457,4496,6405200.000
07-06-2020 21:45,zBIq5rxdHJRwDNY,0,0,8183,6514911.000
31-05-2020 07:15,3PZuoBAID5Wc2HD,1388.25,135.275,103.875,7109591.875
03-06-2020 18:30,McdE0feGgRqW7Ca,90.2857,8.71429,8009.43,7308368.429
14-06-2020 16:15,zBIq5rxdHJRwDNY,4093,401.914,6999.29,6564821.286
14-06-2020 08:30,sjndEbLyjtCKgGv,4795.12,485.4,619.143,7236123.143
11-06-2020 01:45,ZoEaEvLYb1n2sOq,0,0,0,7296071.000
09-06-2020 10:30,ZnxXDlPa8U1GXgE,12563.6,1224.96,2331.88,6712029.875
18-05-2020 08:00,ih0vzX44oOqAx2f,1260.57,122.614,302.857,6205503.857
05-06-2020 16:15,zVJPv84UY57bAof,6764.25,662.55,7038.5,7278311.500
07-06-2020 02:30,zVJPv84UY57bAof,0,0,0,7285530.000
29-05-2020 14:45,uHbuxQJl8lW7ozc,9462.14,925.414,6727,7150359.000
27-05-2020 17:15,1IF53ai7Xc0U56Y,1858.86,181.943,6752.86,6281390.857
12-06-2020 22:30,adLQvlD726eNBSB,0,0,5988,6488722.000
17-05-2020 05:30,z9Y9gH1T5YWrNuG,0,0,0,7020740.000
25-05-2020 21:45,YxYtjZvoooNbGkE,0,0,8813,7261464.000
24-05-2020 11:00,sjndEbLyjtCKgGv,10428.1,1018.36,2543.86,7083992.857
07-06-2020 07:15,3PZuoBAID5Wc2HD,1883.88,184.662,136.875,7159118.875
05-06-2020 08:30,zVJPv84UY57bAof,7298.14,714.614,525.286,7271798.286
04-06-2020 05:30,rGa61gmuvPhdLxV,0,0,0,7257137.000
25-05-2020 01:30,1BY6WEcLGh8j5v7,0,0,0,6327940.000
08-06-2020 00:15,z9Y9gH1T5YWrNuG,0,0,0,7183631.000
02-06-2020 15:15,rGa61gmuvPhdLxV,5406.43,529.914,6366,7248335.000
16-05-2020 20:00,z9Y9gH1T5YWrNuG,0,0,6488,7020740.000
22-05-2020 07:15,uHbuxQJl8lW7ozc,3504.71,344.271,143.429,7088119.429
03-06-2020 15:15,rGa61gmuvPhdLxV,10615.6,1036.7,6650.14,7255980.143
08-06-2020 02:45,McdE0feGgRqW7Ca,0,0,0,7338202.000
14-06-2020 10:15,adLQvlD726eNBSB,7985.86,781.671,1940.29,6499436.286
22-05-2020 20:30,adLQvlD726eNBSB,0,0,7378,6328951.000
23-05-2020 12:30,zVJPv84UY57bAof,11811.7,1152.77,4662,7176956.000
02-06-2020 04:30,VHMLBKoKgIrUVDU,0,0,0,7340314.000
08-06-2020 14:30,ZnxXDlPa8U1GXgE,11455.8,1118.75,6492.12,6707755.125
17-06-2020 22:00,z9Y9gH1T5YWrNuG,0,0,5819,7251204.000
29-05-2020 06:15,pkci93gMrogZuBj,423.333,40.9833,2,7273260.000
30-05-2020 13:00,WRmjgnKYAwPKWDb,9166,896.586,3657.86,7144556.857
24-05-2020 19:45,rGa61gmuvPhdLxV,0,0,8002,7183295.000
05-06-2020 13:00,z9Y9gH1T5YWrNuG,7948.57,778.043,4148,7167410.000
05-06-2020 00:45,zVJPv84UY57bAof,0,0,0,7271273.000
14-06-2020 12:00,iCRJl6heRkivqQ3,7549.14,739.071,3436,7403291.000
09-06-2020 12:00,uHbuxQJl8lW7ozc,7373.75,721.837,4070.25,7229624.250
08-06-2020 03:15,adLQvlD726eNBSB,0,0,0,6453384.000
15-06-2020 23:00,z9Y9gH1T5YWrNuG,0,0,6716,7239184.000
02-06-2020 21:30,bvBOhCH3iADSZry,0,0,6842,6445487.000
22-05-2020 18:30,VHMLBKoKgIrUVDU,0,0,7360,7263721.000
17-05-2020 14:15,WRmjgnKYAwPKWDb,6641.57,649.643,5904.57,7047334.571
31-05-2020 21:30,uHbuxQJl8lW7ozc,0,0,6081,7165353.000
30-05-2020 18:15,rGa61gmuvPhdLxV,283.125,27.3625,7359.88,7230433.875
17-05-2020 02:00,wCURE6d3bPkepu2,0,0,0,6795470.000
17-05-2020 01:30,z9Y9gH1T5YWrNuG,0,0,0,7020740.000
27-05-2020 15:00,wCURE6d3bPkepu2,4203.75,412.788,5570.75,6878055.750
08-06-2020 17:00,uHbuxQJl8lW7ozc,3227.57,316.586,8192.14,7225341.143
07-06-2020 09:30,rGa61gmuvPhdLxV,6678.29,654.086,1158.29,7280659.286
16-05-2020 16:00,VHMLBKoKgIrUVDU,3429.5,337.15,6329,7218995.000
09-06-2020 00:00,YxYtjZvoooNbGkE,0,0,0,7365310.000
08-06-2020 06:45,zBIq5rxdHJRwDNY,1097,106.625,46.375,6514957.375
30-05-2020 19:15,pkci93gMrogZuBj,0,0,7341,7288876.000
06-06-2020 22:00,z9Y9gH1T5YWrNuG,0,0,0,7177289.000
02-06-2020 14:30,uHbuxQJl8lW7ozc,10000.5,976.513,5865.62,7176807.625
16-05-2020 12:45,1BY6WEcLGh8j5v7,11209,1095.29,3711.86,6269024.857
04-06-2020 03:15,1IF53ai7Xc0U56Y,0,0,0,6332659.000
30-05-2020 15:45,z9Y9gH1T5YWrNuG,7590.71,743.157,6291.43,7126746.429
05-06-2020 12:30,VHMLBKoKgIrUVDU,3737.14,367.3,3887.14,7367708.143
11-06-2020 13:15,7JYdWkrLSPkdwr4,7251.38,710.062,3194.12,7804285.125
14-06-2020 07:45,1BY6WEcLGh8j5v7,4105.43,403.114,280.714,6463943.714
22-05-2020 21:15,ZnxXDlPa8U1GXgE,0,0,7275,6579139.000
16-06-2020 12:45,McdE0feGgRqW7Ca,7353.43,719.343,3857.43,7400087.429
03-06-2020 10:15,ZoEaEvLYb1n2sOq,5994.62,587.4,1522.62,7237249.625
04-06-2020 20:45,iCRJl6heRkivqQ3,0,0,0,7334000.000
09-06-2020 15:15,ZnxXDlPa8U1GXgE,8334.25,815.6,6777.12,6716475.125
06-06-2020 05:15,z9Y9gH1T5YWrNuG,0,0,0,7171001.000
24-05-2020 02:15,ih0vzX44oOqAx2f,0,0,0,6248938.000
12-06-2020 05:15,ZnxXDlPa8U1GXgE,0,0,0,6729902.000
06-06-2020 12:15,McdE0feGgRqW7Ca,9348.43,913.043,3715.57,7328396.571
22-05-2020 14:45,wCURE6d3bPkepu2,10758,1051.44,6062.14,6838117.143
07-06-2020 16:30,3PZuoBAID5Wc2HD,3209.25,314.837,7813.25,7166795.250
02-06-2020 18:00,rGa61gmuvPhdLxV,365.429,35.3429,7346.86,7249315.857
30-05-2020 15:45,bvBOhCH3iADSZry,6826.25,668.612,5901.25,6426924.250
22-05-2020 11:00,uHbuxQJl8lW7ozc,8452.57,826.2,2260.14,7090236.143
07-06-2020 13:15,1BY6WEcLGh8j5v7,0,0,3634,6422116.000
08-06-2020 18:45,uHbuxQJl8lW7ozc,0,0,8405,7225554.000
01-06-2020 05:30,rGa61gmuvPhdLxV,0,0,0,7236332.000
31-05-2020 07:45,wCURE6d3bPkepu2,2331.29,228.586,194.857,6903352.857
08-06-2020 20:15,McdE0feGgRqW7Ca,0,0,8580,7346782.000
16-06-2020 09:30,7JYdWkrLSPkdwr4,7643.43,748.257,1201.43,7836000.429
14-06-2020 00:00,VHMLBKoKgIrUVDU,0,0,1081.5,7429566.000
25-05-2020 22:00,pkci93gMrogZuBj,0,0,8812,7250519.000
25-05-2020 13:45,rGa61gmuvPhdLxV,11780.6,1149.64,6264.12,7189559.125
21-05-2020 14:00,bvBOhCH3iADSZry,8111.71,793.671,5467.86,6360505.857
16-05-2020 18:15,WRmjgnKYAwPKWDb,119.375,11.525,6614.25,7041429.250
27-05-2020 13:15,sjndEbLyjtCKgGv,5104.71,500.443,4687,7110576.000
24-05-2020 06:15,ZoEaEvLYb1n2sOq,385,37.2,6.875,7162190.875
14-06-2020 04:00,McdE0feGgRqW7Ca,0,0,0,7381923.000
04-06-2020 15:30,ih0vzX44oOqAx2f,8489.62,830.638,6763.25,6335773.250
16-05-2020 13:30,sjndEbLyjtCKgGv,8671.29,848.3,4464.86,7027646.857
15-05-2020 06:15,rGa61gmuvPhdLxV,315.429,30.4714,3,7111496.000
17-05-2020 01:45,3PZuoBAID5Wc2HD,0,0,0,7000689.000
19-05-2020 15:00,rGa61gmuvPhdLxV,7616.71,745.643,5703.14,7142605.143
26-05-2020 08:30,3PZuoBAID5Wc2HD,7143.5,699.538,759.5,7071395.500
25-05-2020 15:30,ih0vzX44oOqAx2f,8092.57,792.029,7309.14,6263803.143
24-05-2020 05:30,McdE0feGgRqW7Ca,0,0,0,7224636.000
30-05-2020 11:45,adLQvlD726eNBSB,9280.14,907.329,2392.57,6389744.571
03-06-2020 05:00,sjndEbLyjtCKgGv,0,0,0,7155447.000
16-06-2020 21:45,wCURE6d3bPkepu2,0,0,6274,7022718.000
08-06-2020 04:15,VHMLBKoKgIrUVDU,0,0,0,7386208.000
08-06-2020 16:15,7JYdWkrLSPkdwr4,3680.38,360.988,7743.75,7786253.750
14-06-2020 01:00,sjndEbLyjtCKgGv,0,0,0,7235504.000
18-05-2020 23:30,uHbuxQJl8lW7ozc,0,0,5408,7064201.000
31-05-2020 00:15,wCURE6d3bPkepu2,0,0,0,6903158.000
28-05-2020 10:45,sjndEbLyjtCKgGv,8971.25,876.837,2687.25,7115252.250
02-06-2020 05:00,zBIq5rxdHJRwDNY,0,0,0,6469033.000
22-05-2020 16:45,zBIq5rxdHJRwDNY,1948.29,190.986,7073.43,6395672.429
04-06-2020 07:15,wCURE6d3bPkepu2,2393.57,234.771,128.714,6930904.714
07-06-2020 15:00,YxYtjZvoooNbGkE,8083.75,789.688,6719.62,7355531.625
29-05-2020 20:45,zBIq5rxdHJRwDNY,0,0,0,6449905.000
30-05-2020 11:45,YxYtjZvoooNbGkE,8580.88,839.288,2288.62,7294791.625
07-06-2020 09:45,uHbuxQJl8lW7ozc,6147.86,602.357,1312.71,7210167.714
11-06-2020 22:45,WRmjgnKYAwPKWDb,0,0,5619,7232986.000
25-05-2020 15:00,YxYtjZvoooNbGkE,10230.1,1000.16,7599.14,7260250.143
09-06-2020 23:00,sjndEbLyjtCKgGv,0,0,8170,7209095.000
08-06-2020 00:45,3PZuoBAID5Wc2HD,0,0,0,7167224.000
19-05-2020 15:15,1IF53ai7Xc0U56Y,5900.25,578.237,5976.38,6215782.375
20-05-2020 21:00,YxYtjZvoooNbGkE,0,0,8818,7221294.000
26-05-2020 20:45,zBIq5rxdHJRwDNY,0,0,0,6427702.000
14-06-2020 22:30,z9Y9gH1T5YWrNuG,0,0,7238,7232468.000
16-06-2020 13:00,zVJPv84UY57bAof,5017.29,492.1,3920.71,7355020.714
10-06-2020 20:30,YxYtjZvoooNbGkE,0,0,6419,7379687.000
23-05-2020 08:15,adLQvlD726eNBSB,7061.12,691.35,498.75,6329449.750
16-05-2020 23:30,WRmjgnKYAwPKWDb,0,0,6615,7041430.000
26-05-2020 06:00,z9Y9gH1T5YWrNuG,138.375,13.3375,1.25,7089441.250
09-06-2020 05:00,pkci93gMrogZuBj,0,0,0,7354476.000
22-05-2020 20:45,rGa61gmuvPhdLxV,0,0,0,7167141.000
06-06-2020 23:15,zBIq5rxdHJRwDNY,0,0,0,6506728.000
04-06-2020 02:45,uHbuxQJl8lW7ozc,0,0,0,7186255.000
04-06-2020 11:15,ZoEaEvLYb1n2sOq,10568.4,1031.86,2784.75,7246285.750
15-05-2020 18:00,sjndEbLyjtCKgGv,291.286,28.1429,6345.14,7023177.143
28-05-2020 00:30,wCURE6d3bPkepu2,0,0,0,6879195.000
14-06-2020 10:45,pkci93gMrogZuBj,10801.9,1055.47,2292.43,7391453.429
03-06-2020 18:15,ZnxXDlPa8U1GXgE,373.143,36.0571,7909.43,6670877.429
25-05-2020 04:45,zVJPv84UY57bAof,0,0,0,7188796.000
03-06-2020 05:15,1BY6WEcLGh8j5v7,0,0,0,6390468.000
16-06-2020 06:15,uHbuxQJl8lW7ozc,173.125,16.725,1.125,7274744.125
23-05-2020 13:00,iCRJl6heRkivqQ3,10631.1,1038.49,5193.29,7239786.286
07-06-2020 07:00,1IF53ai7Xc0U56Y,1830.29,179.4,92,6355191.000
01-06-2020 20:30,z9Y9gH1T5YWrNuG,0,0,5931,7139828.000
01-06-2020 03:45,McdE0feGgRqW7Ca,0,0,0,7286760.000
15-05-2020 08:15,pkci93gMrogZuBj,5152.57,505.257,374.429,7169476.429
07-06-2020 19:15,iCRJl6heRkivqQ3,0,0,8277,7356511.000
16-06-2020 17:00,wCURE6d3bPkepu2,1930.14,189.171,6118.29,7022562.286
15-05-2020 06:45,iCRJl6heRkivqQ3,1271.43,123.829,36.4286,7178028.429
07-06-2020 20:30,ZnxXDlPa8U1GXgE,0,0,8209,6701263.000
04-06-2020 03:15,adLQvlD726eNBSB,0,0,0,6422267.000
15-06-2020 11:00,1IF53ai7Xc0U56Y,12094.5,1180.26,3056.12,6417424.125
12-06-2020 08:45,rGa61gmuvPhdLxV,4172.12,409.762,372,7316804.000
12-06-2020 08:45,McdE0feGgRqW7Ca,4133.57,406,377.571,7367750.571
17-06-2020 08:15,wCURE6d3bPkepu2,3823,375.663,383.5,7023101.500
16-06-2020 23:00,1BY6WEcLGh8j5v7,0,0,5848,6479798.000
13-06-2020 13:15,YxYtjZvoooNbGkE,8487.62,830,5428.12,7396487.125
12-06-2020 16:15,WRmjgnKYAwPKWDb,2714,266.2,5423.29,7238409.286
06-06-2020 18:00,pkci93gMrogZuBj,139,13.45,6431,7337918.000
10-06-2020 15:00,z9Y9gH1T5YWrNuG,2076.88,203.4,5501.88,7204554.875
16-05-2020 18:45,YxYtjZvoooNbGkE,0,0,6475,7192732.000
28-05-2020 15:45,pkci93gMrogZuBj,6207.29,607.986,7582.43,7272567.429
06-06-2020 03:15,uHbuxQJl8lW7ozc,0,0,0,7202373.000
18-05-2020 22:45,WRmjgnKYAwPKWDb,0,0,5348,7054452.000
15-06-2020 18:15,iCRJl6heRkivqQ3,231.875,22.3875,6774.5,7413998.500
10-06-2020 05:45,wCURE6d3bPkepu2,0,0,0,6975980.000
13-06-2020 01:30,McdE0feGgRqW7Ca,0,0,0,7373328.000
11-06-2020 20:00,zBIq5rxdHJRwDNY,0,0,5647,6543550.000
17-06-2020 01:15,wCURE6d3bPkepu2,0,0,0,7022718.000
13-06-2020 14:15,sjndEbLyjtCKgGv,11739.7,1145.8,6411.71,7233512.714
28-05-2020 15:45,wCURE6d3bPkepu2,7095.5,694.775,7833.5,6887028.500
15-06-2020 07:45,7JYdWkrLSPkdwr4,3649.75,358.375,264.375,7828422.375
15-06-2020 00:30,sjndEbLyjtCKgGv,0,0,0,7242811.000
08-06-2020 17:30,sjndEbLyjtCKgGv,2037,199.6,8277.86,7200831.857
03-06-2020 04:45,z9Y9gH1T5YWrNuG,0,0,0,7147274.000
04-06-2020 01:00,zVJPv84UY57bAof,0,0,0,7263053.000
26-05-2020 00:15,WRmjgnKYAwPKWDb,0,0,0,7109996.000
15-06-2020 16:00,VHMLBKoKgIrUVDU,1790.71,175.257,6331.71,7443386.714
27-05-2020 09:00,7JYdWkrLSPkdwr4,7706.29,754.343,1017.14,7692929.143
12-06-2020 07:15,McdE0feGgRqW7Ca,1107.43,107.643,66.4286,7367439.429
15-05-2020 11:30,ih0vzX44oOqAx2f,5802.14,568.571,2316.86,6187503.800
06-06-2020 16:15,3PZuoBAID5Wc2HD,1513,147.8,6349.43,7158835.429
13-06-2020 11:30,z9Y9gH1T5YWrNuG,13033.5,1270.79,3437.5,7220304.500
24-05-2020 13:45,uHbuxQJl8lW7ozc,11723.1,1143.34,5688.14,7109434.143
01-06-2020 20:00,McdE0feGgRqW7Ca,0,0,5992,7292752.000
02-06-2020 18:00,3PZuoBAID5Wc2HD,303.75,29.35,7343.5,7128612.500
27-05-2020 02:30,adLQvlD726eNBSB,0,0,0,6363516.000
29-05-2020 14:45,1IF53ai7Xc0U56Y,8923.88,873,6708,6296666.000
23-05-2020 11:15,bvBOhCH3iADSZry,11383.2,1111.25,2788.38,6371696.375
29-05-2020 15:30,ZoEaEvLYb1n2sOq,7195.25,704.538,7081,7208619.000
09-06-2020 07:15,bvBOhCH3iADSZry,2507.86,245.929,146.286,6486132.286
02-06-2020 01:15,z9Y9gH1T5YWrNuG,0,0,0,7139828.000
01-06-2020 07:45,zBIq5rxdHJRwDNY,4877.88,478.312,351,6463590.000
05-06-2020 20:15,zBIq5rxdHJRwDNY,0,0,7723,6500302.000
18-05-2020 02:00,7JYdWkrLSPkdwr4,0,0,0,7623063.000
12-06-2020 23:00,iCRJl6heRkivqQ3,0,0,5888,7391359.000
11-06-2020 14:00,1BY6WEcLGh8j5v7,6583.43,644.814,3420.71,6448401.714
16-06-2020 08:00,WRmjgnKYAwPKWDb,5016.71,492.029,359.571,7261674.571
15-06-2020 02:30,sjndEbLyjtCKgGv,0,0,0,7242811.000
16-05-2020 08:45,wCURE6d3bPkepu2,6435.14,630.414,719,6789646.000
16-05-2020 21:15,rGa61gmuvPhdLxV,0,0,6233,7124099.000
28-05-2020 10:15,WRmjgnKYAwPKWDb,10088.1,985.212,2312.88,7126850.875
09-06-2020 12:15,z9Y9gH1T5YWrNuG,9249.43,903.457,3826.71,7195250.714
16-06-2020 20:45,pkci93gMrogZuBj,0,0,6261,7409478.000
23-05-2020 17:30,z9Y9gH1T5YWrNuG,2060.71,202.029,8432.57,7072651.571
06-06-2020 20:30,rGa61gmuvPhdLxV,0,0,0,7279501.000
22-05-2020 21:45,zVJPv84UY57bAof,0,0,0,7172294.000
17-05-2020 13:00,3PZuoBAID5Wc2HD,6893.25,674.812,5055.12,7005744.125
15-06-2020 02:00,bvBOhCH3iADSZry,0,0,0,6521600.000
04-06-2020 21:30,1IF53ai7Xc0U56Y,0,0,8196,6340855.000
14-06-2020 13:30,VHMLBKoKgIrUVDU,9958.14,973.686,4779.14,7434345.143
13-06-2020 02:15,bvBOhCH3iADSZry,0,0,0,6509779.000
22-05-2020 21:00,WRmjgnKYAwPKWDb,0,0,7237,7084595.000
31-05-2020 11:45,uHbuxQJl8lW7ozc,8176,799.229,3243.14,7162515.143
25-05-2020 15:15,z9Y9gH1T5YWrNuG,8336.62,815.712,7820.25,7088458.250
18-05-2020 00:30,VHMLBKoKgIrUVDU,0,0,0,7227097.000
16-06-2020 15:15,bvBOhCH3iADSZry,4187.57,411.186,4978.86,6532770.857
25-05-2020 12:30,McdE0feGgRqW7Ca,12962.1,1263.81,4929.75,7237620.750
28-05-2020 03:45,adLQvlD726eNBSB,0,0,0,6370373.000
09-06-2020 09:45,z9Y9gH1T5YWrNuG,9343,913.288,1513.62,7192937.625
05-06-2020 22:30,YxYtjZvoooNbGkE,0,0,7603,7342489.000
17-05-2020 16:30,WRmjgnKYAwPKWDb,4414.43,433.043,7372.43,7048802.429
29-05-2020 15:45,zBIq5rxdHJRwDNY,7483.71,732.729,7082,6449076.000
22-05-2020 09:15,VHMLBKoKgIrUVDU,5779.25,566.337,1044,7257405.000
06-06-2020 22:30,bvBOhCH3iADSZry,0,0,5873,6473124.000
07-06-2020 11:30,McdE0feGgRqW7Ca,11833.8,1155.01,3145,7334305.000
11-06-2020 00:15,adLQvlD726eNBSB,0,0,0,6476944.000
14-06-2020 04:15,7JYdWkrLSPkdwr4,0,0,0,7820852.000
01-06-2020 00:00,ZoEaEvLYb1n2sOq,0,0,0,7222644.000
31-05-2020 05:00,1IF53ai7Xc0U56Y,0,0,0,6305543.000
31-05-2020 11:15,7JYdWkrLSPkdwr4,8385.75,819.938,2460.5,7724438.500
07-06-2020 03:00,pkci93gMrogZuBj,0,0,0,7337918.000
13-06-2020 18:30,wCURE6d3bPkepu2,67.7143,6.51429,8460.71,7002368.714
16-06-2020 20:15,adLQvlD726eNBSB,0,0,6396,6518398.000
15-05-2020 20:45,zBIq5rxdHJRwDNY,0,0,6396,6345776.000
21-05-2020 22:45,1IF53ai7Xc0U56Y,0,0,0,6233247.000
14-06-2020 18:45,1IF53ai7Xc0U56Y,0,0,7487,6414368.000
18-05-2020 09:15,VHMLBKoKgIrUVDU,1771,173.614,523.143,7227620.143
07-06-2020 03:15,ZnxXDlPa8U1GXgE,0,0,0,6693054.000
17-05-2020 19:45,YxYtjZvoooNbGkE,0,0,7497,7200229.000
17-05-2020 04:30,zBIq5rxdHJRwDNY,0,0,0,6352150.000
23-05-2020 04:45,ZoEaEvLYb1n2sOq,0,0,0,7153713.000
20-05-2020 06:15,ih0vzX44oOqAx2f,432.5,41.8375,6.375,6217283.375
13-06-2020 11:00,ZoEaEvLYb1n2sOq,10471.1,1022.21,2867.86,7310252.857
03-06-2020 11:15,wCURE6d3bPkepu2,9308.43,910.471,2465.57,6925334.571
23-05-2020 21:00,7JYdWkrLSPkdwr4,0,0,8450,7667220.000
01-06-2020 06:15,z9Y9gH1T5YWrNuG,446.625,43.2,6.25,7133903.250
23-05-2020 15:15,ih0vzX44oOqAx2f,7952.57,778.371,7070.71,6247613.714
14-06-2020 03:00,YxYtjZvoooNbGkE,0,0,0,7399439.000
14-06-2020 01:15,uHbuxQJl8lW7ozc,0,0,0,7260531.000
06-06-2020 08:15,1IF53ai7Xc0U56Y,5409.14,530.271,661,6349218.000
27-05-2020 11:45,rGa61gmuvPhdLxV,9830,959.886,3233.71,7203102.714
17-06-2020 09:15,WRmjgnKYAwPKWDb,5583.88,547.25,834.625,7268413.625
15-05-2020 15:00,wCURE6d3bPkepu2,7779,761.388,5191.88,6787789.875
15-05-2020 04:45,YxYtjZvoooNbGkE,0,0,0,7179966.000
20-05-2020 02:30,zBIq5rxdHJRwDNY,0,0,0,6371971.000
23-05-2020 14:45,z9Y9gH1T5YWrNuG,7321.86,716.914,6857.43,7071076.429
21-05-2020 08:15,3PZuoBAID5Wc2HD,6079.75,595.712,536.125,7030030.125
07-06-2020 21:45,ZnxXDlPa8U1GXgE,0,0,8209,6701263.000
10-06-2020 22:30,iCRJl6heRkivqQ3,0,0,6559,7379779.000
18-05-2020 00:45,ih0vzX44oOqAx2f,0,0,0,6205201.000
04-06-2020 01:30,WRmjgnKYAwPKWDb,0,0,0,7174627.000
03-06-2020 06:15,McdE0feGgRqW7Ca,350.143,33.8571,4.57143,7300363.571
17-05-2020 20:30,zBIq5rxdHJRwDNY,0,0,7507,6359657.000
13-06-2020 02:30,YxYtjZvoooNbGkE,0,0,0,7391059.000
04-06-2020 09:30,iCRJl6heRkivqQ3,6845.88,670.325,1229.25,7326925.250
01-06-2020 14:45,ih0vzX44oOqAx2f,2882,282.95,5243.75,6313475.750
06-06-2020 08:30,pkci93gMrogZuBj,6703.29,656.514,732.857,7332219.857
15-06-2020 17:15,bvBOhCH3iADSZry,2082.75,204.188,6088.38,6527688.375
23-05-2020 21:30,1IF53ai7Xc0U56Y,0,0,8673,6249207.000
05-06-2020 11:00,ZoEaEvLYb1n2sOq,9124.88,891.525,2491.88,7254031.875
03-06-2020 21:15,bvBOhCH3iADSZry,0,0,7237,6452724.000
27-05-2020 06:15,zBIq5rxdHJRwDNY,348.571,33.6571,5.71429,6427707.714
07-06-2020 22:15,ZnxXDlPa8U1GXgE,0,0,8209,6701263.000
18-05-2020 19:00,adLQvlD726eNBSB,0,0,5506,6297816.000
26-05-2020 02:45,sjndEbLyjtCKgGv,0,0,0,7098111.000
19-05-2020 23:00,ZoEaEvLYb1n2sOq,0,0,6805,7130332.000
31-05-2020 05:00,ZnxXDlPa8U1GXgE,0,0,0,6643383.000
17-06-2020 02:45,YxYtjZvoooNbGkE,0,0,0,7419556.000
19-05-2020 19:00,ZnxXDlPa8U1GXgE,0,0,6974,6555136.000
26-05-2020 18:30,ZoEaEvLYb1n2sOq,0,0,0,7186690.000
17-05-2020 02:00,WRmjgnKYAwPKWDb,0,0,0,7041430.000
16-05-2020 14:30,zVJPv84UY57bAof,7516.86,735.914,5186.29,7127302.286
15-05-2020 18:45,3PZuoBAID5Wc2HD,0,0,6274,6994033.000
02-06-2020 01:45,bvBOhCH3iADSZry,0,0,0,6438645.000
24-05-2020 23:00,ZnxXDlPa8U1GXgE,0,0,8028,6595756.000
09-06-2020 03:30,WRmjgnKYAwPKWDb,0,0,0,7213001.000
14-06-2020 22:15,z9Y9gH1T5YWrNuG,0,0,7238,7232468.000
22-05-2020 14:00,YxYtjZvoooNbGkE,10120.5,987.3,5285.38,7234319.375
23-05-2020 07:30,VHMLBKoKgIrUVDU,3261.62,320.575,149.125,7263870.125
15-06-2020 20:00,pkci93gMrogZuBj,0,0,6795,7403217.000
16-06-2020 22:00,zBIq5rxdHJRwDNY,0,0,5719,6577552.000
24-05-2020 18:45,ZnxXDlPa8U1GXgE,0,0,8028,6595756.000
02-06-2020 12:30,ZnxXDlPa8U1GXgE,9591.25,937.312,3918.5,6659361.500
21-05-2020 13:15,ZoEaEvLYb1n2sOq,13170.6,1284.1,5000.86,7144068.857
28-05-2020 03:00,zVJPv84UY57bAof,0,0,0,7212082.000
14-06-2020 08:30,ZoEaEvLYb1n2sOq,4894.29,480.014,597.857,7316360.857
06-06-2020 15:30,1BY6WEcLGh8j5v7,3932,386.343,5609.29,6418151.286
28-05-2020 09:00,1IF53ai7Xc0U56Y,8653.86,846.8,1165.57,6282627.571
15-06-2020 23:00,3PZuoBAID5Wc2HD,0,0,6819,7225042.000
28-05-2020 04:45,z9Y9gH1T5YWrNuG,0,0,0,7103885.000
15-06-2020 23:15,rGa61gmuvPhdLxV,0,0,6732,7344704.000
18-05-2020 18:30,wCURE6d3bPkepu2,0,0,5393,6808393.000
30-05-2020 10:30,7JYdWkrLSPkdwr4,5209.38,510.688,1385.5,7716220.500
07-06-2020 17:15,z9Y9gH1T5YWrNuG,3420.12,336.038,6193.12,7183482.125
18-05-2020 02:15,7JYdWkrLSPkdwr4,0,0,0,7623063.000
19-05-2020 14:15,uHbuxQJl8lW7ozc,9194.88,899.237,5107.75,7069308.750
17-05-2020 16:15,YxYtjZvoooNbGkE,4707.86,461.657,7094.14,7199826.143
28-05-2020 06:15,iCRJl6heRkivqQ3,414.429,40.0857,6.57143,7274698.571
20-05-2020 04:00,bvBOhCH3iADSZry,0,0,0,6346907.000
13-06-2020 21:30,rGa61gmuvPhdLxV,0,0,8389,7330670.000
21-05-2020 14:45,ih0vzX44oOqAx2f,8151.86,797.629,6409.29,6232350.286
10-06-2020 04:00,z9Y9gH1T5YWrNuG,0,0,0,7199053.000
06-06-2020 09:15,ih0vzX44oOqAx2f,5341.14,523.786,1140.71,6345616.714
13-06-2020 19:00,ih0vzX44oOqAx2f,0,0,8255,6400518.000
19-05-2020 05:15,uHbuxQJl8lW7ozc,0,0,0,7064201.000
05-06-2020 14:45,ZoEaEvLYb1n2sOq,10859.1,1061.03,5698.5,7257238.500
16-06-2020 21:15,bvBOhCH3iADSZry,0,0,5757,6533549.000
15-05-2020 16:15,McdE0feGgRqW7Ca,4760.71,467.071,6037.14,7165001.143
01-06-2020 09:45,rGa61gmuvPhdLxV,7626.71,746.043,1547.43,7237879.429
29-05-2020 23:15,sjndEbLyjtCKgGv,0,0,0,7129029.000
20-05-2020 10:15,3PZuoBAID5Wc2HD,11336.5,1106.96,2285.25,7022797.250
15-06-2020 12:15,YxYtjZvoooNbGkE,6191.88,606.675,3953.88,7410655.875
06-06-2020 04:00,adLQvlD726eNBSB,0,0,0,6438428.000
23-05-2020 08:30,iCRJl6heRkivqQ3,7868.25,770.212,642.75,7235235.750
28-05-2020 07:00,sjndEbLyjtCKgGv,1870.12,183.325,82.625,7112647.625
15-06-2020 23:45,uHbuxQJl8lW7ozc,0,0,6906,7274743.000
21-05-2020 17:30,7JYdWkrLSPkdwr4,585.5,56.6625,7630.62,7651610.625
16-06-2020 11:15,bvBOhCH3iADSZry,8073,790.163,2633.5,6530425.500
04-06-2020 01:45,iCRJl6heRkivqQ3,0,0,0,7325696.000
12-06-2020 04:00,sjndEbLyjtCKgGv,0,0,0,7221254.000
17-05-2020 17:30,sjndEbLyjtCKgGv,1373.88,133.7,7392.25,7037005.250
03-06-2020 00:15,VHMLBKoKgIrUVDU,0,0,0,7347744.000
16-05-2020 13:30,zBIq5rxdHJRwDNY,7938.29,776.843,4409.86,6350185.857
17-05-2020 01:45,wCURE6d3bPkepu2,0,0,0,6795470.000
17-06-2020 02:00,WRmjgnKYAwPKWDb,0,0,0,7267579.000
06-06-2020 00:30,uHbuxQJl8lW7ozc,0,0,0,7202373.000
18-05-2020 01:15,wCURE6d3bPkepu2,0,0,0,6803000.000
28-05-2020 05:00,3PZuoBAID5Wc2HD,0,0,0,7085451.000
05-06-2020 09:15,1BY6WEcLGh8j5v7,9033.71,883.686,1003.86,6406383.857
08-06-2020 11:00,pkci93gMrogZuBj,11869.6,1157.67,2958.75,7349090.750
27-05-2020 23:15,wCURE6d3bPkepu2,0,0,0,6879195.000
29-05-2020 14:15,sjndEbLyjtCKgGv,10061.6,983.4,6132.75,7127035.750
15-06-2020 01:15,ZnxXDlPa8U1GXgE,0,0,0,6751747.000
18-05-2020 00:00,adLQvlD726eNBSB,0,0,0,6292310.000
18-05-2020 11:15,iCRJl6heRkivqQ3,7221.14,707.071,1163.71,7199530.714
22-05-2020 02:30,VHMLBKoKgIrUVDU,0,0,0,7256361.000
23-05-2020 14:45,ZnxXDlPa8U1GXgE,7337.43,718.471,6890.14,6586029.143
17-05-2020 13:15,1IF53ai7Xc0U56Y,6339.86,620.286,5155.57,6201749.571
08-06-2020 16:15,z9Y9gH1T5YWrNuG,2424.88,237.875,7305.75,7190936.750
04-06-2020 07:00,YxYtjZvoooNbGkE,1810.75,177.375,77.5,7326833.500
10-06-2020 00:15,z9Y9gH1T5YWrNuG,0,0,0,7199053.000
26-05-2020 21:45,3PZuoBAID5Wc2HD,0,0,0,7078711.000
28-05-2020 09:45,iCRJl6heRkivqQ3,9479.62,926.987,1721.75,7276413.750
24-05-2020 04:30,3PZuoBAID5Wc2HD,0,0,0,7053268.000
29-05-2020 18:15,sjndEbLyjtCKgGv,93,9,8125.5,7129028.500
28-05-2020 03:30,rGa61gmuvPhdLxV,0,0,0,7206549.000
15-05-2020 01:00,bvBOhCH3iADSZry,0,0,0,6316803.000
12-06-2020 14:15,zBIq5rxdHJRwDNY,7391.75,723.75,4435.25,6547985.250
17-05-2020 20:15,WRmjgnKYAwPKWDb,0,0,7674,7049104.000
17-05-2020 21:45,z9Y9gH1T5YWrNuG,0,0,7486,7028226.000
17-05-2020 13:00,sjndEbLyjtCKgGv,4975.71,488.129,4768.43,7034381.429
22-05-2020 02:45,sjndEbLyjtCKgGv,0,0,0,7065886.000
27-05-2020 16:45,3PZuoBAID5Wc2HD,3052.5,299.45,6548.12,7085259.125
26-05-2020 16:00,zVJPv84UY57bAof,4830.71,473.529,7095.14,7204704.143
18-05-2020 15:00,1BY6WEcLGh8j5v7,7249.75,709.9,3875.25,6282525.250
28-05-2020 12:00,ih0vzX44oOqAx2f,10971.1,1070.53,4148.86,6283002.833
22-05-2020 06:15,adLQvlD726eNBSB,604,58.4571,12,6321585.000
06-06-2020 19:45,rGa61gmuvPhdLxV,0,0,0,7279501.000
28-05-2020 11:30,3PZuoBAID5Wc2HD,13294.1,1296.17,3746.14,7089197.143
06-06-2020 03:45,uHbuxQJl8lW7ozc,0,0,0,7202373.000
03-06-2020 17:00,iCRJl6heRkivqQ3,5521.12,541.2,7634.75,7325447.750
06-06-2020 01:15,WRmjgnKYAwPKWDb,0,0,0,7190270.000
15-06-2020 22:00,wCURE6d3bPkepu2,0,0,6746,7016444.000
14-06-2020 06:30,ih0vzX44oOqAx2f,642.625,62.25,15.25,6400533.250
11-06-2020 23:15,WRmjgnKYAwPKWDb,0,0,5619,7232986.000
01-06-2020 20:45,rGa61gmuvPhdLxV,0,0,5637,7241969.000
13-06-2020 17:30,ZnxXDlPa8U1GXgE,1250.71,121.957,8497.29,6744282.286
27-05-2020 05:45,uHbuxQJl8lW7ozc,0,0,0,7128538.000
12-06-2020 18:30,1IF53ai7Xc0U56Y,78.8571,7.61429,5902.29,6398226.286
28-05-2020 22:15,ih0vzX44oOqAx2f,0,0,8315,6287170.000
13-06-2020 00:30,zBIq5rxdHJRwDNY,0,0,0,6549387.000
06-06-2020 20:45,McdE0feGgRqW7Ca,0,0,0,7331160.000
14-06-2020 06:30,wCURE6d3bPkepu2,662.875,64.175,16.125,7002385.125
15-06-2020 23:15,1BY6WEcLGh8j5v7,0,0,6275,6473950.000
16-05-2020 11:45,sjndEbLyjtCKgGv,8922,872.812,2817,7025999.000
16-06-2020 17:30,wCURE6d3bPkepu2,1457,142.114,6204.86,7022648.857
04-06-2020 16:45,wCURE6d3bPkepu2,3766.57,369.943,7848.43,6938624.429
05-06-2020 18:30,ih0vzX44oOqAx2f,108.5,10.45,7456.5,6344475.500
07-06-2020 12:30,YxYtjZvoooNbGkE,13120.8,1279.26,4246,7353058.000
27-05-2020 22:45,iCRJl6heRkivqQ3,0,0,0,7274692.000
27-05-2020 06:15,iCRJl6heRkivqQ3,366.429,35.4,6,7268002.000
15-06-2020 11:45,rGa61gmuvPhdLxV,9095,888.871,3543.57,7341515.571
16-06-2020 23:45,wCURE6d3bPkepu2,0,0,6274,7022718.000
11-06-2020 16:15,uHbuxQJl8lW7ozc,4463.38,438.05,5290.12,7245798.125
03-06-2020 16:45,ZoEaEvLYb1n2sOq,4751.14,465.686,7400.14,7243127.143
01-06-2020 07:30,wCURE6d3bPkepu2,4031.29,396.071,242,6909647.000
11-06-2020 13:45,3PZuoBAID5Wc2HD,6376.12,624.65,3566,7194035.000
15-06-2020 21:45,ih0vzX44oOqAx2f,0,0,6564,6414247.000
13-06-2020 03:45,7JYdWkrLSPkdwr4,0,0,0,7812417.000
13-06-2020 21:45,ih0vzX44oOqAx2f,0,0,8255,6400518.000
18-05-2020 00:00,WRmjgnKYAwPKWDb,0,0,0,7049104.000
30-05-2020 21:30,1IF53ai7Xc0U56Y,0,0,7332,6305543.000
16-06-2020 06:15,pkci93gMrogZuBj,173.5,16.75,1.125,7403218.125
18-05-2020 23:30,WRmjgnKYAwPKWDb,0,0,5348,7054452.000
15-06-2020 14:30,ih0vzX44oOqAx2f,9630.43,941,5200.29,6412883.286
09-06-2020 17:00,uHbuxQJl8lW7ozc,3310.71,325.457,8076.14,7233630.143
20-05-2020 19:00,7JYdWkrLSPkdwr4,0,0,8772,7643980.000
10-06-2020 04:15,zVJPv84UY57bAof,0,0,0,7310456.000
09-06-2020 08:15,z9Y9gH1T5YWrNuG,5421.5,531.4,452.875,7191876.875
25-05-2020 17:00,1IF53ai7Xc0U56Y,1163.71,113.157,8961.57,6266441.571
12-06-2020 17:30,sjndEbLyjtCKgGv,2179.12,213.65,5746.25,7227000.250
27-05-2020 16:45,rGa61gmuvPhdLxV,3432.12,336.575,6486.88,7206355.875
12-06-2020 03:15,1BY6WEcLGh8j5v7,0,0,0,6450238.000
19-05-2020 09:15,uHbuxQJl8lW7ozc,5845.62,572.8,831.875,7065032.875
18-05-2020 14:45,ZnxXDlPa8U1GXgE,6377.14,624.686,4017.71,6546755.714
30-05-2020 00:15,VHMLBKoKgIrUVDU,0,0,0,7321059.000
31-05-2020 19:15,iCRJl6heRkivqQ3,0,0,5969,7304567.000
22-05-2020 04:45,McdE0feGgRqW7Ca,0,0,0,7209055.000
15-06-2020 16:30,z9Y9gH1T5YWrNuG,3486.57,342.757,6365.29,7238833.286
04-06-2020 22:15,VHMLBKoKgIrUVDU,0,0,8160,7363821.000
18-05-2020 16:30,z9Y9gH1T5YWrNuG,3616.25,355.462,5072.25,7033298.250
20-05-2020 06:00,adLQvlD726eNBSB,128.25,12.375,0.25,6304513.250
09-06-2020 23:30,ZoEaEvLYb1n2sOq,0,0,7955,7289679.000
17-06-2020 06:45,1BY6WEcLGh8j5v7,355.5,34.45,0,6479798.000
30-05-2020 14:15,ZoEaEvLYb1n2sOq,11402.2,1113.09,5014.5,7214614.500
27-05-2020 17:30,uHbuxQJl8lW7ozc,955.857,92.8286,6689.86,7135227.857
13-06-2020 09:45,3PZuoBAID5Wc2HD,11053,1079.01,1847.14,7203933.143
23-05-2020 19:45,ih0vzX44oOqAx2f,0,0,8395,6248938.000
16-06-2020 14:00,1IF53ai7Xc0U56Y,6387.14,625.7,4706.71,6425920.714
24-05-2020 00:15,pkci93gMrogZuBj,0,0,0,7233675.000
12-06-2020 20:30,pkci93gMrogZuBj,0,0,5851,7380807.000
24-05-2020 17:30,uHbuxQJl8lW7ozc,1830,179.229,8029,7111775.000
12-06-2020 07:15,ZoEaEvLYb1n2sOq,1036.25,100.7,63.25,7301695.250
17-05-2020 10:00,bvBOhCH3iADSZry,9087.62,888.938,1652.75,6330300.750
15-05-2020 01:45,z9Y9gH1T5YWrNuG,0,0,0,7007866.000
24-05-2020 00:00,McdE0feGgRqW7Ca,0,0,0,7224636.000
07-06-2020 07:15,7JYdWkrLSPkdwr4,1846.5,181,132.625,7770589.625
14-06-2020 18:15,bvBOhCH3iADSZry,226.143,21.8429,3955.14,6521597.143
26-05-2020 22:00,McdE0feGgRqW7Ca,0,0,0,7249560.000
10-06-2020 12:00,pkci93gMrogZuBj,12897.4,1258.21,3038.71,7365754.714
31-05-2020 08:45,uHbuxQJl8lW7ozc,6531.86,639.729,557.571,7159829.571
22-05-2020 02:45,7JYdWkrLSPkdwr4,0,0,0,7651635.000
04-06-2020 21:45,1IF53ai7Xc0U56Y,0,0,8196,6340855.000
26-05-2020 10:45,ZoEaEvLYb1n2sOq,11786.1,1149.96,2746.57,7181660.571
04-06-2020 03:15,sjndEbLyjtCKgGv,0,0,0,7163293.000
10-06-2020 04:30,ZoEaEvLYb1n2sOq,0,0,0,7289679.000
31-05-2020 01:45,rGa61gmuvPhdLxV,0,0,0,7230438.000
11-06-2020 10:45,WRmjgnKYAwPKWDb,6004.14,588.329,1347.86,7228714.857
27-05-2020 14:15,pkci93gMrogZuBj,4088.71,401.614,5018.14,7263312.143
27-05-2020 07:15,VHMLBKoKgIrUVDU,2070.43,202.986,145.286,7297760.286
15-06-2020 09:30,YxYtjZvoooNbGkE,8965.43,876.829,1498.57,7408200.571
10-06-2020 04:15,ih0vzX44oOqAx2f,0,0,0,6374755.000
31-05-2020 13:45,3PZuoBAID5Wc2HD,5540.43,541.9,4424.14,7113912.143
11-06-2020 14:00,ZnxXDlPa8U1GXgE,6801.57,666.1,3700,6727910.000
21-05-2020 13:45,wCURE6d3bPkepu2,11084,1081.76,5698.88,6829942.875
24-05-2020 20:45,ih0vzX44oOqAx2f,0,0,7556,6256494.000
06-06-2020 19:30,McdE0feGgRqW7Ca,0,0,0,7331160.000
12-06-2020 18:45,pkci93gMrogZuBj,0,0,5851,7380807.000
23-05-2020 01:00,uHbuxQJl8lW7ozc,0,0,0,7095253.000
10-06-2020 21:30,rGa61gmuvPhdLxV,0,0,6565,7310769.000
23-05-2020 10:00,McdE0feGgRqW7Ca,9268.5,906.562,1933.75,7217885.750
30-05-2020 04:00,zVJPv84UY57bAof,0,0,0,7228687.000
12-06-2020 19:15,WRmjgnKYAwPKWDb,0,0,5794,7238780.000
10-06-2020 13:00,wCURE6d3bPkepu2,10212.3,997.314,4084,6980064.000
01-06-2020 18:15,wCURE6d3bPkepu2,268,25.8857,5936,6915341.000
12-06-2020 03:45,VHMLBKoKgIrUVDU,0,0,0,7415011.000
21-05-2020 16:15,adLQvlD726eNBSB,3410.29,335.143,7664.14,6321279.143
24-05-2020 16:45,zVJPv84UY57bAof,4087,400.975,7636.25,7188474.250
16-06-2020 10:30,bvBOhCH3iADSZry,7981,781.171,1969.29,6529761.286
17-05-2020 01:45,McdE0feGgRqW7Ca,0,0,0,7172021.000
25-05-2020 15:45,1BY6WEcLGh8j5v7,7651.5,749.075,7739.12,6335679.125
27-05-2020 02:30,ZoEaEvLYb1n2sOq,0,0,0,7186690.000
10-06-2020 08:45,1BY6WEcLGh8j5v7,5896.14,577.857,650.714,6439720.714
02-06-2020 04:15,pkci93gMrogZuBj,0,0,0,7300300.000
28-05-2020 06:15,WRmjgnKYAwPKWDb,460.429,44.5429,9,7124547.000
09-06-2020 07:15,z9Y9gH1T5YWrNuG,2322.71,227.743,138.143,7191562.143
10-06-2020 08:45,VHMLBKoKgIrUVDU,6796.14,665.657,734.143,7403550.143
15-06-2020 10:00,1IF53ai7Xc0U56Y,9302.29,909.457,2027.43,6416395.429
03-06-2020 09:15,ih0vzX44oOqAx2f,6228.29,610.186,941.286,6322252.286
13-06-2020 10:45,zVJPv84UY57bAof,11171.4,1089.92,2562,7331112.000
22-05-2020 23:15,pkci93gMrogZuBj,0,0,0,7225200.000
30-05-2020 21:30,McdE0feGgRqW7Ca,0,0,7352,7280565.000
17-06-2020 01:45,VHMLBKoKgIrUVDU,0,0,0,7450201.000
20-05-2020 11:00,YxYtjZvoooNbGkE,11477.4,1120.24,2968.75,7215444.750
08-06-2020 17:15,ih0vzX44oOqAx2f,2499.43,245.1,8075,6366767.000
01-06-2020 20:45,3PZuoBAID5Wc2HD,0,0,5965,7121269.000
19-05-2020 20:30,1BY6WEcLGh8j5v7,0,0,6449,6290097.000
16-05-2020 10:30,adLQvlD726eNBSB,9907,968.629,2016.86,6279754.857
07-06-2020 21:30,pkci93gMrogZuBj,0,0,8214,7346132.000
26-05-2020 08:30,7JYdWkrLSPkdwr4,6808,666.814,716.714,7684736.714
03-06-2020 15:00,7JYdWkrLSPkdwr4,11444.6,1117.06,6364.14,7747237.143
26-05-2020 20:45,rGa61gmuvPhdLxV,0,0,0,7199869.000
31-05-2020 21:30,iCRJl6heRkivqQ3,0,0,5969,7304567.000
14-06-2020 14:00,ih0vzX44oOqAx2f,14126.4,1377.31,5091.29,6405609.286
05-06-2020 22:00,YxYtjZvoooNbGkE,0,0,7603,7342489.000
15-05-2020 05:15,1BY6WEcLGh8j5v7,0,0,0,6259559.000
10-06-2020 13:15,bvBOhCH3iADSZry,6828,668.525,3911,6497258.000
12-06-2020 15:30,ih0vzX44oOqAx2f,5707.57,559.357,5050.71,6391603.714
28-05-2020 19:00,uHbuxQJl8lW7ozc,0,0,8374,7143632.000
24-05-2020 19:30,1BY6WEcLGh8j5v7,0,0,7537,6327940.000
16-05-2020 19:45,VHMLBKoKgIrUVDU,0,0,6714,7219380.000
15-06-2020 05:15,rGa61gmuvPhdLxV,0,0,0,7337972.000
28-05-2020 03:15,ih0vzX44oOqAx2f,0,0,0,6278855.000
25-05-2020 16:45,WRmjgnKYAwPKWDb,1330.38,129.438,8765.5,7109882.500
16-05-2020 20:30,McdE0feGgRqW7Ca,0,0,6586,7172021.000
24-05-2020 04:00,7JYdWkrLSPkdwr4,0,0,0,7667220.000
30-05-2020 06:45,WRmjgnKYAwPKWDb,1217.62,118.412,40.25,7140939.250
01-06-2020 08:15,ih0vzX44oOqAx2f,5762.57,564.786,629.571,6308861.571
16-06-2020 06:30,wCURE6d3bPkepu2,697.5,67.6,12.625,7016456.625
16-06-2020 09:00,sjndEbLyjtCKgGv,5835.43,571.829,876.571,7250415.571
24-05-2020 14:45,zBIq5rxdHJRwDNY,9210,900.914,6163.29,6410644.286
24-05-2020 18:00,McdE0feGgRqW7Ca,637.143,61.7429,8035,7232671.000
09-06-2020 10:45,zVJPv84UY57bAof,12466.4,1216.15,2722.75,7304889.750
02-06-2020 07:00,VHMLBKoKgIrUVDU,1724,168.729,61,7340375.000
28-05-2020 21:00,zBIq5rxdHJRwDNY,0,0,7911,6441994.000
25-05-2020 23:45,wCURE6d3bPkepu2,0,0,4429.5,6864650.000
15-05-2020 13:45,YxYtjZvoooNbGkE,7773.88,761.025,4126,7184092.000
08-06-2020 14:15,ih0vzX44oOqAx2f,10461.6,1020.86,6065.57,6364757.571
29-05-2020 21:15,adLQvlD726eNBSB,0,0,8343,6387352.000
12-06-2020 18:00,ZoEaEvLYb1n2sOq,823.714,79.9143,5733.43,7307365.429
17-05-2020 02:00,ZnxXDlPa8U1GXgE,0,0,0,6535152.000
02-06-2020 06:45,zBIq5rxdHJRwDNY,803.625,77.9625,30.625,6469063.625
26-05-2020 13:30,rGa61gmuvPhdLxV,8270.62,808.175,5460.38,7197562.375
31-05-2020 15:00,sjndEbLyjtCKgGv,2067.14,202.671,5364.71,7141619.714
18-05-2020 03:30,YxYtjZvoooNbGkE,0,0,0,7200229.000
09-06-2020 09:00,iCRJl6heRkivqQ3,8606.29,842.143,1057.43,7366012.429
02-06-2020 03:15,adLQvlD726eNBSB,0,0,0,6406831.000
27-05-2020 14:45,McdE0feGgRqW7Ca,4642.5,455.6,5560.38,7255120.375
19-05-2020 23:45,ZnxXDlPa8U1GXgE,0,0,6974,6555136.000
13-06-2020 15:45,wCURE6d3bPkepu2,5165.38,506.562,7835.62,7001743.625
28-05-2020 07:30,1IF53ai7Xc0U56Y,3752.57,368.786,241.571,6281703.571
21-05-2020 19:45,zVJPv84UY57bAof,0,0,7944,7165123.000
18-05-2020 08:30,zVJPv84UY57bAof,1839.86,180.371,378.571,7136393.571
17-06-2020 15:30,uHbuxQJl8lW7ozc,850.75,82.5625,5528.5,7286563.500
24-05-2020 17:30,3PZuoBAID5Wc2HD,1607.62,157.213,8230.5,7061498.500
24-05-2020 04:30,YxYtjZvoooNbGkE,0,0,0,7244680.000
19-05-2020 04:45,sjndEbLyjtCKgGv,0,0,0,7042405.000
02-06-2020 23:45,VHMLBKoKgIrUVDU,0,0,0,7347744.000
13-06-2020 19:15,rGa61gmuvPhdLxV,0,0,8389,7330670.000
02-06-2020 02:45,1IF53ai7Xc0U56Y,0,0,0,6317444.000
06-06-2020 00:30,rGa61gmuvPhdLxV,0,0,0,7273090.000
24-05-2020 07:00,sjndEbLyjtCKgGv,1729.5,169.363,77.625,7081526.625
28-05-2020 14:00,iCRJl6heRkivqQ3,9490.62,927.138,6305.5,7280997.500
21-05-2020 10:00,bvBOhCH3iADSZry,6167.43,603.243,1236.71,6356761.286
30-05-2020 16:15,3PZuoBAID5Wc2HD,5450.5,534.25,6813.12,7109002.125
04-06-2020 18:30,McdE0feGgRqW7Ca,48.2857,4.65714,8391.71,7316760.714
09-06-2020 15:45,z9Y9gH1T5YWrNuG,7610,745.057,6747.29,7198171.286
08-06-2020 21:15,YxYtjZvoooNbGkE,0,0,8343,7365310.000
14-06-2020 14:15,VHMLBKoKgIrUVDU,12494.7,1219.01,5686.14,7435252.143
08-06-2020 07:15,1IF53ai7Xc0U56Y,2046.62,200.613,127.625,6363465.625
15-06-2020 00:15,3PZuoBAID5Wc2HD,0,0,0,7218223.000
26-05-2020 15:15,McdE0feGgRqW7Ca,5137.25,503.462,6751.75,7248400.750
17-05-2020 18:45,7JYdWkrLSPkdwr4,0,0,7526,7623063.000
24-05-2020 19:30,VHMLBKoKgIrUVDU,0,0,8180,7280512.000
02-06-2020 04:30,McdE0feGgRqW7Ca,0,0,0,7292752.000
15-06-2020 22:15,7JYdWkrLSPkdwr4,0,0,6641,7834799.000
17-06-2020 16:00,zBIq5rxdHJRwDNY,3226.88,317.05,5467.62,6583019.625
30-05-2020 22:30,uHbuxQJl8lW7ozc,0,0,7340,7159272.000
27-05-2020 02:45,wCURE6d3bPkepu2,0,0,0,6872485.000
07-06-2020 01:00,iCRJl6heRkivqQ3,0,0,0,7348234.000
01-06-2020 16:30,sjndEbLyjtCKgGv,1735,170.043,5596.14,7147838.143
03-06-2020 12:15,pkci93gMrogZuBj,10122.6,989.388,3493.5,7311143.500
07-06-2020 17:30,z9Y9gH1T5YWrNuG,2170.86,212.8,6265.43,7183554.429
10-06-2020 17:30,adLQvlD726eNBSB,1549.6,151.28,6598.8,6476875.800
23-05-2020 18:45,wCURE6d3bPkepu2,0,0,8605,6847830.000
07-06-2020 04:00,1BY6WEcLGh8j5v7,0,0,0,6418482.000
05-06-2020 20:30,zBIq5rxdHJRwDNY,0,0,7723,6500302.000
13-06-2020 22:15,zBIq5rxdHJRwDNY,0,0,8435,6557822.000
05-06-2020 08:45,wCURE6d3bPkepu2,7632,747.157,672.857,6939693.857
05-06-2020 10:00,ZnxXDlPa8U1GXgE,10445.3,1020.31,1644.29,6680706.286
06-06-2020 13:15,1IF53ai7Xc0U56Y,4407.5,431.4,4733.12,6353290.125
25-05-2020 22:15,1IF53ai7Xc0U56Y,0,0,9048,6266528.000
12-06-2020 23:45,YxYtjZvoooNbGkE,0,0,5780,7391059.000
07-06-2020 15:30,iCRJl6heRkivqQ3,7866,769.771,7144.71,7355378.714
29-05-2020 11:45,ih0vzX44oOqAx2f,12661,1235.16,3398.43,6290568.429
17-05-2020 06:30,ZnxXDlPa8U1GXgE,451.875,43.7125,8,6535160.000
16-06-2020 01:00,ZoEaEvLYb1n2sOq,0,0,0,7329691.000
16-06-2020 20:15,wCURE6d3bPkepu2,0,0,6274,7022718.000
28-05-2020 01:45,zBIq5rxdHJRwDNY,0,0,0,6434083.000
15-05-2020 15:45,WRmjgnKYAwPKWDb,5468.43,536.014,5511.14,7034184.143
06-06-2020 22:00,ih0vzX44oOqAx2f,0,0,6197,6350673.000
31-05-2020 17:15,ZoEaEvLYb1n2sOq,1778.57,174.343,5690.86,7222538.857
02-06-2020 15:30,bvBOhCH3iADSZry,5543.43,543.286,6030.43,6444675.429
24-05-2020 16:30,uHbuxQJl8lW7ozc,3372.57,330.614,7697.71,7111443.714
31-05-2020 14:00,z9Y9gH1T5YWrNuG,10396.1,1014.91,5258.57,7132855.571
17-06-2020 01:45,3PZuoBAID5Wc2HD,0,0,0,7231373.000
12-06-2020 02:30,3PZuoBAID5Wc2HD,0,0,0,7196186.000
23-05-2020 20:30,1BY6WEcLGh8j5v7,0,0,7966,6320403.000
16-06-2020 17:45,bvBOhCH3iADSZry,949.857,92.2571,5722.14,6533514.143
12-06-2020 17:15,WRmjgnKYAwPKWDb,1778.5,174.325,5653.25,7238639.250
27-05-2020 01:00,z9Y9gH1T5YWrNuG,0,0,0,7097183.000
05-06-2020 10:15,zBIq5rxdHJRwDNY,6450.75,631.888,1885.88,6494464.875
21-05-2020 08:30,iCRJl6heRkivqQ3,6320.43,619.186,623,7220228.000
10-06-2020 09:00,YxYtjZvoooNbGkE,6823.14,668.229,866.143,7374134.143
25-05-2020 17:15,YxYtjZvoooNbGkE,980.375,95.2375,8755.88,7261406.875
16-06-2020 23:30,uHbuxQJl8lW7ozc,0,0,6292,7281035.000
28-05-2020 13:45,ih0vzX44oOqAx2f,9644.43,941.629,6042.14,6284897.143
09-06-2020 02:00,7JYdWkrLSPkdwr4,0,0,0,7786793.000
18-05-2020 01:45,iCRJl6heRkivqQ3,0,0,0,7198367.000
04-06-2020 01:15,ZnxXDlPa8U1GXgE,0,0,0,6670884.000
14-06-2020 18:45,uHbuxQJl8lW7ozc,0,0,7306,7267837.000
30-05-2020 22:45,McdE0feGgRqW7Ca,0,0,7352,7280565.000
27-05-2020 22:45,WRmjgnKYAwPKWDb,0,0,6658,7124538.000
10-06-2020 18:45,uHbuxQJl8lW7ozc,0,0,6645,7240508.000
16-06-2020 12:00,ZoEaEvLYb1n2sOq,3356.25,329.7,3312.25,7333003.250
24-05-2020 13:15,1BY6WEcLGh8j5v7,11276.5,1101.85,5051.12,6325454.125
15-05-2020 17:00,pkci93gMrogZuBj,2315.43,227.029,6240.29,7175342.286
05-06-2020 05:30,rGa61gmuvPhdLxV,0,0,0,7265349.000
17-06-2020 01:00,zBIq5rxdHJRwDNY,0,0,0,6577552.000
05-06-2020 23:45,YxYtjZvoooNbGkE,0,0,7603,7342489.000
31-05-2020 06:00,z9Y9gH1T5YWrNuG,101.375,9.775,0.75,7127597.750
16-06-2020 17:15,3PZuoBAID5Wc2HD,1746.88,171.225,6220.62,7231262.625
13-06-2020 22:15,1IF53ai7Xc0U56Y,0,0,8654,6406881.000
05-06-2020 09:15,ZnxXDlPa8U1GXgE,7904.75,773.362,1041.5,6680103.500
11-06-2020 23:30,ZnxXDlPa8U1GXgE,0,0,5692,6729902.000
31-05-2020 03:15,McdE0feGgRqW7Ca,0,0,0,7280565.000
17-05-2020 01:45,bvBOhCH3iADSZry,0,0,0,6328648.000
14-06-2020 21:45,3PZuoBAID5Wc2HD,0,0,7504,7218223.000
07-06-2020 21:30,ZnxXDlPa8U1GXgE,0,0,8209,6701263.000
26-05-2020 21:45,iCRJl6heRkivqQ3,0,0,0,7267996.000
10-06-2020 18:45,adLQvlD726eNBSB,0,0,6667,6476944.000
14-06-2020 06:45,1IF53ai7Xc0U56Y,1122.62,109.138,39.5,6406920.500
12-06-2020 02:45,1IF53ai7Xc0U56Y,0,0,0,6392324.000
11-06-2020 17:30,adLQvlD726eNBSB,1468,143.275,5721.62,6482665.625
08-06-2020 10:30,McdE0feGgRqW7Ca,11222.2,1095.26,2514.88,7340716.875
24-05-2020 15:30,adLQvlD726eNBSB,4255.29,417.643,7585.43,6345319.429
29-05-2020 22:00,1IF53ai7Xc0U56Y,0,0,8253,6298211.000
04-06-2020 09:30,ZnxXDlPa8U1GXgE,6684.86,654.271,1269.43,6672153.429
07-06-2020 12:00,McdE0feGgRqW7Ca,13255.8,1292.44,3737.12,7334897.125
17-05-2020 20:15,ih0vzX44oOqAx2f,0,0,7391,6205201.000
25-05-2020 20:15,McdE0feGgRqW7Ca,0,0,8958,7241649.000
16-06-2020 06:30,rGa61gmuvPhdLxV,703.286,68.1429,11.4286,7344715.429
29-05-2020 22:00,7JYdWkrLSPkdwr4,0,0,8007,7714835.000
15-06-2020 08:00,1IF53ai7Xc0U56Y,6617.29,648.243,395.714,6414763.714
31-05-2020 03:45,ZnxXDlPa8U1GXgE,0,0,0,6643383.000
28-05-2020 16:30,1BY6WEcLGh8j5v7,3550.62,348.238,7659.75,6357492.750
12-06-2020 03:30,ih0vzX44oOqAx2f,0,0,0,6386553.000
08-06-2020 03:00,zVJPv84UY57bAof,0,0,0,7293790.000
31-05-2020 07:00,zBIq5rxdHJRwDNY,1220,118.657,73.1429,6457374.143
16-05-2020 02:45,3PZuoBAID5Wc2HD,0,0,0,6994033.000
20-05-2020 06:30,ZnxXDlPa8U1GXgE,714.429,69.2143,9.57143,6555145.571
16-05-2020 22:30,3PZuoBAID5Wc2HD,0,0,6656,7000689.000
29-05-2020 21:30,iCRJl6heRkivqQ3,0,0,0,7291253.000
17-06-2020 19:30,iCRJl6heRkivqQ3,0,0,5957,7426263.000
15-06-2020 20:30,wCURE6d3bPkepu2,0,0,6746,7016444.000
22-05-2020 15:15,rGa61gmuvPhdLxV,5471.71,536.343,6170.14,7166569.143
17-05-2020 21:30,VHMLBKoKgIrUVDU,0,0,7717,7227097.000
30-05-2020 00:15,sjndEbLyjtCKgGv,0,0,0,7129029.000
31-05-2020 21:15,YxYtjZvoooNbGkE,0,0,5970,7305739.000
17-05-2020 10:15,VHMLBKoKgIrUVDU,10075.7,985.114,2100.43,7221480.429
23-05-2020 03:00,ZoEaEvLYb1n2sOq,0,0,0,7153713.000
26-05-2020 12:00,wCURE6d3bPkepu2,9704.88,948.038,3994.88,6868644.875
18-05-2020 18:45,7JYdWkrLSPkdwr4,0,0,5309,7628372.000
04-06-2020 12:30,VHMLBKoKgIrUVDU,7708.5,754.075,4168.38,7359829.375
24-05-2020 22:15,McdE0feGgRqW7Ca,0,0,8055,7232691.000
25-05-2020 18:30,wCURE6d3bPkepu2,37.1429,3.58571,8859,6864650.000
03-06-2020 11:15,ZnxXDlPa8U1GXgE,9527.29,931.814,2471.71,6665439.714
24-05-2020 01:00,ZnxXDlPa8U1GXgE,0,0,0,6587728.000
12-06-2020 06:15,sjndEbLyjtCKgGv,167.375,16.15,0.875,7221254.875
07-06-2020 10:30,ih0vzX44oOqAx2f,9182.14,898.114,1853,6352526.000
15-06-2020 17:45,uHbuxQJl8lW7ozc,1261.14,122.857,6874,7274711.000
19-05-2020 22:30,uHbuxQJl8lW7ozc,0,0,6997,7071198.000
01-06-2020 13:15,McdE0feGgRqW7Ca,10404.7,1016.14,4615.57,7291375.571
01-06-2020 06:30,ZnxXDlPa8U1GXgE,977.286,94.9286,24.2857,6649549.286
19-05-2020 04:00,pkci93gMrogZuBj,0,0,0,7194411.000
15-06-2020 21:45,zBIq5rxdHJRwDNY,0,0,6696,6571833.000
06-06-2020 20:30,zVJPv84UY57bAof,0,0,0,7285530.000
02-06-2020 08:00,VHMLBKoKgIrUVDU,4001.86,392.971,283.571,7340597.571
11-06-2020 13:00,pkci93gMrogZuBj,7219.14,706.9,3039.29,7372333.286
10-06-2020 23:30,z9Y9gH1T5YWrNuG,0,0,6412,7205465.000
23-05-2020 14:45,zBIq5rxdHJRwDNY,7218.25,706.837,7002.25,6402809.250
18-05-2020 05:45,sjndEbLyjtCKgGv,0,0,0,7037054.000
23-05-2020 03:45,WRmjgnKYAwPKWDb,0,0,0,7084595.000
20-05-2020 09:30,bvBOhCH3iADSZry,8066.5,789.55,1354.12,6348261.125
18-05-2020 07:45,VHMLBKoKgIrUVDU,1813,177.543,276.857,7227373.857
29-05-2020 21:15,1IF53ai7Xc0U56Y,0,0,8253,6298211.000
19-05-2020 02:45,1IF53ai7Xc0U56Y,0,0,0,6209806.000
17-05-2020 06:30,VHMLBKoKgIrUVDU,448.625,43.3875,6.5,7219386.500
31-05-2020 05:15,rGa61gmuvPhdLxV,0,0,0,7230438.000
09-06-2020 17:30,YxYtjZvoooNbGkE,2110.38,206.887,7864.88,7373174.875
27-05-2020 07:45,rGa61gmuvPhdLxV,3920.86,385.229,283,7200152.000
04-06-2020 04:00,zBIq5rxdHJRwDNY,0,0,0,6484342.000
29-05-2020 21:00,YxYtjZvoooNbGkE,0,0,0,7292503.000
13-06-2020 20:15,wCURE6d3bPkepu2,0,0,8461,7002369.000
14-06-2020 03:45,7JYdWkrLSPkdwr4,0,0,0,7820852.000
11-06-2020 18:15,zBIq5rxdHJRwDNY,292.286,28.2429,5643.29,6543546.286
14-06-2020 20:30,3PZuoBAID5Wc2HD,0,0,7504,7218223.000
11-06-2020 23:00,adLQvlD726eNBSB,0,0,5790,6482734.000
18-05-2020 19:00,ZnxXDlPa8U1GXgE,0,0,5424,6548162.000
08-06-2020 16:00,1BY6WEcLGh8j5v7,4161.43,407.214,7255.71,6431005.714
16-06-2020 01:45,7JYdWkrLSPkdwr4,0,0,0,7834799.000
06-06-2020 22:45,McdE0feGgRqW7Ca,0,0,0,7331160.000
09-06-2020 11:30,3PZuoBAID5Wc2HD,8646.75,844.862,3543.12,7179276.125
08-06-2020 01:15,bvBOhCH3iADSZry,0,0,0,6478293.000
01-06-2020 18:45,ZnxXDlPa8U1GXgE,0,0,5918,6655443.000
26-05-2020 11:00,7JYdWkrLSPkdwr4,13241.4,1291.03,3102.14,7687122.143
12-06-2020 16:15,McdE0feGgRqW7Ca,2801,274.729,5564.71,7372937.714
06-06-2020 09:15,iCRJl6heRkivqQ3,5168.88,506.8,1149.12,7342952.125
16-06-2020 20:15,bvBOhCH3iADSZry,0,0,5757,6533549.000
22-05-2020 12:00,z9Y9gH1T5YWrNuG,13012.7,1268.73,3250.29,7060397.286
20-05-2020 11:45,pkci93gMrogZuBj,12143.9,1184.56,3849.86,7205198.857
22-05-2020 16:00,McdE0feGgRqW7Ca,3233.25,317.938,6570.25,7215625.250
16-05-2020 02:00,rGa61gmuvPhdLxV,0,0,0,7117866.000
06-06-2020 02:15,ZoEaEvLYb1n2sOq,0,0,0,7259075.000
05-06-2020 10:00,iCRJl6heRkivqQ3,11072.4,1081.2,1688.14,7335688.143
05-06-2020 05:30,ih0vzX44oOqAx2f,0,0,0,6337019.000
13-06-2020 15:15,bvBOhCH3iADSZry,9038,884.029,6927,6516706.000
16-06-2020 10:45,z9Y9gH1T5YWrNuG,9662.62,944.388,2337.25,7241521.250
29-05-2020 08:45,rGa61gmuvPhdLxV,5489.57,538.057,659,7215474.000
26-05-2020 02:30,ih0vzX44oOqAx2f,0,0,0,6264579.000
22-05-2020 23:30,zVJPv84UY57bAof,0,0,0,7172294.000
01-06-2020 01:30,1BY6WEcLGh8j5v7,0,0,0,6377931.000
15-06-2020 23:00,uHbuxQJl8lW7ozc,0,0,6906,7274743.000
28-05-2020 10:00,iCRJl6heRkivqQ3,9859.14,963.914,1962.14,7276654.143
05-06-2020 07:45,uHbuxQJl8lW7ozc,2245.88,220.213,212.25,7194747.250
03-06-2020 07:45,bvBOhCH3iADSZry,3052.5,299.812,224.875,6445711.875
27-05-2020 23:45,WRmjgnKYAwPKWDb,0,0,6658,7124538.000
17-05-2020 19:00,ZnxXDlPa8U1GXgE,0,0,7586,6542738.000
13-06-2020 16:45,adLQvlD726eNBSB,2104.14,206.171,8583.86,6497305.857
31-05-2020 10:45,rGa61gmuvPhdLxV,10712.5,1046.2,2149.62,7232587.625
13-06-2020 19:45,adLQvlD726eNBSB,0,0,8774,6497496.000
24-05-2020 00:15,adLQvlD726eNBSB,0,0,0,6337734.000
24-05-2020 21:15,McdE0feGgRqW7Ca,0,0,8055,7232691.000
22-05-2020 21:15,zBIq5rxdHJRwDNY,0,0,0,6395807.000
26-05-2020 19:45,1IF53ai7Xc0U56Y,0,0,0,6274638.000
11-06-2020 03:45,bvBOhCH3iADSZry,0,0,0,6499210.000
08-06-2020 08:30,zVJPv84UY57bAof,5475.86,536.843,530,7294320.000
11-06-2020 00:30,ZnxXDlPa8U1GXgE,0,0,0,6724210.000
02-06-2020 13:45,YxYtjZvoooNbGkE,12709,1239.51,5234.14,7316750.143
04-06-2020 19:00,ZnxXDlPa8U1GXgE,0,0,8178,6679062.000
17-06-2020 22:15,sjndEbLyjtCKgGv,0,0,5887,7261681.000
26-05-2020 16:30,1IF53ai7Xc0U56Y,5446,533.775,7733.25,6274261.250
22-05-2020 17:00,WRmjgnKYAwPKWDb,1613,158.014,7145.71,7084503.714
08-06-2020 05:45,1IF53ai7Xc0U56Y,0,0,0,6363338.000
26-05-2020 15:30,bvBOhCH3iADSZry,8494.29,831.186,6414,6398750.000
06-06-2020 22:45,zVJPv84UY57bAof,0,0,0,7285530.000
19-05-2020 13:45,YxYtjZvoooNbGkE,10106.8,988.188,4521.12,7210119.125
25-05-2020 19:15,sjndEbLyjtCKgGv,0,0,8760,7098111.000
15-06-2020 06:15,McdE0feGgRqW7Ca,463.75,44.85,7,7389365.000
23-05-2020 23:45,bvBOhCH3iADSZry,0,0,4493.71,6376772.000
01-06-2020 13:30,WRmjgnKYAwPKWDb,10759.4,1050.31,4714.86,7158580.857
01-06-2020 19:15,1IF53ai7Xc0U56Y,0,0,6012,6317444.000
18-05-2020 12:15,ih0vzX44oOqAx2f,8459.29,827.829,1810.29,6207011.286
11-06-2020 07:15,7JYdWkrLSPkdwr4,1195.86,116.286,57.5714,7801148.571
04-06-2020 02:30,VHMLBKoKgIrUVDU,0,0,0,7355661.000
22-05-2020 20:30,zVJPv84UY57bAof,0,0,0,7172294.000
07-06-2020 11:45,adLQvlD726eNBSB,11421,1115.36,3435.71,6448466.714
08-06-2020 07:00,bvBOhCH3iADSZry,1396.14,136.171,69.7143,6478362.714
30-05-2020 07:30,zBIq5rxdHJRwDNY,2031.75,199.188,175.5,6450080.500
20-05-2020 09:30,ZoEaEvLYb1n2sOq,8577.12,839.275,1415.5,7131747.500
24-05-2020 14:15,z9Y9gH1T5YWrNuG,11651.3,1137,6197.71,7078959.714
30-05-2020 11:30,ZnxXDlPa8U1GXgE,7755.14,759.171,2126.86,6638192.857
09-06-2020 23:45,WRmjgnKYAwPKWDb,0,0,7977,7220978.000
22-05-2020 12:45,1BY6WEcLGh8j5v7,9144.5,893.362,3821,6309410.000
22-05-2020 02:45,iCRJl6heRkivqQ3,0,0,0,7227442.000
20-05-2020 18:30,rGa61gmuvPhdLxV,52.75,5.1,8820.75,7152632.750
21-05-2020 17:30,1IF53ai7Xc0U56Y,607.125,58.75,7794,6233221.000
11-06-2020 12:00,zVJPv84UY57bAof,9306.14,910.243,2295.71,7319311.714
14-06-2020 13:30,WRmjgnKYAwPKWDb,10108.4,988.288,4740,7251919.000
19-05-2020 18:30,ZoEaEvLYb1n2sOq,0,0,6805,7130332.000
05-06-2020 09:15,1IF53ai7Xc0U56Y,8781.29,858.429,1129.43,6341984.429
06-06-2020 14:15,bvBOhCH3iADSZry,10003.6,976.725,5019.5,6472270.500
23-05-2020 16:00,WRmjgnKYAwPKWDb,6697.43,656.014,7735.57,7092330.571
10-06-2020 02:30,zVJPv84UY57bAof,0,0,0,7310456.000
12-06-2020 18:15,uHbuxQJl8lW7ozc,377.5,36.5,5882.5,7252088.500
29-05-2020 13:30,bvBOhCH3iADSZry,10453.9,1021.62,5027.38,6418612.375
16-06-2020 14:30,1BY6WEcLGh8j5v7,8899,869.812,4620.75,6478570.750
30-05-2020 21:45,VHMLBKoKgIrUVDU,0,0,7270,7328329.000
04-06-2020 21:15,3PZuoBAID5Wc2HD,0,0,8215,7144703.000
12-06-2020 20:30,VHMLBKoKgIrUVDU,0,0,5903,7420914.000
12-06-2020 00:00,adLQvlD726eNBSB,0,0,0,6482734.000
27-05-2020 12:15,zBIq5rxdHJRwDNY,7372.71,721.343,3676.86,6431378.857
30-05-2020 13:30,iCRJl6heRkivqQ3,11102.9,1084.07,4198.29,7295451.286
27-05-2020 06:45,rGa61gmuvPhdLxV,1457.29,142.114,46.2857,7199915.286
30-05-2020 18:00,7JYdWkrLSPkdwr4,641,62.0714,7128.43,7721963.429
04-06-2020 06:45,z9Y9gH1T5YWrNuG,1173.86,114.143,40.2857,7155153.286
14-06-2020 12:30,VHMLBKoKgIrUVDU,6989.14,684.471,3875.29,7433441.286
17-06-2020 03:30,uHbuxQJl8lW7ozc,0,0,0,7281035.000
15-05-2020 17:00,ZnxXDlPa8U1GXgE,2388.38,234.275,6171.75,6528343.750
01-06-2020 13:00,sjndEbLyjtCKgGv,7642.29,747.257,4223.71,7146465.714
20-05-2020 10:45,pkci93gMrogZuBj,11047.4,1079.57,2671.14,7204020.143
16-06-2020 09:15,McdE0feGgRqW7Ca,6644.25,650.8,1049.88,7397279.875
23-05-2020 08:00,ZnxXDlPa8U1GXgE,4406.5,432.575,318.5,6579457.500
17-06-2020 10:30,3PZuoBAID5Wc2HD,7344.14,719.071,1638.71,7233011.714
08-06-2020 08:00,iCRJl6heRkivqQ3,4001.57,393.071,346.286,7356857.286
13-06-2020 22:00,McdE0feGgRqW7Ca,0,0,8595,7381923.000
17-05-2020 18:15,ZoEaEvLYb1n2sOq,138.857,13.4,7462.86,7118206.857
12-06-2020 23:15,WRmjgnKYAwPKWDb,0,0,5794,7238780.000
05-06-2020 22:00,VHMLBKoKgIrUVDU,0,0,0,7371554.000
27-05-2020 14:15,3PZuoBAID5Wc2HD,4489.14,440.786,5016.71,7083727.714
07-06-2020 04:15,bvBOhCH3iADSZry,0,0,0,6473124.000
08-06-2020 10:45,ZnxXDlPa8U1GXgE,11371.6,1109.79,2755.62,6704018.625
05-06-2020 22:45,WRmjgnKYAwPKWDb,0,0,0,7190270.000
14-06-2020 08:30,7JYdWkrLSPkdwr4,4792.5,484.929,615.714,7821467.714
10-06-2020 03:15,adLQvlD726eNBSB,0,0,0,6470277.000
02-06-2020 12:45,WRmjgnKYAwPKWDb,11324.7,1105.67,3971.57,7163671.571
15-05-2020 16:00,pkci93gMrogZuBj,5073.25,497.65,5833,7174935.000
09-06-2020 22:15,1IF53ai7Xc0U56Y,0,0,8189,6380022.000
10-06-2020 04:45,3PZuoBAID5Wc2HD,0,0,0,7183919.000
06-06-2020 15:00,zVJPv84UY57bAof,4117.75,404.238,5838.12,7284928.125
11-06-2020 10:30,uHbuxQJl8lW7ozc,5814.88,569.837,1224.62,7241732.625
08-06-2020 23:30,zVJPv84UY57bAof,0,0,8377,7302167.000
16-06-2020 09:45,ih0vzX44oOqAx2f,8737.88,854.85,1375.25,6415622.250
15-06-2020 12:15,7JYdWkrLSPkdwr4,5716,560.2,3986,7832144.000
04-06-2020 10:30,7JYdWkrLSPkdwr4,9207.14,898.957,2036.14,7750658.143
21-05-2020 19:45,pkci93gMrogZuBj,0,0,7778,7217976.000
26-05-2020 03:15,ZoEaEvLYb1n2sOq,0,0,0,7178914.000
04-06-2020 14:15,ZoEaEvLYb1n2sOq,6783.25,663.925,5691.38,7249192.375
10-06-2020 23:30,3PZuoBAID5Wc2HD,0,0,6550,7190469.000
25-05-2020 13:15,1IF53ai7Xc0U56Y,12165,1186.12,5939.17,6263419.167
26-05-2020 23:15,z9Y9gH1T5YWrNuG,0,0,0,7097183.000
21-05-2020 12:00,rGa61gmuvPhdLxV,9364.71,915.129,3811.29,7156444.286
07-06-2020 08:00,adLQvlD726eNBSB,3524.71,346.486,321.857,6445352.857
15-05-2020 02:30,zBIq5rxdHJRwDNY,0,0,0,6339380.000
14-06-2020 04:45,bvBOhCH3iADSZry,0,0,0,6517642.000
15-06-2020 13:30,zVJPv84UY57bAof,3864.88,379.5,4903.25,7349183.250
17-05-2020 05:00,uHbuxQJl8lW7ozc,0,0,0,7051339.000
22-05-2020 07:30,3PZuoBAID5Wc2HD,4935,483.857,259.286,7037560.286
06-06-2020 15:00,rGa61gmuvPhdLxV,4186.12,410.95,5803.62,7278893.625
21-05-2020 21:15,1BY6WEcLGh8j5v7,0,0,7243,6305589.000
21-05-2020 23:30,1IF53ai7Xc0U56Y,0,0,0,6233247.000
09-06-2020 21:00,bvBOhCH3iADSZry,0,0,7361,6493347.000
10-06-2020 11:00,ih0vzX44oOqAx2f,4599.12,451.25,2124,6376879.000
22-05-2020 21:00,rGa61gmuvPhdLxV,0,0,0,7167141.000
16-06-2020 15:30,sjndEbLyjtCKgGv,6647,651.075,5534.75,7255073.750
08-06-2020 03:00,wCURE6d3bPkepu2,0,0,0,6959527.000
13-06-2020 20:15,zBIq5rxdHJRwDNY,0,0,8435,6557822.000
31-05-2020 00:00,ZoEaEvLYb1n2sOq,0,0,0,7216848.000
10-06-2020 01:45,3PZuoBAID5Wc2HD,0,0,0,7183919.000
15-06-2020 21:30,zVJPv84UY57bAof,0,0,6820,7351100.000
07-06-2020 22:15,z9Y9gH1T5YWrNuG,0,0,6342,7183631.000
22-05-2020 10:15,adLQvlD726eNBSB,10512.2,1026.4,1722.38,6323295.375
31-05-2020 12:15,7JYdWkrLSPkdwr4,8152.12,797.013,3310.12,7725288.125
13-06-2020 11:15,ih0vzX44oOqAx2f,12529.5,1221.61,3140.38,6395403.375
11-06-2020 08:15,ZoEaEvLYb1n2sOq,2849,279.557,253.143,7296324.143
17-05-2020 18:45,sjndEbLyjtCKgGv,0,0,7441,7037054.000
05-06-2020 04:00,sjndEbLyjtCKgGv,0,0,0,7171518.000
12-06-2020 15:00,zVJPv84UY57bAof,5941.14,582.143,4918.43,7327605.429
08-06-2020 08:15,uHbuxQJl8lW7ozc,3260.75,320.475,434.125,7217583.125
17-06-2020 17:45,McdE0feGgRqW7Ca,969.286,94.1857,5955.86,7408550.857
10-06-2020 08:15,zVJPv84UY57bAof,2915.88,286.35,491.875,7310947.875
07-06-2020 07:15,ZnxXDlPa8U1GXgE,1867.14,183.043,134,6693188.000
13-06-2020 20:00,uHbuxQJl8lW7ozc,0,0,8437,7260531.000
24-05-2020 18:00,1IF53ai7Xc0U56Y,613.143,59.3714,8253,6257460.000
16-05-2020 06:15,wCURE6d3bPkepu2,339.5,32.825,4.25,6788931.250
16-06-2020 22:00,ZnxXDlPa8U1GXgE,0,0,6304,6764808.000
16-05-2020 13:30,1IF53ai7Xc0U56Y,8074.75,790.163,4620.75,6194622.750
28-05-2020 01:15,zBIq5rxdHJRwDNY,0,0,0,6434083.000
03-06-2020 01:30,3PZuoBAID5Wc2HD,0,0,0,7128614.000
11-06-2020 16:15,ih0vzX44oOqAx2f,4399.14,431.829,5116.71,6386148.714
04-06-2020 19:15,ih0vzX44oOqAx2f,0,0,8009,6337019.000
19-05-2020 23:45,1BY6WEcLGh8j5v7,0,0,6449,6290097.000
22-05-2020 15:15,3PZuoBAID5Wc2HD,6707.88,656.875,6655.88,7043956.875
31-05-2020 14:30,adLQvlD726eNBSB,2170,212.75,5159.25,6399930.250
12-06-2020 04:00,1BY6WEcLGh8j5v7,0,0,0,6450238.000
16-05-2020 21:00,pkci93gMrogZuBj,0,0,6173,7181650.000
06-06-2020 06:30,rGa61gmuvPhdLxV,695.625,67.4125,20.125,7273110.125
23-05-2020 09:30,zBIq5rxdHJRwDNY,8485.38,830.3,1454.38,6397261.375
01-06-2020 01:15,wCURE6d3bPkepu2,0,0,0,6909405.000
13-06-2020 10:30,wCURE6d3bPkepu2,11705.5,1141.85,2311,6996219.000
23-05-2020 12:00,7JYdWkrLSPkdwr4,12653.3,1233.69,3979,7662749.000
07-06-2020 13:45,ZoEaEvLYb1n2sOq,6497.43,636,5649,7271017.000
28-05-2020 10:00,YxYtjZvoooNbGkE,10503.4,1026.66,1978.38,7278007.375
11-06-2020 22:15,uHbuxQJl8lW7ozc,0,0,5698,7246206.000
05-06-2020 04:15,McdE0feGgRqW7Ca,0,0,0,7316761.000
31-05-2020 04:15,zBIq5rxdHJRwDNY,0,0,0,6457301.000
10-06-2020 22:00,bvBOhCH3iADSZry,0,0,5863,6499210.000
19-05-2020 01:45,rGa61gmuvPhdLxV,0,0,0,7136902.000
28-05-2020 20:45,McdE0feGgRqW7Ca,0,0,8567,7264956.000
20-05-2020 21:00,ZoEaEvLYb1n2sOq,0,0,8736,7139068.000
07-06-2020 19:15,3PZuoBAID5Wc2HD,0,0,8242,7167224.000
15-05-2020 18:00,ZnxXDlPa8U1GXgE,309,29.8625,6297.88,6528469.875
03-06-2020 13:30,1BY6WEcLGh8j5v7,9493.5,928.125,4588,6395056.000
23-05-2020 09:30,ih0vzX44oOqAx2f,7675.25,751.288,1446.62,6241989.625
13-06-2020 03:45,YxYtjZvoooNbGkE,0,0,0,7391059.000
17-06-2020 08:45,sjndEbLyjtCKgGv,3928.75,386.038,578.125,7256372.125
26-05-2020 06:45,rGa61gmuvPhdLxV,1134.25,110.275,42.5,7192144.500
27-05-2020 10:30,iCRJl6heRkivqQ3,8262.38,808.462,2146.25,7270142.250
07-06-2020 17:45,7JYdWkrLSPkdwr4,1161.57,112.929,8014.43,7778471.429
17-05-2020 04:30,zVJPv84UY57bAof,0,0,0,7128535.000
03-06-2020 07:30,VHMLBKoKgIrUVDU,2859.43,280.514,173.429,7347917.429
08-06-2020 17:45,YxYtjZvoooNbGkE,1345.12,131.162,8293.12,7365260.125
24-05-2020 15:30,z9Y9gH1T5YWrNuG,3627.25,355.762,7179.38,7079941.375
02-06-2020 15:15,1BY6WEcLGh8j5v7,5121.75,502.1,6068.12,6389507.125
08-06-2020 20:45,iCRJl6heRkivqQ3,0,0,8444,7364955.000
16-05-2020 15:30,adLQvlD726eNBSB,5271,516.671,6110.86,6283848.857
30-05-2020 04:30,wCURE6d3bPkepu2,0,0,0,6895880.000
19-05-2020 22:15,ih0vzX44oOqAx2f,0,0,6790,6217277.000
03-06-2020 10:45,7JYdWkrLSPkdwr4,10927.6,1067.8,1963,7742836.000
30-05-2020 00:30,1BY6WEcLGh8j5v7,0,0,0,6365374.000
26-05-2020 13:30,zVJPv84UY57bAof,11262.6,1099.55,5466,7203075.000
24-05-2020 13:45,ZnxXDlPa8U1GXgE,11966.6,1166.75,5822.5,6593550.500
26-05-2020 07:30,VHMLBKoKgIrUVDU,3511.86,345.229,217,7289742.000
17-05-2020 03:15,z9Y9gH1T5YWrNuG,0,0,0,7020740.000
17-06-2020 04:30,ZnxXDlPa8U1GXgE,0,0,0,6764808.000
09-06-2020 02:45,7JYdWkrLSPkdwr4,0,0,0,7786793.000
31-05-2020 11:45,ZnxXDlPa8U1GXgE,9075.25,886.688,3217.62,6646600.625
02-06-2020 12:30,bvBOhCH3iADSZry,8255.71,807.429,3535.86,6442180.857
31-05-2020 17:30,7JYdWkrLSPkdwr4,1407,137.386,5777.86,7727755.857
14-06-2020 21:45,iCRJl6heRkivqQ3,0,0,7369,7407224.000
22-05-2020 01:15,1BY6WEcLGh8j5v7,0,0,0,6305589.000
14-06-2020 05:15,McdE0feGgRqW7Ca,0,0,0,7381923.000
30-05-2020 02:15,YxYtjZvoooNbGkE,0,0,0,7292503.000
21-05-2020 23:45,iCRJl6heRkivqQ3,0,0,7837,7227442.000
02-06-2020 05:30,adLQvlD726eNBSB,0,0,0,6406831.000
31-05-2020 09:00,ZoEaEvLYb1n2sOq,7005.88,686.038,727,7217575.000
17-06-2020 17:30,sjndEbLyjtCKgGv,1349.4,131.34,5817.2,7261611.200
20-05-2020 21:45,7JYdWkrLSPkdwr4,0,0,8772,7643980.000
13-06-2020 21:30,3PZuoBAID5Wc2HD,0,0,8633,7210719.000
01-06-2020 18:00,1BY6WEcLGh8j5v7,502.375,48.6125,5495.75,6383426.750
04-06-2020 23:15,1BY6WEcLGh8j5v7,0,0,7571,6405380.000
19-05-2020 10:30,z9Y9gH1T5YWrNuG,6218,609.138,1722.62,7035295.625
24-05-2020 17:15,WRmjgnKYAwPKWDb,2345.14,229.929,7974.57,7101000.571
17-06-2020 01:15,rGa61gmuvPhdLxV,0,0,0,7350947.000
22-05-2020 09:15,zBIq5rxdHJRwDNY,5569,545.829,997.286,6389596.286
04-06-2020 18:30,zVJPv84UY57bAof,44.625,4.3,8219.88,7271272.875
10-06-2020 05:15,pkci93gMrogZuBj,0,0,0,7362716.000
15-06-2020 11:45,YxYtjZvoooNbGkE,9556.88,933.975,3548.12,7410250.125
27-05-2020 08:30,1IF53ai7Xc0U56Y,5898.75,578.038,710,6275348.000
08-06-2020 08:30,1IF53ai7Xc0U56Y,5788,567.243,574.714,6363912.714
11-06-2020 04:30,wCURE6d3bPkepu2,0,0,0,6982403.000
31-05-2020 18:00,pkci93gMrogZuBj,660.143,63.9429,5900.86,7294776.857
09-06-2020 20:45,7JYdWkrLSPkdwr4,0,0,7936,7794729.000
02-06-2020 22:15,pkci93gMrogZuBj,0,0,7350,7307650.000
13-06-2020 11:15,adLQvlD726eNBSB,13344.8,1301.11,3461.75,6492183.750
05-06-2020 14:00,zVJPv84UY57bAof,10696.9,1044.7,5224,7276497.000
22-05-2020 11:30,1BY6WEcLGh8j5v7,13335.1,1300.17,2586,6308175.000
21-05-2020 08:00,sjndEbLyjtCKgGv,3865.8,379.08,295.6,7058423.800
23-05-2020 18:30,McdE0feGgRqW7Ca,34.4286,3.31429,8684,7224636.000
01-06-2020 09:00,adLQvlD726eNBSB,7610.75,745.038,1208.5,6401912.500
15-05-2020 03:00,iCRJl6heRkivqQ3,0,0,0,7177992.000
16-05-2020 15:30,pkci93gMrogZuBj,5084.14,498.414,5600.86,7181077.857
15-05-2020 07:30,YxYtjZvoooNbGkE,1970.29,193.129,175,7180141.000
29-05-2020 07:15,ih0vzX44oOqAx2f,1972,193.275,140.25,6287310.250
12-06-2020 15:45,VHMLBKoKgIrUVDU,4637.5,455.038,5364.75,7420375.750
28-05-2020 07:30,ih0vzX44oOqAx2f,3356,329.943,211,6279066.000
12-06-2020 20:45,YxYtjZvoooNbGkE,0,0,5780,7391059.000
02-06-2020 03:15,McdE0feGgRqW7Ca,0,0,0,7292752.000
16-06-2020 20:15,rGa61gmuvPhdLxV,0,0,6243,7350947.000
14-06-2020 07:15,pkci93gMrogZuBj,3192.75,313.675,138.125,7389299.125
15-06-2020 07:45,ZoEaEvLYb1n2sOq,3665,359.929,262.143,7323314.143
17-06-2020 17:15,adLQvlD726eNBSB,1613.12,158.037,6005,6524403.000
28-05-2020 10:45,ih0vzX44oOqAx2f,8894.38,868.625,2726,6281581.000
03-06-2020 13:15,7JYdWkrLSPkdwr4,9461.62,925.225,4567.88,7745440.875
18-05-2020 06:00,zVJPv84UY57bAof,63.4286,6.11429,0,7136015.000
15-06-2020 14:00,1IF53ai7Xc0U56Y,4262.12,418.387,5113.25,6419481.250
03-06-2020 18:30,adLQvlD726eNBSB,91,8.78571,7990.43,6422266.429
15-06-2020 06:45,7JYdWkrLSPkdwr4,1479.38,144.4,53.125,7828211.125
13-06-2020 10:15,YxYtjZvoooNbGkE,10477.9,1023.39,2079.14,7393138.143
30-05-2020 15:45,1IF53ai7Xc0U56Y,7423.25,726.812,6505.88,6304716.875
03-06-2020 17:45,3PZuoBAID5Wc2HD,1007.12,97.8375,7836.88,7136450.875
18-05-2020 22:15,wCURE6d3bPkepu2,0,0,5393,6808393.000
15-06-2020 07:15,ZnxXDlPa8U1GXgE,2159.25,211.5,154.25,6751901.250
22-05-2020 22:00,McdE0feGgRqW7Ca,0,0,0,7215952.000
20-05-2020 06:15,McdE0feGgRqW7Ca,444.25,42.9875,7.375,7192105.375
17-05-2020 23:00,z9Y9gH1T5YWrNuG,0,0,7486,7028226.000
17-06-2020 07:00,zBIq5rxdHJRwDNY,1344.75,131.213,17.25,6577569.250
05-06-2020 11:15,z9Y9gH1T5YWrNuG,12828,1251.16,2812.86,7166074.857
18-05-2020 13:00,ZoEaEvLYb1n2sOq,8066.88,789.513,2425.88,7120633.875
17-05-2020 21:45,ih0vzX44oOqAx2f,0,0,7391,6205201.000
19-05-2020 04:00,McdE0feGgRqW7Ca,0,0,0,7185091.000
19-05-2020 01:15,VHMLBKoKgIrUVDU,0,0,0,7232554.000
14-06-2020 13:30,1BY6WEcLGh8j5v7,0,0,2402,6466065.000
09-06-2020 18:45,bvBOhCH3iADSZry,0,0,7361,6493347.000
27-05-2020 03:15,zVJPv84UY57bAof,0,0,0,7205383.000
22-05-2020 14:15,7JYdWkrLSPkdwr4,7924.29,774.671,5554,7657189.000
17-05-2020 02:00,ih0vzX44oOqAx2f,0,0,0,6197810.000
21-05-2020 21:30,adLQvlD726eNBSB,0,0,0,6321573.000
17-06-2020 22:45,McdE0feGgRqW7Ca,0,0,5992,7408587.000
23-05-2020 21:15,z9Y9gH1T5YWrNuG,0,0,8543,7072762.000
01-06-2020 09:00,z9Y9gH1T5YWrNuG,6111.71,598.857,1099.71,7134996.714
14-06-2020 23:45,ZnxXDlPa8U1GXgE,0,0,7404,6751747.000
19-05-2020 05:30,ZnxXDlPa8U1GXgE,0,0,0,6548162.000
05-06-2020 06:30,1BY6WEcLGh8j5v7,557.5,53.975,14.875,6405394.875
15-05-2020 23:00,iCRJl6heRkivqQ3,0,0,6418,7184410.000
24-05-2020 16:45,VHMLBKoKgIrUVDU,4097.88,402.3,7876.75,7280208.750
01-06-2020 17:15,z9Y9gH1T5YWrNuG,974.143,94.6571,5865.57,7139762.571
16-05-2020 15:30,bvBOhCH3iADSZry,4673,458.586,5606.71,6328116.714
12-06-2020 02:00,WRmjgnKYAwPKWDb,0,0,0,7232986.000
07-06-2020 21:45,rGa61gmuvPhdLxV,0,0,8172,7287673.000
06-06-2020 12:30,zBIq5rxdHJRwDNY,10512.3,1026.26,3863.29,6504165.286
29-05-2020 20:15,7JYdWkrLSPkdwr4,0,0,8007,7714835.000
14-06-2020 23:30,1BY6WEcLGh8j5v7,0,0,4012,6467675.000
29-05-2020 07:15,adLQvlD726eNBSB,2063,202.243,143.571,6379152.571
08-06-2020 02:15,YxYtjZvoooNbGkE,0,0,0,7356967.000
01-06-2020 08:30,YxYtjZvoooNbGkE,5678.57,556.657,787.143,7306526.143
01-06-2020 18:00,ZnxXDlPa8U1GXgE,554.5,53.6375,5904.5,6655429.500
23-05-2020 18:30,1BY6WEcLGh8j5v7,21,2.01429,7965.86,6320402.857
29-05-2020 20:45,sjndEbLyjtCKgGv,0,0,0,7129029.000
25-05-2020 14:30,ih0vzX44oOqAx2f,9704.71,948.914,6433.14,6262927.143
10-06-2020 10:00,iCRJl6heRkivqQ3,4696.38,460.887,1537,7374757.000
23-05-2020 22:15,1BY6WEcLGh8j5v7,0,0,7966,6320403.000
26-05-2020 08:15,ZoEaEvLYb1n2sOq,5748.25,563.325,528.125,7179442.125
16-05-2020 18:45,z9Y9gH1T5YWrNuG,0,0,6488,7020740.000
18-05-2020 21:30,1BY6WEcLGh8j5v7,0,0,4998,6283648.000
14-06-2020 01:30,WRmjgnKYAwPKWDb,0,0,0,7247179.000
05-06-2020 20:30,ih0vzX44oOqAx2f,0,0,0,6344476.000
10-06-2020 08:15,sjndEbLyjtCKgGv,2951.71,289.814,491.143,7209586.143
20-05-2020 20:15,pkci93gMrogZuBj,0,0,8849,7210198.000
18-05-2020 13:00,wCURE6d3bPkepu2,8123.86,795.071,2446.29,6805446.286
01-06-2020 05:45,1IF53ai7Xc0U56Y,0,0,0,6311432.000
28-05-2020 01:45,YxYtjZvoooNbGkE,0,0,0,7276029.000
03-06-2020 15:15,adLQvlD726eNBSB,11614.2,1133.4,6862.75,6421138.750
29-05-2020 11:45,ZnxXDlPa8U1GXgE,12996.4,1267.49,3464.14,6631380.143
01-06-2020 10:45,ih0vzX44oOqAx2f,11021.7,1075.86,2475.29,6310707.286
26-05-2020 06:00,sjndEbLyjtCKgGv,137,13.225,1,7098112.000
15-05-2020 12:00,7JYdWkrLSPkdwr4,6910.71,676.543,2612.86,7605572.857
04-06-2020 03:45,bvBOhCH3iADSZry,0,0,0,6452724.000
14-06-2020 09:30,rGa61gmuvPhdLxV,7881.75,771.525,1243,7331913.000
30-05-2020 18:15,WRmjgnKYAwPKWDb,286.571,27.6571,7127.14,7148026.143
31-05-2020 11:15,uHbuxQJl8lW7ozc,12387.7,1208.16,2729.71,7162001.714
08-06-2020 16:15,ZnxXDlPa8U1GXgE,3156.14,309.7,7870.43,6709133.429
22-05-2020 01:45,1IF53ai7Xc0U56Y,0,0,0,6233247.000
15-06-2020 20:45,YxYtjZvoooNbGkE,0,0,6633,7413335.000
24-05-2020 04:15,pkci93gMrogZuBj,0,0,0,7233675.000
24-05-2020 02:45,1BY6WEcLGh8j5v7,0,0,0,6320403.000
22-05-2020 11:30,pkci93gMrogZuBj,10988.7,1073.03,2637.71,7220613.714
10-06-2020 06:15,pkci93gMrogZuBj,415.143,40.1429,5.71429,7362721.714
30-05-2020 06:15,zBIq5rxdHJRwDNY,312.857,30.2143,3.85714,6449908.857
16-06-2020 10:00,rGa61gmuvPhdLxV,10948.6,1068.84,1646.88,7346350.875
08-06-2020 12:45,rGa61gmuvPhdLxV,8532.43,834.343,4746.71,7292419.714
16-06-2020 16:45,WRmjgnKYAwPKWDb,2142.38,210.037,6060,7267375.000
01-06-2020 04:30,wCURE6d3bPkepu2,0,0,0,6909405.000
06-06-2020 21:30,zVJPv84UY57bAof,0,0,0,7285530.000
25-05-2020 23:15,ih0vzX44oOqAx2f,0,0,8085,6264579.000
17-05-2020 05:00,z9Y9gH1T5YWrNuG,0,0,0,7020740.000
27-05-2020 13:15,adLQvlD726eNBSB,5021.86,492.443,4672.86,6368188.857
25-05-2020 05:15,pkci93gMrogZuBj,0,0,0,7241707.000
22-05-2020 12:45,z9Y9gH1T5YWrNuG,11367.2,1109.03,4003.25,7061150.250
28-05-2020 10:00,WRmjgnKYAwPKWDb,10823.3,1057.79,2055.43,7126593.429
16-05-2020 13:45,rGa61gmuvPhdLxV,6821.88,668.075,4454,7122320.000
09-06-2020 00:30,ih0vzX44oOqAx2f,0,0,0,6366909.000
09-06-2020 04:45,WRmjgnKYAwPKWDb,0,0,0,7213001.000
27-05-2020 23:30,YxYtjZvoooNbGkE,0,0,0,7276029.000
26-05-2020 03:45,1IF53ai7Xc0U56Y,0,0,0,6266528.000
16-06-2020 00:00,1BY6WEcLGh8j5v7,0,0,896.429,6473950.000
23-05-2020 12:15,sjndEbLyjtCKgGv,12820.4,1250,4302.38,7077264.375
27-05-2020 08:15,uHbuxQJl8lW7ozc,5600.25,548.888,520.75,7129058.750
28-05-2020 06:30,adLQvlD726eNBSB,902.714,87.6429,25.4286,6370398.429
16-06-2020 19:30,zBIq5rxdHJRwDNY,0,0,5719,6577552.000
03-06-2020 17:45,1BY6WEcLGh8j5v7,1040.12,101.088,7303.25,6397771.250
07-06-2020 21:15,ih0vzX44oOqAx2f,0,0,8019,6358692.000
13-06-2020 07:00,rGa61gmuvPhdLxV,1674.38,163.688,67.375,7322348.375
11-06-2020 04:45,sjndEbLyjtCKgGv,0,0,0,7215600.000
31-05-2020 10:00,pkci93gMrogZuBj,5349.12,524.388,1412.12,7290288.125
04-06-2020 07:15,ih0vzX44oOqAx2f,2443.25,239.675,127.875,6329137.875
10-06-2020 14:00,adLQvlD726eNBSB,6756.57,661.7,5213.71,6475490.714
15-06-2020 17:30,iCRJl6heRkivqQ3,1445.86,140.9,6709.86,7413933.857
14-06-2020 08:15,1IF53ai7Xc0U56Y,3726.29,366.114,524.571,6407405.571
21-05-2020 23:45,ZoEaEvLYb1n2sOq,0,0,7617,7146685.000
31-05-2020 09:15,zBIq5rxdHJRwDNY,5069.29,497.171,891.571,6458192.571
08-06-2020 23:30,iCRJl6heRkivqQ3,0,0,8444,7364955.000
11-06-2020 11:30,VHMLBKoKgIrUVDU,7378.29,722.443,1903.43,7411198.429
26-05-2020 06:00,1BY6WEcLGh8j5v7,130.875,12.65,1.375,6336209.375
19-05-2020 06:15,ih0vzX44oOqAx2f,110.143,10.6286,1.28571,6210488.286
11-06-2020 05:00,uHbuxQJl8lW7ozc,0,0,0,7240508.000
10-06-2020 19:30,uHbuxQJl8lW7ozc,0,0,6645,7240508.000
16-06-2020 23:45,uHbuxQJl8lW7ozc,0,0,5505.5,7281035.000
12-06-2020 17:00,rGa61gmuvPhdLxV,1963.57,192.471,5653.43,7322085.429
23-05-2020 14:15,rGa61gmuvPhdLxV,7937.75,776.975,6125.25,7173266.250
07-06-2020 17:45,bvBOhCH3iADSZry,1060.12,103.025,5134.62,6478258.625
30-05-2020 07:30,pkci93gMrogZuBj,2015.38,197.575,172.25,7281707.250
03-06-2020 04:30,ZoEaEvLYb1n2sOq,0,0,0,7235727.000
18-05-2020 14:00,VHMLBKoKgIrUVDU,9362,914.886,3590.71,7230687.714
03-06-2020 03:45,7JYdWkrLSPkdwr4,0,0,0,7740873.000
15-05-2020 09:45,pkci93gMrogZuBj,7194.75,704.388,1180.38,7170282.375
13-06-2020 11:45,wCURE6d3bPkepu2,13522.4,1318.44,3777,6997685.000
19-05-2020 16:45,bvBOhCH3iADSZry,3426.43,336.843,6184.71,6346722.714
22-05-2020 03:30,ZnxXDlPa8U1GXgE,0,0,0,6571864.000
05-06-2020 14:00,ZnxXDlPa8U1GXgE,12721,1240.69,5068.12,6684130.125
30-05-2020 21:15,uHbuxQJl8lW7ozc,0,0,7340,7159272.000
11-06-2020 05:45,zVJPv84UY57bAof,0,0,0,7317016.000
31-05-2020 04:45,wCURE6d3bPkepu2,0,0,0,6903158.000
08-06-2020 12:15,ZoEaEvLYb1n2sOq,8276,809.729,4226.57,7277679.571
26-05-2020 07:15,3PZuoBAID5Wc2HD,2836.43,278.414,149.286,7070785.286
25-05-2020 03:30,zBIq5rxdHJRwDNY,0,0,0,6411758.000
19-05-2020 16:00,ZnxXDlPa8U1GXgE,6634.14,649.871,6400.86,6554562.857
31-05-2020 18:15,WRmjgnKYAwPKWDb,260.25,25.15,5834.12,7153863.125
14-06-2020 23:45,iCRJl6heRkivqQ3,0,0,7369,7407224.000
09-06-2020 14:45,YxYtjZvoooNbGkE,7838.12,767.087,6272,7371582.000
08-06-2020 18:45,iCRJl6heRkivqQ3,0,0,8444,7364955.000
14-06-2020 19:00,zVJPv84UY57bAof,0,0,7320,7344280.000
07-06-2020 09:00,bvBOhCH3iADSZry,8777.57,858.8,707.429,6473831.429
15-06-2020 08:15,ih0vzX44oOqAx2f,7241.38,709.075,553.875,6408236.875
16-05-2020 06:30,7JYdWkrLSPkdwr4,717.571,69.5714,16.4286,7609092.429
08-06-2020 22:15,1BY6WEcLGh8j5v7,0,0,7864,6431614.000
09-06-2020 20:00,zVJPv84UY57bAof,0,0,8289,7310456.000
27-05-2020 08:15,rGa61gmuvPhdLxV,5674.14,556.129,515.429,7200384.429
02-06-2020 05:15,bvBOhCH3iADSZry,0,0,0,6438645.000
27-05-2020 08:15,VHMLBKoKgIrUVDU,6113.88,599.05,551.125,7298166.125
05-06-2020 16:30,iCRJl6heRkivqQ3,6566.29,643.171,7198.29,7341198.286
14-06-2020 05:45,WRmjgnKYAwPKWDb,0,0,0,7247179.000
27-05-2020 04:30,uHbuxQJl8lW7ozc,0,0,0,7128538.000
10-06-2020 03:15,1BY6WEcLGh8j5v7,0,0,0,6439070.000
30-05-2020 03:30,McdE0feGgRqW7Ca,0,0,0,7273213.000
31-05-2020 09:30,uHbuxQJl8lW7ozc,10216.2,997.888,1083.88,7160355.875
10-06-2020 07:15,ZoEaEvLYb1n2sOq,2465.75,241.8,139.5,7289818.500
14-06-2020 20:30,WRmjgnKYAwPKWDb,0,0,7405,7254584.000
03-06-2020 06:45,1BY6WEcLGh8j5v7,857.75,83.2375,32.75,6390500.750
30-05-2020 07:30,iCRJl6heRkivqQ3,2024.88,198.5,173.75,7291426.750
15-06-2020 09:45,z9Y9gH1T5YWrNuG,9227.57,902.257,1789.14,7234257.143
05-06-2020 20:15,YxYtjZvoooNbGkE,0,0,7603,7342489.000
23-05-2020 13:15,wCURE6d3bPkepu2,12265.1,1196.2,5398.57,6844623.571
15-06-2020 14:45,z9Y9gH1T5YWrNuG,6726,658.587,5552.75,7238020.750
20-05-2020 20:00,pkci93gMrogZuBj,0,0,8849,7210198.000
28-05-2020 02:30,bvBOhCH3iADSZry,0,0,0,6405833.000
15-06-2020 17:30,McdE0feGgRqW7Ca,1445,140.814,6804.57,7396162.571
10-06-2020 23:15,ih0vzX44oOqAx2f,0,0,6277,6381032.000
19-05-2020 10:45,1IF53ai7Xc0U56Y,9152.14,894.014,1963.86,6211769.857
08-06-2020 09:45,ih0vzX44oOqAx2f,11116,1085.7,1577,6360269.000
23-05-2020 14:45,WRmjgnKYAwPKWDb,7032.25,688.675,6824.5,7091419.500
01-06-2020 17:30,z9Y9gH1T5YWrNuG,690.875,66.925,5885.62,7139782.625
10-06-2020 14:00,ZoEaEvLYb1n2sOq,7176,702.529,4968.29,7294647.286
25-05-2020 00:15,adLQvlD726eNBSB,0,0,0,6346131.000
24-05-2020 12:45,uHbuxQJl8lW7ozc,11985.6,1169.36,4524.29,7108270.286
12-06-2020 12:30,z9Y9gH1T5YWrNuG,7061.14,691.514,3004.86,7214068.857
22-05-2020 06:15,wCURE6d3bPkepu2,558.143,53.9857,11.5714,6832066.571
04-06-2020 06:30,adLQvlD726eNBSB,790,76.625,20.375,6422287.375
23-05-2020 07:15,VHMLBKoKgIrUVDU,2120.57,207.8,80.2857,7263801.286
10-06-2020 12:15,ih0vzX44oOqAx2f,9854.14,962.029,3213.43,6377968.429
31-05-2020 05:45,VHMLBKoKgIrUVDU,0,0,0,7328329.000
26-05-2020 23:15,YxYtjZvoooNbGkE,0,0,0,7269333.000
13-06-2020 23:45,ZoEaEvLYb1n2sOq,0,0,8378,7315763.000
08-06-2020 17:45,7JYdWkrLSPkdwr4,1220.29,118.829,8236.29,7786746.286
15-06-2020 04:15,zVJPv84UY57bAof,0,0,0,7344280.000
14-06-2020 04:15,uHbuxQJl8lW7ozc,0,0,0,7260531.000
19-05-2020 19:00,ih0vzX44oOqAx2f,0,0,6790,6217277.000
08-06-2020 12:30,uHbuxQJl8lW7ozc,11605.6,1132.95,4555.62,7221704.625
23-05-2020 06:45,1BY6WEcLGh8j5v7,611.5,59.2,23.1667,6312460.167
17-05-2020 09:45,7JYdWkrLSPkdwr4,10323.3,1009.2,1550,7617087.000
28-05-2020 06:00,adLQvlD726eNBSB,168.143,16.2143,1.28571,6370374.286
25-05-2020 11:45,rGa61gmuvPhdLxV,12486,1217.37,3871.71,7187166.714
28-05-2020 12:45,z9Y9gH1T5YWrNuG,13101.4,1277.4,5075.14,7108960.143
28-05-2020 03:00,ZoEaEvLYb1n2sOq,0,0,0,7193291.000
09-06-2020 10:30,bvBOhCH3iADSZry,11336.6,1106.24,2095,6488081.000
09-06-2020 16:15,3PZuoBAID5Wc2HD,5507.12,539.75,7630.62,7183363.625
03-06-2020 23:45,VHMLBKoKgIrUVDU,0,0,7917,7355661.000
15-06-2020 01:45,z9Y9gH1T5YWrNuG,0,0,0,7232468.000
01-06-2020 02:30,ZoEaEvLYb1n2sOq,0,0,0,7222644.000
21-05-2020 17:15,iCRJl6heRkivqQ3,759.429,73.6571,7791.86,7227396.857
06-06-2020 18:15,3PZuoBAID5Wc2HD,103.375,9.95,6495.12,7158981.125
27-05-2020 23:45,sjndEbLyjtCKgGv,0,0,0,7112565.000
11-06-2020 21:45,iCRJl6heRkivqQ3,0,0,5692,7385471.000
03-06-2020 01:15,zBIq5rxdHJRwDNY,0,0,0,6476454.000
12-06-2020 19:30,ih0vzX44oOqAx2f,0,0,5710,6392263.000
12-06-2020 00:45,1BY6WEcLGh8j5v7,0,0,0,6450238.000
11-06-2020 20:45,zVJPv84UY57bAof,0,0,5671,7322687.000
01-06-2020 04:15,zVJPv84UY57bAof,0,0,0,7242024.000
13-06-2020 09:15,bvBOhCH3iADSZry,8524.12,834.038,1206.5,6510985.500
10-06-2020 07:15,WRmjgnKYAwPKWDb,2798.29,274.629,155,7221133.000
15-06-2020 07:30,McdE0feGgRqW7Ca,1960.71,192.1,200.429,7389558.429
19-05-2020 23:00,WRmjgnKYAwPKWDb,0,0,0,7060932.000
10-06-2020 15:30,wCURE6d3bPkepu2,4636.38,454.95,5681.62,6981661.625
20-05-2020 06:30,1BY6WEcLGh8j5v7,674.286,65.2857,20,6290117.000
03-06-2020 18:45,bvBOhCH3iADSZry,0,0,7237,6452724.000
10-06-2020 21:15,7JYdWkrLSPkdwr4,0,0,6362,7801091.000
08-06-2020 23:15,VHMLBKoKgIrUVDU,0,0,8488,7394696.000
07-06-2020 11:15,zVJPv84UY57bAof,13868.9,1352.19,2753.14,7288283.143
08-06-2020 05:45,7JYdWkrLSPkdwr4,0,0,0,7778510.000
05-06-2020 21:00,YxYtjZvoooNbGkE,0,0,7603,7342489.000
22-05-2020 06:00,WRmjgnKYAwPKWDb,223.625,21.6375,1,7077359.000
30-05-2020 22:45,z9Y9gH1T5YWrNuG,0,0,7142,7127597.000
30-05-2020 15:30,sjndEbLyjtCKgGv,8266,808.971,6170.14,7135199.143
16-06-2020 02:15,adLQvlD726eNBSB,0,0,0,6512002.000
17-05-2020 05:15,ih0vzX44oOqAx2f,0,0,0,6197810.000
28-05-2020 08:15,ih0vzX44oOqAx2f,5771.5,565.6,549.5,6279404.500
26-05-2020 16:45,ZnxXDlPa8U1GXgE,6009,588.788,7738.12,6612404.125
06-06-2020 23:15,VHMLBKoKgIrUVDU,0,0,6435,7377989.000
07-06-2020 14:15,zBIq5rxdHJRwDNY,8551.57,836.186,6205,6512933.000
18-05-2020 03:30,7JYdWkrLSPkdwr4,0,0,0,7623063.000
07-06-2020 20:15,sjndEbLyjtCKgGv,0,0,6898,7192554.000
04-06-2020 12:45,ZnxXDlPa8U1GXgE,7983.43,780.443,4297.71,6675181.714
31-05-2020 16:45,ZoEaEvLYb1n2sOq,1800.75,176.537,5601.5,7222449.500
13-06-2020 09:00,rGa61gmuvPhdLxV,6679.88,654.275,1037.12,7323318.125
07-06-2020 01:30,7JYdWkrLSPkdwr4,0,0,0,7770457.000
19-05-2020 02:45,7JYdWkrLSPkdwr4,0,0,0,7628372.000
11-06-2020 07:45,bvBOhCH3iADSZry,1864.43,182.757,120.857,6499330.857
30-05-2020 20:30,z9Y9gH1T5YWrNuG,0,0,7142,7127597.000
05-06-2020 04:00,YxYtjZvoooNbGkE,0,0,0,7334886.000
29-05-2020 12:30,zVJPv84UY57bAof,12231.9,1192.99,4386.71,7224859.714
17-06-2020 04:00,ih0vzX44oOqAx2f,0,0,0,6420371.000
17-05-2020 14:00,VHMLBKoKgIrUVDU,8569.43,837.629,5795.43,7225175.429
25-05-2020 20:30,bvBOhCH3iADSZry,0,0,8124,6392336.000
11-06-2020 13:45,uHbuxQJl8lW7ozc,6726.12,658.8,3535.25,7244043.250
03-06-2020 13:00,z9Y9gH1T5YWrNuG,11741.2,1146.06,4360.12,7151634.125
28-05-2020 07:15,ZnxXDlPa8U1GXgE,2743.57,269.171,148,6619524.000
18-05-2020 04:00,zVJPv84UY57bAof,0,0,0,7136015.000
21-05-2020 10:30,z9Y9gH1T5YWrNuG,9810,957.743,2218.43,7051479.429
29-05-2020 10:00,ZoEaEvLYb1n2sOq,7667,750.517,1540,7203078.000
24-05-2020 04:45,ih0vzX44oOqAx2f,0,0,0,6248938.000
08-06-2020 06:15,bvBOhCH3iADSZry,423.857,40.9714,6.57143,6478299.571
28-05-2020 07:45,wCURE6d3bPkepu2,4144.14,407.129,298,6879493.000
06-06-2020 04:30,1IF53ai7Xc0U56Y,0,0,0,6348557.000
16-06-2020 16:00,WRmjgnKYAwPKWDb,5104.29,500.5,5824.86,7267139.857
25-05-2020 19:00,adLQvlD726eNBSB,0,0,9163,6355294.000
25-05-2020 11:00,McdE0feGgRqW7Ca,12196,1189.1,3066.5,7235757.500
30-05-2020 17:00,1BY6WEcLGh8j5v7,3089,303.488,6571.25,6371945.250
01-06-2020 07:30,VHMLBKoKgIrUVDU,4402.12,432.125,260.25,7334665.250
02-06-2020 19:15,zVJPv84UY57bAof,0,0,7451,7255217.000
02-06-2020 00:00,3PZuoBAID5Wc2HD,0,0,0,7121269.000
30-05-2020 08:00,zBIq5rxdHJRwDNY,3167,311.025,293.75,6450198.750
26-05-2020 21:45,ih0vzX44oOqAx2f,0,0,0,6272291.000
25-05-2020 14:45,pkci93gMrogZuBj,10702.3,1046.09,7310.86,7249017.857
18-05-2020 18:30,YxYtjZvoooNbGkE,0,0,5369,7205598.000
08-06-2020 17:45,1IF53ai7Xc0U56Y,1194.5,116.287,8449,6371787.000
26-05-2020 04:30,ZnxXDlPa8U1GXgE,0,0,0,6604666.000
27-05-2020 12:15,ZnxXDlPa8U1GXgE,8220.86,804,3952.43,6616601.429
23-05-2020 07:15,zVJPv84UY57bAof,2138,209.488,80.375,7172374.375
26-05-2020 22:45,1BY6WEcLGh8j5v7,0,0,0,6343669.000
22-05-2020 03:45,VHMLBKoKgIrUVDU,0,0,0,7256361.000
11-06-2020 19:15,rGa61gmuvPhdLxV,0,0,5663,7316432.000
30-05-2020 09:00,rGa61gmuvPhdLxV,3837.29,377.086,657.571,7223731.571
25-05-2020 19:45,wCURE6d3bPkepu2,0,0,8859,6864650.000
02-06-2020 10:00,uHbuxQJl8lW7ozc,9773,955.629,1946.29,7172888.286
11-06-2020 22:45,sjndEbLyjtCKgGv,0,0,5654,7221254.000
28-05-2020 18:45,adLQvlD726eNBSB,0,0,8636,6379009.000
09-06-2020 09:15,adLQvlD726eNBSB,7438.62,728.05,1373.5,6463377.500
25-05-2020 05:15,ZoEaEvLYb1n2sOq,0,0,0,7170169.000
30-05-2020 06:45,iCRJl6heRkivqQ3,1205.86,117.257,39,7291292.000
16-06-2020 12:30,1BY6WEcLGh8j5v7,6979.29,683.429,3423.86,6477373.857
01-06-2020 05:00,ih0vzX44oOqAx2f,0,0,0,6308232.000
03-06-2020 21:45,3PZuoBAID5Wc2HD,0,0,7874,7136488.000
09-06-2020 01:45,zBIq5rxdHJRwDNY,0,0,0,6523269.000
02-06-2020 11:45,wCURE6d3bPkepu2,6220.43,609.457,3262.14,6918606.143
31-05-2020 17:30,z9Y9gH1T5YWrNuG,1392.12,135.85,6236,7133833.000
29-05-2020 13:15,zBIq5rxdHJRwDNY,11179.2,1091.1,5035.75,6447029.750
13-06-2020 03:15,7JYdWkrLSPkdwr4,0,0,0,7812417.000
20-05-2020 20:45,rGa61gmuvPhdLxV,0,0,8821,7152633.000
16-06-2020 14:30,sjndEbLyjtCKgGv,9997.38,976.212,4918.88,7254457.875
15-05-2020 16:00,1BY6WEcLGh8j5v7,4551.14,446.571,5275.29,6264834.286
17-05-2020 04:15,7JYdWkrLSPkdwr4,0,0,0,7615537.000
13-06-2020 14:00,adLQvlD726eNBSB,12059.5,1177.09,6473,6495195.000
07-06-2020 01:30,adLQvlD726eNBSB,0,0,0,6445031.000
12-06-2020 21:15,7JYdWkrLSPkdwr4,0,0,5753,7812417.000
08-06-2020 02:15,z9Y9gH1T5YWrNuG,0,0,0,7183631.000
21-05-2020 14:15,sjndEbLyjtCKgGv,7306,714.5,6211.29,7064272.286
04-06-2020 18:00,rGa61gmuvPhdLxV,930.75,90.3875,8193.88,7265330.875
03-06-2020 21:45,ih0vzX44oOqAx2f,0,0,7699,6329010.000
13-06-2020 22:15,rGa61gmuvPhdLxV,0,0,8389,7330670.000
28-05-2020 15:15,pkci93gMrogZuBj,8832.57,864.143,7196.29,7272181.286
23-05-2020 15:15,McdE0feGgRqW7Ca,8122.57,794.857,7314.71,7223266.714
19-05-2020 17:00,bvBOhCH3iADSZry,2459.5,241.175,6257.75,6346795.750
17-06-2020 09:15,rGa61gmuvPhdLxV,5461.25,535.275,811.625,7351758.625
08-06-2020 21:15,VHMLBKoKgIrUVDU,0,0,8488,7394696.000
11-06-2020 06:15,wCURE6d3bPkepu2,148.429,14.3,1.28571,6982404.286
04-06-2020 16:30,1IF53ai7Xc0U56Y,5757.25,564.2,7705.5,6340364.500
17-05-2020 06:30,1IF53ai7Xc0U56Y,475.25,45.975,8.25,6196602.250
13-06-2020 14:15,YxYtjZvoooNbGkE,11478.1,1120.25,6392.25,7397451.250
13-06-2020 12:00,sjndEbLyjtCKgGv,12266.9,1196.71,4096.12,7231197.125
05-06-2020 05:30,adLQvlD726eNBSB,0,0,0,6430581.000
30-05-2020 23:00,VHMLBKoKgIrUVDU,0,0,7270,7328329.000
09-06-2020 14:30,pkci93gMrogZuBj,9720.25,949.513,6283.5,7360759.500
20-05-2020 10:30,3PZuoBAID5Wc2HD,11242.3,1098.04,2563.71,7023075.714
05-06-2020 06:15,iCRJl6heRkivqQ3,301.714,29.1714,4.57143,7334004.571
19-05-2020 10:30,ih0vzX44oOqAx2f,7039.71,688.886,1684.43,6212171.429
04-06-2020 21:45,wCURE6d3bPkepu2,0,0,0,6939021.000
08-06-2020 05:15,1IF53ai7Xc0U56Y,0,0,0,6363338.000
14-06-2020 10:45,wCURE6d3bPkepu2,11289.6,1102.42,2293,7004662.000
10-06-2020 07:00,WRmjgnKYAwPKWDb,2140.38,209.825,95.25,7221073.250
01-06-2020 16:00,wCURE6d3bPkepu2,1685.86,164.986,5678.71,6915083.714
14-06-2020 16:45,YxYtjZvoooNbGkE,2170.38,212.775,7098.62,7406537.625
07-06-2020 15:00,pkci93gMrogZuBj,10063.7,982.629,6713.71,7344631.714
24-05-2020 18:30,ZoEaEvLYb1n2sOq,142.714,13.7857,7984,7170168.000
11-06-2020 15:00,7JYdWkrLSPkdwr4,7548.38,738.888,4421.38,7805512.375
31-05-2020 15:00,iCRJl6heRkivqQ3,2116.57,207.486,5344.57,7303942.571
11-06-2020 18:30,rGa61gmuvPhdLxV,48.625,4.6875,5662.75,7316431.750
26-05-2020 11:15,VHMLBKoKgIrUVDU,7590.29,742.1,3418.57,7292943.571
04-06-2020 00:00,1BY6WEcLGh8j5v7,0,0,1048.71,6397809.000
07-06-2020 16:15,zBIq5rxdHJRwDNY,6561.38,642.712,7602.25,6514330.250
16-05-2020 13:15,rGa61gmuvPhdLxV,10191.4,996.138,4065.12,7121931.125
21-05-2020 13:00,zVJPv84UY57bAof,11985.7,1169.39,4983.14,7162162.143
11-06-2020 04:15,ZoEaEvLYb1n2sOq,0,0,0,7296071.000
11-06-2020 04:45,3PZuoBAID5Wc2HD,0,0,0,7190469.000
16-06-2020 06:30,z9Y9gH1T5YWrNuG,697.25,67.5875,12.25,7239196.250
01-06-2020 04:00,z9Y9gH1T5YWrNuG,0,0,0,7133897.000
04-06-2020 04:00,z9Y9gH1T5YWrNuG,0,0,0,7155113.000
02-06-2020 06:30,YxYtjZvoooNbGkE,477.571,46.1714,18.2857,7311534.286
05-06-2020 04:30,ih0vzX44oOqAx2f,0,0,0,6337019.000
12-06-2020 20:00,rGa61gmuvPhdLxV,0,0,5849,7322281.000
24-05-2020 04:45,ZoEaEvLYb1n2sOq,0,0,0,7162184.000
27-05-2020 06:45,adLQvlD726eNBSB,1651.14,161.571,51.8571,6363567.857
08-06-2020 21:00,ZnxXDlPa8U1GXgE,0,0,8435,6709698.000
16-05-2020 22:45,1BY6WEcLGh8j5v7,0,0,6292,6271605.000
31-05-2020 13:15,pkci93gMrogZuBj,7690.43,751.9,4419,7293295.000
17-05-2020 08:15,McdE0feGgRqW7Ca,5240,513.657,490.429,7172511.429
28-05-2020 10:30,ZnxXDlPa8U1GXgE,10974.9,1071.61,2556.86,6621932.857
15-06-2020 09:30,zBIq5rxdHJRwDNY,8531.43,834.657,1510,6566647.000
23-05-2020 04:45,pkci93gMrogZuBj,0,0,0,7225200.000
24-05-2020 10:45,zBIq5rxdHJRwDNY,10781.9,1052.42,2185.75,6406666.750
09-06-2020 15:00,YxYtjZvoooNbGkE,8245.14,806.914,6481,7371791.000
16-05-2020 07:15,7JYdWkrLSPkdwr4,1965.29,192.643,112.286,7609188.286
21-05-2020 15:45,zBIq5rxdHJRwDNY,5311.86,520.843,7237.86,6388099.857
27-05-2020 07:45,pkci93gMrogZuBj,3939.38,386.962,281.75,7258575.750
27-05-2020 11:15,pkci93gMrogZuBj,10730.4,1047.28,2658.12,7260952.125
02-06-2020 23:00,WRmjgnKYAwPKWDb,0,0,0,7166917.000
12-06-2020 22:30,3PZuoBAID5Wc2HD,0,0,5900,7202086.000
30-05-2020 21:30,ih0vzX44oOqAx2f,0,0,7146,6302267.000
25-05-2020 19:15,YxYtjZvoooNbGkE,0,0,8813,7261464.000
04-06-2020 15:30,z9Y9gH1T5YWrNuG,8867.5,867.462,6884.5,7161997.500
22-05-2020 05:00,bvBOhCH3iADSZry,0,0,0,6362148.000
15-05-2020 13:45,McdE0feGgRqW7Ca,7763.14,759.957,4254.86,7163218.857
11-06-2020 07:45,zVJPv84UY57bAof,2032,199.186,132.143,7317148.143
03-06-2020 14:30,ih0vzX44oOqAx2f,9881.43,965.857,5790.86,6327101.857
19-05-2020 10:45,YxYtjZvoooNbGkE,8150.12,797.05,1894.62,7207492.625
21-05-2020 21:00,zVJPv84UY57bAof,0,0,7944,7165123.000
29-05-2020 19:45,1BY6WEcLGh8j5v7,0,0,7564,6365374.000
16-05-2020 18:15,bvBOhCH3iADSZry,120.714,11.6429,6137.29,6328647.286
06-06-2020 19:15,1IF53ai7Xc0U56Y,0,0,6542,6355099.000
01-06-2020 12:00,WRmjgnKYAwPKWDb,5464.14,535.514,3723.57,7157589.571
02-06-2020 10:30,1IF53ai7Xc0U56Y,7200.71,705,2212.29,6319656.286
02-06-2020 13:00,McdE0feGgRqW7Ca,12320,1201.56,4517.5,7297269.500
25-05-2020 18:45,WRmjgnKYAwPKWDb,0,0,8879,7109996.000
10-06-2020 14:30,1IF53ai7Xc0U56Y,5842.71,572.229,5580,6385602.000
30-05-2020 02:15,pkci93gMrogZuBj,0,0,0,7281535.000
31-05-2020 00:15,ZoEaEvLYb1n2sOq,0,0,0,7216848.000
17-06-2020 14:00,VHMLBKoKgIrUVDU,6125.5,600.138,4764.25,7454965.250
04-06-2020 07:45,wCURE6d3bPkepu2,3460,339.5,255.571,6931031.571
09-06-2020 06:00,ZnxXDlPa8U1GXgE,174.143,16.8,1,6709699.000
20-05-2020 22:30,pkci93gMrogZuBj,0,0,8849,7210198.000
14-06-2020 21:45,bvBOhCH3iADSZry,0,0,3958,6521600.000
07-06-2020 18:30,zBIq5rxdHJRwDNY,66,6.375,8182.88,6514910.875
08-06-2020 15:00,1IF53ai7Xc0U56Y,10248,1001.91,7103.86,6370441.857
17-06-2020 05:45,ZoEaEvLYb1n2sOq,0,0,0,7335882.000
13-06-2020 09:00,bvBOhCH3iADSZry,8345.86,816.729,1004,6510783.000
01-06-2020 15:45,adLQvlD726eNBSB,1509.62,147.525,5816.25,6406520.250
10-06-2020 04:30,rGa61gmuvPhdLxV,0,0,0,7304204.000
23-05-2020 14:15,ZnxXDlPa8U1GXgE,8185.12,801.1,6522,6585661.000
30-05-2020 13:30,1BY6WEcLGh8j5v7,9501.57,929.257,3913.57,6369287.571
11-06-2020 22:45,iCRJl6heRkivqQ3,0,0,5692,7385471.000
30-05-2020 19:45,rGa61gmuvPhdLxV,0,0,7364,7230438.000
26-05-2020 04:00,McdE0feGgRqW7Ca,0,0,0,7241649.000
09-06-2020 04:45,ih0vzX44oOqAx2f,0,0,0,6366909.000
29-05-2020 12:45,zBIq5rxdHJRwDNY,11860.9,1156.45,4451.88,6446445.875
15-05-2020 14:30,VHMLBKoKgIrUVDU,6612.14,647.257,4800,7211208.000
06-06-2020 15:00,7JYdWkrLSPkdwr4,4010,393.812,5721.88,7769861.875
10-06-2020 18:45,ZnxXDlPa8U1GXgE,0,0,6438,6724210.000
27-05-2020 19:30,uHbuxQJl8lW7ozc,0,0,0,7135258.000
06-06-2020 02:30,1IF53ai7Xc0U56Y,0,0,0,6348557.000
20-05-2020 12:45,rGa61gmuvPhdLxV,12802.4,1248.26,5083.14,7148895.143
08-06-2020 22:30,sjndEbLyjtCKgGv,0,0,8371,7200925.000
25-05-2020 12:00,uHbuxQJl8lW7ozc,12545.4,1223.15,4204.75,7116056.750
17-06-2020 01:45,ZoEaEvLYb1n2sOq,0,0,0,7335882.000
27-05-2020 11:30,YxYtjZvoooNbGkE,12828.9,1250.81,3115.86,7272448.857
26-05-2020 02:15,WRmjgnKYAwPKWDb,0,0,0,7109996.000
13-06-2020 08:30,bvBOhCH3iADSZry,6447.14,631.557,656.714,6510435.714
16-06-2020 14:00,sjndEbLyjtCKgGv,6738.88,659.975,4623.62,7254162.625
07-06-2020 22:30,iCRJl6heRkivqQ3,0,0,8277,7356511.000
13-06-2020 04:30,adLQvlD726eNBSB,0,0,0,6488722.000
10-06-2020 12:45,zBIq5rxdHJRwDNY,11431.8,1115.33,3878.25,6535283.250
15-06-2020 19:15,ZnxXDlPa8U1GXgE,0,0,6757,6758504.000
17-06-2020 14:15,sjndEbLyjtCKgGv,6164.57,603.957,4800.86,7260594.857
07-06-2020 02:45,iCRJl6heRkivqQ3,0,0,0,7348234.000
18-05-2020 19:45,pkci93gMrogZuBj,0,0,5364,7194411.000
30-05-2020 10:30,1BY6WEcLGh8j5v7,5001.75,490.363,1306.25,6366680.250
11-06-2020 23:00,bvBOhCH3iADSZry,0,0,5197,6504407.000
28-05-2020 13:15,z9Y9gH1T5YWrNuG,11709.1,1142.44,5716.29,7109601.286
23-05-2020 16:30,YxYtjZvoooNbGkE,5492,538.312,8093.75,7244214.750
10-06-2020 19:00,ZnxXDlPa8U1GXgE,0,0,6438,6724210.000
22-05-2020 16:00,iCRJl6heRkivqQ3,3202.75,314.95,6828.12,7234270.125
04-06-2020 12:00,VHMLBKoKgIrUVDU,11685.8,1140.5,3621.88,7359282.875
06-06-2020 02:15,ih0vzX44oOqAx2f,0,0,0,6344476.000
15-05-2020 19:15,1BY6WEcLGh8j5v7,0,0,5754,6265313.000
15-05-2020 13:30,1IF53ai7Xc0U56Y,8212,803.725,3935.88,6187580.875
16-05-2020 11:15,iCRJl6heRkivqQ3,7477.29,732.071,2467.29,7186877.286
19-05-2020 01:30,ih0vzX44oOqAx2f,0,0,0,6210487.000
03-06-2020 13:30,adLQvlD726eNBSB,10372.2,1013.7,5006.5,6419282.500
10-06-2020 22:15,1IF53ai7Xc0U56Y,0,0,6598,6386620.000
18-05-2020 20:30,McdE0feGgRqW7Ca,0,0,5464,7185091.000
17-06-2020 12:15,1IF53ai7Xc0U56Y,13797.1,1345.24,3182.57,6430714.571
16-05-2020 13:45,adLQvlD726eNBSB,6833.29,669.229,4902.43,6282640.429
28-05-2020 00:15,ZoEaEvLYb1n2sOq,0,0,0,7193291.000
17-05-2020 14:15,uHbuxQJl8lW7ozc,6028,590.525,5716.12,7057055.125
26-05-2020 11:45,VHMLBKoKgIrUVDU,12073.7,1177.99,3924.14,7293449.143
17-05-2020 21:15,pkci93gMrogZuBj,0,0,7397,7189047.000
16-05-2020 09:45,1IF53ai7Xc0U56Y,8083,791.075,1397.88,6191399.875
23-05-2020 12:15,ih0vzX44oOqAx2f,13004.2,1267.95,4239.12,6244782.125
17-06-2020 05:45,iCRJl6heRkivqQ3,0,0,0,7420306.000
24-05-2020 09:00,ih0vzX44oOqAx2f,7957.12,778.8,949.5,6249887.500
02-06-2020 21:15,sjndEbLyjtCKgGv,0,0,7439,7155447.000
05-06-2020 23:45,rGa61gmuvPhdLxV,0,0,7741,7273090.000
08-06-2020 00:45,sjndEbLyjtCKgGv,0,0,0,7192554.000
26-05-2020 19:30,1IF53ai7Xc0U56Y,0,0,0,6274638.000
28-05-2020 11:30,sjndEbLyjtCKgGv,12926.7,1260.33,3508.43,7116073.429
29-05-2020 14:00,adLQvlD726eNBSB,6827.71,668.7,6133.43,6385142.429
14-06-2020 20:30,zBIq5rxdHJRwDNY,0,0,7315,6565137.000
08-06-2020 19:15,uHbuxQJl8lW7ozc,0,0,8405,7225554.000
25-05-2020 00:00,1IF53ai7Xc0U56Y,0,0,0,6257480.000
18-05-2020 16:45,ih0vzX44oOqAx2f,2910.25,285.65,5097,6210298.000
12-06-2020 22:30,ih0vzX44oOqAx2f,0,0,5710,6392263.000
25-05-2020 04:30,sjndEbLyjtCKgGv,0,0,0,7089351.000
18-05-2020 04:00,ZoEaEvLYb1n2sOq,0,0,0,7118208.000
29-05-2020 09:45,wCURE6d3bPkepu2,8460.71,827.743,1372.14,6889081.143
23-05-2020 11:15,3PZuoBAID5Wc2HD,12275,1197.41,3161,7047777.000
17-05-2020 11:00,zVJPv84UY57bAof,9471.88,924.925,2772.12,7131307.125
27-05-2020 10:45,1IF53ai7Xc0U56Y,9012.29,881.029,2436,6277074.000
18-05-2020 22:30,1IF53ai7Xc0U56Y,0,0,5453,6209806.000
11-06-2020 00:15,rGa61gmuvPhdLxV,0,0,0,7310769.000
05-06-2020 21:30,3PZuoBAID5Wc2HD,0,0,0,7152486.000
31-05-2020 22:15,ih0vzX44oOqAx2f,0,0,5965,6308232.000
11-06-2020 21:15,1IF53ai7Xc0U56Y,0,0,5704,6392324.000
20-05-2020 12:00,adLQvlD726eNBSB,12996.6,1267.51,4377,6308890.000
12-06-2020 18:00,rGa61gmuvPhdLxV,828.143,80.3571,5829.29,7322261.286
07-06-2020 19:45,1IF53ai7Xc0U56Y,0,0,8239,6363338.000
29-05-2020 14:15,ZoEaEvLYb1n2sOq,9511.12,929.862,6082.38,7207620.375
13-06-2020 10:15,zVJPv84UY57bAof,10050,981.163,2009.62,7330559.625
17-06-2020 09:45,adLQvlD726eNBSB,5954.75,583.475,1170,6519568.000
03-06-2020 03:45,1BY6WEcLGh8j5v7,0,0,0,6390468.000
07-06-2020 07:00,sjndEbLyjtCKgGv,1759.43,172.429,88,7185744.000
15-06-2020 14:30,1BY6WEcLGh8j5v7,8455.57,827.271,4988.71,6472663.714
01-06-2020 02:15,1BY6WEcLGh8j5v7,0,0,0,6377931.000
19-05-2020 16:15,ZoEaEvLYb1n2sOq,5311.57,520.743,6380.29,7129907.286
01-06-2020 20:00,3PZuoBAID5Wc2HD,0,0,5965,7121269.000
27-05-2020 22:00,z9Y9gH1T5YWrNuG,0,0,0,7103885.000
06-06-2020 18:00,McdE0feGgRqW7Ca,276,26.6,6479,7331160.000
14-06-2020 20:15,1BY6WEcLGh8j5v7,0,0,4012,6467675.000
23-05-2020 12:30,pkci93gMrogZuBj,12225.4,1193.04,4606.29,7229806.286
31-05-2020 17:45,McdE0feGgRqW7Ca,1061,103.125,6158.62,7286723.625
22-05-2020 13:00,adLQvlD726eNBSB,11439.5,1093.77,4435,6326008.000
15-05-2020 13:00,pkci93gMrogZuBj,5131.86,503.129,3674.14,7172776.143
26-05-2020 10:00,zVJPv84UY57bAof,10542.7,1030.51,1974.86,7199583.857
29-05-2020 10:45,pkci93gMrogZuBj,11443.4,1117.09,2457.88,7275715.875
06-06-2020 03:45,zVJPv84UY57bAof,0,0,0,7279090.000
04-06-2020 17:15,1BY6WEcLGh8j5v7,3499.12,343.975,7390.75,6405199.750
04-06-2020 06:15,WRmjgnKYAwPKWDb,394,38.0714,5.42857,7174632.429
15-05-2020 03:45,WRmjgnKYAwPKWDb,0,0,0,7028673.000
10-06-2020 09:00,z9Y9gH1T5YWrNuG,7211,706.1,865.375,7199918.375
09-06-2020 09:30,sjndEbLyjtCKgGv,8967.43,876.329,1485.57,7202410.571
16-06-2020 21:00,pkci93gMrogZuBj,0,0,6261,7409478.000
18-05-2020 09:45,ih0vzX44oOqAx2f,1537.5,150.238,583.875,6205784.875
05-06-2020 01:15,pkci93gMrogZuBj,0,0,0,7323691.000
19-05-2020 07:00,ih0vzX44oOqAx2f,2423.75,237.7,52.5,6210539.500
05-06-2020 12:30,z9Y9gH1T5YWrNuG,3578.14,351.7,3881.14,7167143.143
04-06-2020 02:00,YxYtjZvoooNbGkE,0,0,0,7326756.000
22-05-2020 22:45,YxYtjZvoooNbGkE,0,0,0,7236121.000
30-05-2020 00:30,zVJPv84UY57bAof,0,0,0,7228687.000
18-05-2020 13:45,VHMLBKoKgIrUVDU,13382.8,1304.83,3285.88,7230382.875
02-06-2020 22:00,ZnxXDlPa8U1GXgE,0,0,0,6662968.000
10-06-2020 15:45,ih0vzX44oOqAx2f,3712.88,364.913,5650.25,6380405.250
14-06-2020 05:30,uHbuxQJl8lW7ozc,0,0,0,7260531.000
13-06-2020 22:30,uHbuxQJl8lW7ozc,0,0,8437,7260531.000
19-05-2020 22:15,7JYdWkrLSPkdwr4,0,0,6836,7635208.000
10-06-2020 06:30,VHMLBKoKgIrUVDU,935.25,90.8125,22.75,7402838.750
20-05-2020 07:45,z9Y9gH1T5YWrNuG,4241.86,416.671,279.857,7040744.857
04-06-2020 09:15,uHbuxQJl8lW7ozc,7413.57,725.729,1077.14,7187332.143
09-06-2020 10:45,McdE0feGgRqW7Ca,12434.8,1212.72,2752.12,7349534.125
03-06-2020 05:45,rGa61gmuvPhdLxV,0,0,0,7249330.000
31-05-2020 19:45,wCURE6d3bPkepu2,0,0,6247,6909405.000
30-05-2020 13:00,iCRJl6heRkivqQ3,9011.57,881.129,3662.57,7294915.571
11-06-2020 22:15,rGa61gmuvPhdLxV,0,0,5663,7316432.000
10-06-2020 03:15,z9Y9gH1T5YWrNuG,0,0,0,7199053.000
05-06-2020 20:30,WRmjgnKYAwPKWDb,0,0,0,7190270.000
17-05-2020 22:15,iCRJl6heRkivqQ3,0,0,7519,7198367.000
15-05-2020 11:00,ZoEaEvLYb1n2sOq,7970.88,779.337,1983.38,7100082.375
31-05-2020 21:00,uHbuxQJl8lW7ozc,0,0,6081,7165353.000
03-06-2020 17:00,uHbuxQJl8lW7ozc,5765.25,565,7601.12,7186006.125
15-05-2020 14:45,7JYdWkrLSPkdwr4,6871.71,672.271,4843.29,7607803.286
16-06-2020 02:45,rGa61gmuvPhdLxV,0,0,0,7344704.000
06-06-2020 08:15,adLQvlD726eNBSB,5444.14,533.686,670.714,6439098.714
17-05-2020 10:00,uHbuxQJl8lW7ozc,9375.38,916.938,1811.75,7053150.750
13-06-2020 15:45,YxYtjZvoooNbGkE,6113.71,599.071,7763,7398822.000
05-06-2020 15:30,YxYtjZvoooNbGkE,3612,354.029,6312.29,7341198.286
06-06-2020 07:00,uHbuxQJl8lW7ozc,2634.62,258.475,92.875,7202465.875
16-05-2020 20:15,iCRJl6heRkivqQ3,0,0,6438,7190848.000
12-06-2020 14:30,rGa61gmuvPhdLxV,6369,623.925,4613.38,7321045.375
15-05-2020 19:45,bvBOhCH3iADSZry,0,0,5707,6322510.000
06-06-2020 11:15,adLQvlD726eNBSB,11898.6,1160.94,3069.14,6441497.143
29-05-2020 10:15,bvBOhCH3iADSZry,11125.4,1085.49,1676,6415261.000
26-05-2020 06:00,ZoEaEvLYb1n2sOq,121.125,11.675,0.75,7178914.750
07-06-2020 11:30,sjndEbLyjtCKgGv,11601.9,1132.42,3078,7188734.000
05-06-2020 12:30,McdE0feGgRqW7Ca,3674.29,361.157,3961,7320722.000
06-06-2020 12:45,zBIq5rxdHJRwDNY,10009.6,977.612,4115.62,6504417.625
08-06-2020 22:30,wCURE6d3bPkepu2,0,0,8443,6967970.000
06-06-2020 14:45,z9Y9gH1T5YWrNuG,2411.86,236.5,5630,7176631.000
03-06-2020 23:00,WRmjgnKYAwPKWDb,0,0,7710,7174627.000
26-05-2020 06:45,iCRJl6heRkivqQ3,1164.71,113.257,42.7143,7260172.714
06-06-2020 22:30,McdE0feGgRqW7Ca,0,0,0,7331160.000
16-06-2020 10:30,ih0vzX44oOqAx2f,8404.57,822.457,2099.29,6416346.286
04-06-2020 06:30,WRmjgnKYAwPKWDb,766.25,74.3375,19.25,7174646.250
21-05-2020 19:45,bvBOhCH3iADSZry,0,0,7110,6362148.000
18-05-2020 04:30,z9Y9gH1T5YWrNuG,0,0,0,7028226.000
24-05-2020 21:15,wCURE6d3bPkepu2,0,0,7961,6855791.000
17-05-2020 03:45,1IF53ai7Xc0U56Y,0,0,0,6196594.000
08-06-2020 17:00,zBIq5rxdHJRwDNY,3351.29,328.886,8146.86,6523057.857
09-06-2020 13:00,ZoEaEvLYb1n2sOq,10233,999.314,4843,7286567.000
02-06-2020 00:45,z9Y9gH1T5YWrNuG,0,0,0,7139828.000
10-06-2020 14:15,zBIq5rxdHJRwDNY,9813.38,959.612,5262.38,6536667.375
18-05-2020 19:45,z9Y9gH1T5YWrNuG,0,0,5347,7033573.000
30-05-2020 12:15,zVJPv84UY57bAof,9276.71,906.6,2866.29,7231553.286
12-06-2020 05:45,7JYdWkrLSPkdwr4,0,0,0,7806664.000
29-05-2020 11:45,iCRJl6heRkivqQ3,12758.6,1244.49,3538.5,7286575.500
17-06-2020 19:00,pkci93gMrogZuBj,0,0,5952,7415430.000
21-05-2020 09:30,z9Y9gH1T5YWrNuG,9803.62,958.675,1428.25,7050689.250
24-05-2020 17:00,VHMLBKoKgIrUVDU,3949.43,388.071,7977.57,7280309.571
28-05-2020 21:00,bvBOhCH3iADSZry,0,0,7752,6413585.000
14-06-2020 14:45,sjndEbLyjtCKgGv,6511.86,637.871,5944,7241448.000
20-05-2020 20:15,rGa61gmuvPhdLxV,0,0,8821,7152633.000
22-05-2020 09:00,uHbuxQJl8lW7ozc,4876.5,478.312,860.875,7088836.875
11-06-2020 13:45,bvBOhCH3iADSZry,5750.62,563.575,3238.5,6502448.500
27-05-2020 07:15,7JYdWkrLSPkdwr4,2063.71,202.186,141.714,7692053.714
10-06-2020 00:15,WRmjgnKYAwPKWDb,0,0,0,7220978.000
30-05-2020 16:00,1IF53ai7Xc0U56Y,6679,654.214,6679.57,6304890.571
16-06-2020 22:30,1BY6WEcLGh8j5v7,0,0,5848,6479798.000
06-06-2020 02:15,iCRJl6heRkivqQ3,0,0,0,7341803.000
15-05-2020 05:30,VHMLBKoKgIrUVDU,0,0,0,7206408.000
29-05-2020 14:00,zVJPv84UY57bAof,6599.14,646.414,6010.43,7226483.429
22-05-2020 23:45,uHbuxQJl8lW7ozc,0,0,0,7095253.000
03-06-2020 05:45,ih0vzX44oOqAx2f,0,0,0,6321311.000
28-05-2020 14:15,ZoEaEvLYb1n2sOq,5491.14,538.314,6386.86,7199677.857
18-05-2020 11:00,WRmjgnKYAwPKWDb,6419.57,628.886,1007,7050111.000
15-06-2020 02:45,pkci93gMrogZuBj,0,0,0,7396422.000
19-05-2020 04:00,adLQvlD726eNBSB,0,0,0,6297816.000
16-05-2020 22:45,3PZuoBAID5Wc2HD,0,0,6656,7000689.000
30-05-2020 08:15,sjndEbLyjtCKgGv,4170,409.571,377.429,7129406.429
26-05-2020 22:30,adLQvlD726eNBSB,0,0,0,6363516.000
09-06-2020 20:45,VHMLBKoKgIrUVDU,0,0,8120,7402816.000
14-06-2020 10:00,adLQvlD726eNBSB,8624.88,843.862,1744.62,6499240.625
26-05-2020 17:00,z9Y9gH1T5YWrNuG,4339,425.486,7636.14,7097076.143
03-06-2020 08:15,sjndEbLyjtCKgGv,4480.25,439.875,440.25,7155887.250
17-05-2020 09:00,ZoEaEvLYb1n2sOq,7602.25,744.25,953,7111697.000
02-06-2020 11:45,uHbuxQJl8lW7ozc,6346.71,621.8,3269.86,7174211.857
07-06-2020 07:45,bvBOhCH3iADSZry,2289.88,224.512,216,6473340.000
19-05-2020 00:45,3PZuoBAID5Wc2HD,0,0,0,7013918.000
02-06-2020 03:00,ih0vzX44oOqAx2f,0,0,0,6313983.000
31-05-2020 14:30,zBIq5rxdHJRwDNY,2301.14,225.614,5182,6462483.000
19-05-2020 02:45,zVJPv84UY57bAof,0,0,0,7141405.000
11-06-2020 23:30,1IF53ai7Xc0U56Y,0,0,5704,6392324.000
16-06-2020 16:15,z9Y9gH1T5YWrNuG,3479.25,341.8,5860.25,7245044.250
15-05-2020 06:15,bvBOhCH3iADSZry,279.625,27.0125,3,6316806.000
10-06-2020 00:30,WRmjgnKYAwPKWDb,0,0,0,7220978.000
04-06-2020 15:45,z9Y9gH1T5YWrNuG,8456.57,827.443,7100.57,7162213.571
31-05-2020 06:15,zVJPv84UY57bAof,458.571,44.3571,6.71429,7235983.714
20-05-2020 09:15,ZoEaEvLYb1n2sOq,8286.29,810.886,1212.71,7131544.714
17-05-2020 14:45,rGa61gmuvPhdLxV,8505.38,831.438,5964.38,7130063.375
19-05-2020 09:15,ZoEaEvLYb1n2sOq,6607.5,647.225,795.625,7124322.625
19-05-2020 01:15,uHbuxQJl8lW7ozc,0,0,0,7064201.000
04-06-2020 15:45,VHMLBKoKgIrUVDU,7417.62,726.237,7146.5,7362807.500
15-05-2020 10:30,ZoEaEvLYb1n2sOq,6197.88,606.788,1692.62,7099791.625
29-05-2020 10:45,ZoEaEvLYb1n2sOq,11282.5,1101.89,2395.75,7203933.750
14-06-2020 02:30,adLQvlD726eNBSB,0,0,0,6497496.000
16-05-2020 09:30,adLQvlD726eNBSB,6174.43,604.943,1242,6278980.000
16-06-2020 04:30,WRmjgnKYAwPKWDb,0,0,0,7261315.000
03-06-2020 02:00,ZoEaEvLYb1n2sOq,0,0,0,7235727.000
13-06-2020 01:15,sjndEbLyjtCKgGv,0,0,0,7227101.000
30-05-2020 22:45,wCURE6d3bPkepu2,0,0,7278,6903158.000
23-05-2020 15:15,z9Y9gH1T5YWrNuG,8575.29,839.1,7210.29,7071429.286
04-06-2020 02:30,3PZuoBAID5Wc2HD,0,0,0,7136488.000
20-05-2020 22:30,z9Y9gH1T5YWrNuG,0,0,8796,7049261.000
27-05-2020 18:00,1IF53ai7Xc0U56Y,307.875,29.7375,6816.38,6281454.375
29-05-2020 15:30,wCURE6d3bPkepu2,6817.71,667.771,7183.86,6894892.857
30-05-2020 19:45,wCURE6d3bPkepu2,0,0,7278,6903158.000
03-06-2020 23:45,ZnxXDlPa8U1GXgE,0,0,7916,6670884.000
12-06-2020 11:15,wCURE6d3bPkepu2,8174.38,800.038,1907.12,6989961.125
18-05-2020 16:15,bvBOhCH3iADSZry,3827.71,376.157,4629.29,6340205.286
10-06-2020 07:00,iCRJl6heRkivqQ3,1982.29,194.343,88.1429,7373308.143
16-06-2020 04:30,1BY6WEcLGh8j5v7,0,0,0,6473950.000
27-05-2020 11:00,McdE0feGgRqW7Ca,8128.62,795.413,2616.5,7252176.500
14-06-2020 01:30,7JYdWkrLSPkdwr4,0,0,0,7820852.000
12-06-2020 22:15,WRmjgnKYAwPKWDb,0,0,5794,7238780.000
02-06-2020 11:45,zBIq5rxdHJRwDNY,6241.43,611.514,3214.43,6472247.429
24-05-2020 16:30,bvBOhCH3iADSZry,3356,329.129,7068.86,6383840.857
18-05-2020 03:30,VHMLBKoKgIrUVDU,0,0,0,7227097.000
16-05-2020 12:00,McdE0feGgRqW7Ca,8935.86,874.086,3107.86,7168542.857
08-06-2020 13:00,VHMLBKoKgIrUVDU,8871.43,866.971,5106.71,7391314.714
01-06-2020 10:00,7JYdWkrLSPkdwr4,8032.62,785.837,1795.88,7729616.875
27-05-2020 22:30,McdE0feGgRqW7Ca,0,0,0,7256389.000
23-05-2020 04:15,zBIq5rxdHJRwDNY,0,0,0,6395807.000
21-05-2020 08:00,7JYdWkrLSPkdwr4,5006.8,490.86,316.8,7644368.200
08-06-2020 00:00,ZoEaEvLYb1n2sOq,0,0,0,7273453.000
16-05-2020 14:45,WRmjgnKYAwPKWDb,7123.43,697.543,5576,7040391.000
12-06-2020 10:00,sjndEbLyjtCKgGv,5867.12,574.913,1056.88,7222310.875
26-05-2020 17:15,pkci93gMrogZuBj,1071.5,104.287,7727.12,7258246.125
30-05-2020 01:00,pkci93gMrogZuBj,0,0,0,7281535.000
02-06-2020 12:30,zBIq5rxdHJRwDNY,8787.38,859.3,3825.12,6472858.125
03-06-2020 21:00,pkci93gMrogZuBj,0,0,7786,7315436.000
02-06-2020 00:15,WRmjgnKYAwPKWDb,0,0,0,7159700.000
13-06-2020 05:45,zVJPv84UY57bAof,0,0,0,7328550.000
01-06-2020 10:45,ZnxXDlPa8U1GXgE,11202.1,1093.5,2525.57,6652050.571
15-06-2020 00:45,McdE0feGgRqW7Ca,0,0,0,7389358.000
04-06-2020 23:00,zVJPv84UY57bAof,0,0,0,7271273.000
14-06-2020 08:15,wCURE6d3bPkepu2,3557.71,349.529,512.143,7002881.143
08-06-2020 06:00,zVJPv84UY57bAof,96.75,9.3375,0.25,7293790.250
24-05-2020 19:30,sjndEbLyjtCKgGv,0,0,7902,7089351.000
01-06-2020 12:00,YxYtjZvoooNbGkE,4894.88,480.087,3640.62,7309379.625
13-06-2020 22:45,iCRJl6heRkivqQ3,0,0,8496,7399855.000
07-06-2020 13:15,sjndEbLyjtCKgGv,0,0,4526,7190182.000
29-05-2020 06:45,uHbuxQJl8lW7ozc,1541.29,150.6,48.8571,7143680.857
31-05-2020 22:15,1BY6WEcLGh8j5v7,0,0,5803,6377931.000
18-05-2020 10:00,YxYtjZvoooNbGkE,1750,171.537,625.125,7200854.125
30-05-2020 21:30,pkci93gMrogZuBj,0,0,7341,7288876.000
26-05-2020 01:45,1BY6WEcLGh8j5v7,0,0,0,6336208.000
27-05-2020 02:45,7JYdWkrLSPkdwr4,0,0,0,7691912.000
29-05-2020 17:15,3PZuoBAID5Wc2HD,2335.29,228.971,8116.43,7102095.429
28-05-2020 11:15,3PZuoBAID5Wc2HD,12856,1253.47,3427.88,7088878.875
21-05-2020 15:00,3PZuoBAID5Wc2HD,9430.86,922.029,6821.71,7036315.714
16-06-2020 14:45,3PZuoBAID5Wc2HD,7340.75,718.45,5251.5,7230293.500
03-06-2020 07:30,YxYtjZvoooNbGkE,2788.38,273.5,168.75,7319097.750
12-06-2020 00:00,sjndEbLyjtCKgGv,0,0,0,7221254.000
05-06-2020 04:00,ZnxXDlPa8U1GXgE,0,0,0,6679062.000
11-06-2020 09:30,YxYtjZvoooNbGkE,4421.75,434.25,695.5,7380382.500
31-05-2020 14:30,1BY6WEcLGh8j5v7,1868.14,182.857,5109,6377237.000
11-06-2020 16:45,iCRJl6heRkivqQ3,3187.57,313.329,5460.86,7385239.857
30-05-2020 01:15,ih0vzX44oOqAx2f,0,0,0,6295121.000
07-06-2020 12:15,iCRJl6heRkivqQ3,13305.1,1297.24,3980.71,7352214.714
17-05-2020 21:00,7JYdWkrLSPkdwr4,0,0,7526,7623063.000
13-06-2020 22:30,sjndEbLyjtCKgGv,0,0,8403,7235504.000
11-06-2020 01:45,3PZuoBAID5Wc2HD,0,0,0,7190469.000
11-06-2020 05:30,sjndEbLyjtCKgGv,0,0,0,7215600.000
04-06-2020 10:45,7JYdWkrLSPkdwr4,11254.6,1098.11,2319.25,7750941.250
15-05-2020 19:00,uHbuxQJl8lW7ozc,0,0,6387,7045068.000
03-06-2020 14:15,3PZuoBAID5Wc2HD,9945.25,972.087,5726.12,7134340.125
04-06-2020 19:45,7JYdWkrLSPkdwr4,0,0,7999,7756621.000
24-05-2020 20:00,VHMLBKoKgIrUVDU,0,0,8180,7280512.000
02-06-2020 09:45,1IF53ai7Xc0U56Y,10530.5,1028.42,1597.88,6319041.875
23-05-2020 01:00,sjndEbLyjtCKgGv,0,0,0,7072962.000
16-06-2020 21:45,uHbuxQJl8lW7ozc,0,0,6292,7281035.000
08-06-2020 01:30,rGa61gmuvPhdLxV,0,0,0,7287673.000
28-05-2020 06:15,sjndEbLyjtCKgGv,410,39.6429,6.57143,7112571.571
03-06-2020 01:30,YxYtjZvoooNbGkE,0,0,0,7318929.000
13-06-2020 06:00,McdE0feGgRqW7Ca,84.1429,8.12857,0.285714,7373328.286
07-06-2020 01:45,wCURE6d3bPkepu2,0,0,0,6953094.000
16-06-2020 14:30,zBIq5rxdHJRwDNY,9366.38,915.55,4409.5,6576242.500
22-05-2020 10:15,1BY6WEcLGh8j5v7,11312.3,1103.53,1563.86,6307152.857
04-06-2020 14:45,iCRJl6heRkivqQ3,11287.4,1101.56,6279.25,7331975.250
07-06-2020 15:45,McdE0feGgRqW7Ca,6425.75,629.2,6134.12,7337294.125
30-05-2020 22:45,pkci93gMrogZuBj,0,0,7341,7288876.000
06-06-2020 11:00,VHMLBKoKgIrUVDU,9878.86,964.814,2708,7374262.000
15-05-2020 07:45,3PZuoBAID5Wc2HD,2122.86,208.114,231.286,6987990.286
15-06-2020 14:45,1BY6WEcLGh8j5v7,6677.75,653.9,5179.75,6472854.750
25-05-2020 23:15,zVJPv84UY57bAof,0,0,8813,7197609.000
05-06-2020 14:30,7JYdWkrLSPkdwr4,10992.8,1073.58,5494,7762115.000
12-06-2020 20:15,iCRJl6heRkivqQ3,0,0,5888,7391359.000
29-05-2020 10:45,zBIq5rxdHJRwDNY,10876.4,1062.99,2309.5,6444303.500
02-06-2020 14:00,rGa61gmuvPhdLxV,6812.5,667.212,5420.12,7247389.125
16-05-2020 08:15,iCRJl6heRkivqQ3,4719.57,462.857,436.143,7184846.143
03-06-2020 10:00,ZoEaEvLYb1n2sOq,5817.57,570.086,1381,7237108.000
03-06-2020 08:15,iCRJl6heRkivqQ3,4457.86,437.714,446.571,7318259.571
29-05-2020 17:30,VHMLBKoKgIrUVDU,1262.25,122.9,8121,7321008.000
22-05-2020 09:30,pkci93gMrogZuBj,6679.5,654.237,1129,7219105.000
04-06-2020 07:45,z9Y9gH1T5YWrNuG,3430.43,336.443,256.429,7155369.429
31-05-2020 05:00,McdE0feGgRqW7Ca,0,0,0,7280565.000
19-05-2020 15:45,z9Y9gH1T5YWrNuG,5458.29,535.086,6163.14,7039736.143
20-05-2020 19:30,uHbuxQJl8lW7ozc,0,0,8913,7080111.000
05-06-2020 01:15,bvBOhCH3iADSZry,0,0,0,6460186.000
02-06-2020 17:15,adLQvlD726eNBSB,1594.75,155.863,7382,6414213.000
08-06-2020 01:45,WRmjgnKYAwPKWDb,0,0,0,7204682.000
06-06-2020 00:45,ZoEaEvLYb1n2sOq,0,0,0,7259075.000
19-05-2020 23:00,zBIq5rxdHJRwDNY,0,0,6924,6371971.000
05-06-2020 11:30,z9Y9gH1T5YWrNuG,11552.4,1127.41,3110.38,7166372.375
05-06-2020 08:15,sjndEbLyjtCKgGv,3954.71,387.5,375.429,7171893.429
08-06-2020 12:15,z9Y9gH1T5YWrNuG,7321,716.743,4180.57,7187811.571
12-06-2020 16:15,rGa61gmuvPhdLxV,2729.5,267.725,5459.38,7321891.375
15-06-2020 03:00,WRmjgnKYAwPKWDb,0,0,0,7254584.000
23-05-2020 11:30,1BY6WEcLGh8j5v7,12360,1205.1,3119.43,6315556.429
11-06-2020 19:30,bvBOhCH3iADSZry,0,0,5197,6504407.000
02-06-2020 17:30,zVJPv84UY57bAof,944.286,91.7143,7407,7255173.000
23-05-2020 23:45,ZoEaEvLYb1n2sOq,0,0,8471,7162184.000
17-05-2020 21:00,rGa61gmuvPhdLxV,0,0,7438,7131537.000
27-05-2020 09:15,z9Y9gH1T5YWrNuG,9430.25,922.337,1236.75,7098419.750
20-05-2020 12:15,1IF53ai7Xc0U56Y,13076.9,1274.99,4638.14,6221068.143
10-06-2020 02:30,ih0vzX44oOqAx2f,0,0,0,6374755.000
17-06-2020 04:15,3PZuoBAID5Wc2HD,0,0,0,7231373.000
23-05-2020 08:15,3PZuoBAID5Wc2HD,6992.75,684.7,483.375,7045099.375
25-05-2020 17:30,YxYtjZvoooNbGkE,704.571,68.2857,8776.43,7261427.429
04-06-2020 01:45,3PZuoBAID5Wc2HD,0,0,0,7136488.000
16-05-2020 20:45,wCURE6d3bPkepu2,0,0,6543,6795470.000
30-05-2020 06:45,3PZuoBAID5Wc2HD,1228,119.45,41,7102230.000
01-06-2020 06:00,YxYtjZvoooNbGkE,87.75,8.475,0.125,7305739.125
30-05-2020 02:30,ih0vzX44oOqAx2f,0,0,0,6295121.000
01-06-2020 09:45,WRmjgnKYAwPKWDb,8453.71,826.314,1634.86,7155500.857
15-06-2020 15:45,pkci93gMrogZuBj,5901.14,578,6226.86,7402648.857
13-06-2020 22:30,bvBOhCH3iADSZry,0,0,7863,6517642.000
28-05-2020 18:00,rGa61gmuvPhdLxV,488,47.1875,8250.75,7214799.750
12-06-2020 08:30,YxYtjZvoooNbGkE,3137.71,308.457,280.143,7385559.143
15-05-2020 03:15,wCURE6d3bPkepu2,0,0,0,6782598.000
15-06-2020 09:00,uHbuxQJl8lW7ozc,7090,694.114,1100.29,7268937.286
07-06-2020 02:30,7JYdWkrLSPkdwr4,0,0,0,7770457.000
29-05-2020 21:30,McdE0feGgRqW7Ca,0,0,0,7273213.000
27-05-2020 23:15,WRmjgnKYAwPKWDb,0,0,6658,7124538.000
22-05-2020 15:45,rGa61gmuvPhdLxV,3850.71,377.914,6380.86,7166779.857
29-05-2020 11:00,sjndEbLyjtCKgGv,11704.7,1141.63,2691.14,7123594.143
17-06-2020 08:00,1IF53ai7Xc0U56Y,3535.86,347.586,311.429,6427843.429
12-06-2020 00:30,WRmjgnKYAwPKWDb,0,0,0,7232986.000
25-05-2020 00:45,rGa61gmuvPhdLxV,0,0,0,7183295.000
18-05-2020 11:00,wCURE6d3bPkepu2,6426,629.525,1003.75,6804003.750
24-05-2020 01:45,uHbuxQJl8lW7ozc,0,0,0,7103746.000
15-05-2020 16:30,WRmjgnKYAwPKWDb,4358.88,428.038,5862.62,7034535.625
01-06-2020 14:15,wCURE6d3bPkepu2,3200.38,313.738,5231.38,6914636.375
14-06-2020 06:45,pkci93gMrogZuBj,1060.88,103.1,37.75,7389198.750
08-06-2020 00:30,3PZuoBAID5Wc2HD,0,0,0,7167224.000
10-06-2020 08:45,pkci93gMrogZuBj,6544.86,641.171,681.571,7363397.571
01-06-2020 11:00,z9Y9gH1T5YWrNuG,9428.25,920.725,2748.12,7136645.125
31-05-2020 15:15,uHbuxQJl8lW7ozc,2150,210.775,5500.12,7164772.125
19-05-2020 20:45,zBIq5rxdHJRwDNY,0,0,6924,6371971.000
31-05-2020 05:15,1IF53ai7Xc0U56Y,0,0,0,6305543.000
06-06-2020 04:45,VHMLBKoKgIrUVDU,0,0,0,7371554.000
09-06-2020 16:45,1IF53ai7Xc0U56Y,4098,402.629,7878.14,6379711.143
21-05-2020 16:45,McdE0feGgRqW7Ca,2442.57,239.614,7887.14,7208949.143
01-06-2020 00:15,7JYdWkrLSPkdwr4,0,0,0,7727821.000
18-05-2020 10:00,7JYdWkrLSPkdwr4,1747.62,171.287,626.75,7623689.750
10-06-2020 05:30,ZoEaEvLYb1n2sOq,0,0,0,7289679.000
07-06-2020 23:00,zVJPv84UY57bAof,0,0,8260,7293790.000
03-06-2020 07:45,pkci93gMrogZuBj,3303,324.757,242,7307892.000
16-06-2020 18:30,pkci93gMrogZuBj,65.125,6.2875,6260.5,7409477.500
06-06-2020 16:00,7JYdWkrLSPkdwr4,2647.88,259.75,6118.5,7770258.500
03-06-2020 12:00,YxYtjZvoooNbGkE,9355.71,915.057,3261.14,7322190.143
27-05-2020 03:00,wCURE6d3bPkepu2,0,0,0,6872485.000
21-05-2020 17:45,pkci93gMrogZuBj,438.857,42.4286,7762.43,7217960.429
31-05-2020 21:30,adLQvlD726eNBSB,0,0,5933,6400704.000
04-06-2020 13:45,ZnxXDlPa8U1GXgE,11179.3,1091.19,5387.57,6676271.571
17-06-2020 08:15,sjndEbLyjtCKgGv,3788.88,372.363,384.5,7256178.500
14-06-2020 11:15,3PZuoBAID5Wc2HD,9893,966.971,2941.29,7213660.286
05-06-2020 15:15,YxYtjZvoooNbGkE,8163,797.987,6195.5,7341081.500
12-06-2020 11:30,3PZuoBAID5Wc2HD,9749.57,953.057,2208.14,7198394.143
06-06-2020 09:00,3PZuoBAID5Wc2HD,3819.29,375.186,1104.29,7153590.286
14-06-2020 11:00,YxYtjZvoooNbGkE,9039.62,883.663,2561.88,7402000.875
21-05-2020 12:00,zVJPv84UY57bAof,11076.4,1081.2,3893.29,7161072.286
11-06-2020 17:30,rGa61gmuvPhdLxV,1445.25,140.938,5596.62,7316365.625
07-06-2020 03:30,zVJPv84UY57bAof,0,0,0,7285530.000
17-06-2020 21:45,1BY6WEcLGh8j5v7,0,0,5521,6485319.000
15-05-2020 12:30,sjndEbLyjtCKgGv,8004.71,782.557,3254.29,7020086.286
16-05-2020 10:45,zBIq5rxdHJRwDNY,8408.14,822.686,2075.29,6347851.286
02-06-2020 00:15,pkci93gMrogZuBj,0,0,0,7300300.000
28-05-2020 01:15,ZoEaEvLYb1n2sOq,0,0,0,7193291.000
27-05-2020 03:30,adLQvlD726eNBSB,0,0,0,6363516.000
25-05-2020 23:00,1BY6WEcLGh8j5v7,0,0,8268,6336208.000
01-06-2020 15:30,rGa61gmuvPhdLxV,1796.86,176.114,5292.71,7241624.714
11-06-2020 01:00,uHbuxQJl8lW7ozc,0,0,0,7240508.000
14-06-2020 01:45,ih0vzX44oOqAx2f,0,0,0,6400518.000
15-06-2020 07:45,pkci93gMrogZuBj,3723,365.657,267.714,7396689.714
22-05-2020 01:30,VHMLBKoKgIrUVDU,0,0,0,7256361.000
09-06-2020 19:45,bvBOhCH3iADSZry,0,0,7361,6493347.000
21-05-2020 14:30,7JYdWkrLSPkdwr4,6727.88,658.725,6290.38,7650270.375
16-06-2020 10:45,wCURE6d3bPkepu2,9721.75,950.138,2348.62,7018792.625
09-06-2020 17:45,WRmjgnKYAwPKWDb,1373,133.863,7928.12,7220929.125
14-06-2020 11:30,zVJPv84UY57bAof,9458.75,924.663,3055,7340015.000
17-06-2020 08:45,pkci93gMrogZuBj,3929.25,386.087,572.75,7410050.750
22-05-2020 11:00,7JYdWkrLSPkdwr4,7267.62,711.075,2200.62,7653835.625
29-05-2020 12:00,YxYtjZvoooNbGkE,12069.4,1177.56,3753,7288157.000
19-05-2020 07:00,bvBOhCH3iADSZry,2285.25,224.075,45.875,6340583.875
07-06-2020 20:00,1IF53ai7Xc0U56Y,0,0,8239,6363338.000
30-05-2020 06:00,wCURE6d3bPkepu2,81.625,7.8875,0,6895880.000
28-05-2020 00:45,3PZuoBAID5Wc2HD,0,0,0,7085451.000
16-06-2020 09:00,rGa61gmuvPhdLxV,5834.62,571.763,875.625,7345579.625
11-06-2020 22:00,WRmjgnKYAwPKWDb,0,0,5619,7232986.000
05-06-2020 14:45,adLQvlD726eNBSB,10955.2,1070.61,6059.25,6436640.250
16-06-2020 12:15,rGa61gmuvPhdLxV,6401.38,627.112,3417.25,7348121.250
06-06-2020 20:30,wCURE6d3bPkepu2,0,0,0,6953094.000
10-06-2020 22:15,McdE0feGgRqW7Ca,0,0,6606,7361623.000
09-06-2020 14:15,pkci93gMrogZuBj,6983.29,683.843,6060.86,7360536.857
05-06-2020 06:00,iCRJl6heRkivqQ3,95,9.1625,0.125,7334000.125
10-06-2020 02:00,1IF53ai7Xc0U56Y,0,0,0,6380022.000
30-05-2020 21:45,ZoEaEvLYb1n2sOq,0,0,7248,7216848.000
29-05-2020 07:45,iCRJl6heRkivqQ3,2719.86,266.786,253.286,7283290.286
05-06-2020 19:45,3PZuoBAID5Wc2HD,0,0,0,7152486.000
07-06-2020 01:45,3PZuoBAID5Wc2HD,0,0,0,7158982.000
02-06-2020 00:00,ZnxXDlPa8U1GXgE,0,0,0,6655443.000
11-06-2020 07:00,zBIq5rxdHJRwDNY,786,76.25,33,6537936.000
14-06-2020 22:00,1BY6WEcLGh8j5v7,0,0,4012,6467675.000
15-05-2020 09:15,wCURE6d3bPkepu2,5680,556.675,909.625,6783507.625
24-05-2020 06:45,zBIq5rxdHJRwDNY,1138.29,110.657,42.4286,6404523.429
10-06-2020 23:00,ZoEaEvLYb1n2sOq,0,0,6392,7296071.000
11-06-2020 01:00,bvBOhCH3iADSZry,0,0,0,6499210.000
11-06-2020 11:15,zVJPv84UY57bAof,7905.29,773.843,1711.86,7318727.857
26-05-2020 01:30,McdE0feGgRqW7Ca,0,0,0,7241649.000
03-06-2020 07:30,zBIq5rxdHJRwDNY,2788.25,273.475,168.875,6476622.875
12-06-2020 00:45,pkci93gMrogZuBj,0,0,0,7374956.000
18-05-2020 22:00,VHMLBKoKgIrUVDU,0,0,5457,7232554.000
20-05-2020 03:45,ZoEaEvLYb1n2sOq,0,0,0,7130332.000
15-06-2020 04:45,bvBOhCH3iADSZry,0,0,0,6521600.000
06-06-2020 22:30,iCRJl6heRkivqQ3,0,0,0,7348234.000
28-05-2020 10:15,ZoEaEvLYb1n2sOq,10847.4,1059.63,2204.86,7195495.857
13-06-2020 12:30,adLQvlD726eNBSB,13579.1,1324.31,5002.71,6493724.714
17-05-2020 10:45,3PZuoBAID5Wc2HD,11162.1,1088.99,2691.88,7003380.875
11-06-2020 01:00,sjndEbLyjtCKgGv,0,0,0,7215600.000
29-05-2020 20:15,rGa61gmuvPhdLxV,0,0,0,7223074.000
14-06-2020 06:45,3PZuoBAID5Wc2HD,1106.86,107.614,38.7143,7210757.714
24-05-2020 19:45,VHMLBKoKgIrUVDU,0,0,8180,7280512.000
15-05-2020 14:30,sjndEbLyjtCKgGv,6043.12,591.788,4907.75,7021739.750
15-06-2020 05:00,adLQvlD726eNBSB,0,0,0,6505086.000
25-05-2020 13:00,z9Y9gH1T5YWrNuG,12353,1204.42,5460.5,7086098.500
19-05-2020 23:45,iCRJl6heRkivqQ3,0,0,6951,7210718.000
05-06-2020 20:30,pkci93gMrogZuBj,0,0,7796,7331487.000
23-05-2020 16:45,3PZuoBAID5Wc2HD,3866.25,379.938,8331.75,7052947.750
15-05-2020 17:00,ih0vzX44oOqAx2f,2350.12,230.525,6047,6191232.429
12-06-2020 11:30,McdE0feGgRqW7Ca,10813.1,1056.27,2180,7369553.000
16-06-2020 14:30,ZnxXDlPa8U1GXgE,9586.5,936.425,4973.5,6763477.500
07-06-2020 21:45,zVJPv84UY57bAof,0,0,8260,7293790.000
12-06-2020 21:30,7JYdWkrLSPkdwr4,0,0,5753,7812417.000
12-06-2020 06:45,zBIq5rxdHJRwDNY,696.5,67.5,20.625,6543570.625
09-06-2020 02:30,1BY6WEcLGh8j5v7,0,0,0,6431614.000
07-06-2020 17:15,ih0vzX44oOqAx2f,3350,329.15,7870.88,6358543.875
03-06-2020 19:30,1BY6WEcLGh8j5v7,0,0,7341,6397809.000
25-05-2020 07:45,zBIq5rxdHJRwDNY,3552.62,348.75,251.25,6412009.250
16-06-2020 03:45,1BY6WEcLGh8j5v7,0,0,0,6473950.000
26-05-2020 18:15,VHMLBKoKgIrUVDU,305,29.5,8090,7297615.000
11-06-2020 05:30,pkci93gMrogZuBj,0,0,0,7369294.000
25-05-2020 11:15,zBIq5rxdHJRwDNY,11520.5,1124.42,3152.88,6414910.875
05-06-2020 01:45,1IF53ai7Xc0U56Y,0,0,0,6340855.000
12-06-2020 06:15,wCURE6d3bPkepu2,168.5,16.2625,1.5,6988055.500
21-05-2020 20:30,ih0vzX44oOqAx2f,0,0,0,6233543.000
16-06-2020 10:45,McdE0feGgRqW7Ca,9733.38,951.25,2393.75,7398623.750
03-06-2020 08:00,McdE0feGgRqW7Ca,4398.29,431.671,337,7300696.000
17-05-2020 17:00,bvBOhCH3iADSZry,1873.86,183.7,6807.14,6335455.143
16-05-2020 03:15,YxYtjZvoooNbGkE,0,0,0,7186257.000
17-06-2020 00:00,7JYdWkrLSPkdwr4,0,0,770.75,7840965.000
21-05-2020 15:45,7JYdWkrLSPkdwr4,5273.29,517,7173.71,7651153.714
04-06-2020 15:30,WRmjgnKYAwPKWDb,8118.12,794.362,6890.38,7181517.375
06-06-2020 07:00,1IF53ai7Xc0U56Y,2951,289.814,111.143,6348668.143
15-06-2020 07:00,uHbuxQJl8lW7ozc,2091.25,205.012,96,7267933.000
30-05-2020 08:45,z9Y9gH1T5YWrNuG,3384.5,332.762,561.375,7121016.375
10-06-2020 12:45,iCRJl6heRkivqQ3,11520.2,1123.97,3913.62,7377133.625
23-05-2020 02:00,wCURE6d3bPkepu2,0,0,0,6839225.000
12-06-2020 04:30,WRmjgnKYAwPKWDb,0,0,0,7232986.000
14-06-2020 08:15,WRmjgnKYAwPKWDb,3470.25,340.95,520.875,7247699.875
31-05-2020 15:45,wCURE6d3bPkepu2,3060.71,300.714,5816.43,6908974.429
17-05-2020 23:45,7JYdWkrLSPkdwr4,0,0,7526,7623063.000
06-06-2020 07:15,YxYtjZvoooNbGkE,3406.57,334.643,169.286,7342658.286
06-06-2020 19:00,3PZuoBAID5Wc2HD,0,0,6496,7158982.000
24-05-2020 19:45,ZoEaEvLYb1n2sOq,0,0,7985,7170169.000
13-06-2020 23:45,z9Y9gH1T5YWrNuG,0,0,8363,7225230.000
25-05-2020 02:30,ZoEaEvLYb1n2sOq,0,0,0,7170169.000
03-06-2020 23:00,bvBOhCH3iADSZry,0,0,7237,6452724.000
01-06-2020 09:30,YxYtjZvoooNbGkE,6267.86,614.071,1400.43,7307139.429
09-06-2020 22:15,uHbuxQJl8lW7ozc,0,0,8309,7233863.000
17-06-2020 06:45,YxYtjZvoooNbGkE,462.5,44.95,0,7419557.000
12-06-2020 08:30,1BY6WEcLGh8j5v7,3008,295.243,263.714,6450501.714
18-05-2020 10:45,ZnxXDlPa8U1GXgE,5742.25,562.812,862.125,6543600.125
31-05-2020 15:15,sjndEbLyjtCKgGv,2030.12,198.863,5409.88,7141664.875
08-06-2020 08:00,wCURE6d3bPkepu2,4072.71,400.043,347.714,6959874.714
12-06-2020 10:00,McdE0feGgRqW7Ca,5961.38,584.112,1073,7368446.000
23-05-2020 22:45,ZnxXDlPa8U1GXgE,0,0,8589,6587728.000
17-05-2020 15:45,adLQvlD726eNBSB,4160.43,408.5,7161.29,6291604.286
17-06-2020 04:00,1BY6WEcLGh8j5v7,0,0,0,6479798.000
08-06-2020 13:30,WRmjgnKYAwPKWDb,8676,847.514,5455.71,7210137.714
23-05-2020 20:15,zBIq5rxdHJRwDNY,0,0,8674,6404481.000
23-05-2020 20:30,bvBOhCH3iADSZry,0,0,7864,6376772.000
30-05-2020 20:30,3PZuoBAID5Wc2HD,0,0,7299,7109488.000
18-05-2020 20:15,YxYtjZvoooNbGkE,0,0,5369,7205598.000
16-06-2020 05:00,YxYtjZvoooNbGkE,0,0,0,7413335.000
14-06-2020 12:15,1IF53ai7Xc0U56Y,7192.88,704.35,3720.5,6410601.500
13-06-2020 01:45,1IF53ai7Xc0U56Y,0,0,0,6398227.000
26-05-2020 10:30,7JYdWkrLSPkdwr4,12040.7,1174.39,2518.14,7686538.143
21-05-2020 18:00,3PZuoBAID5Wc2HD,282.75,27.3125,7804.5,7037298.500
08-06-2020 13:00,sjndEbLyjtCKgGv,9457.5,923.525,4987.38,7197541.375
17-06-2020 16:45,YxYtjZvoooNbGkE,1134.25,110.275,5722.38,7425278.375
31-05-2020 04:45,1BY6WEcLGh8j5v7,0,0,0,6372128.000
06-06-2020 23:45,1IF53ai7Xc0U56Y,0,0,5724.25,6355099.000
04-06-2020 02:45,bvBOhCH3iADSZry,0,0,0,6452724.000
24-05-2020 07:00,3PZuoBAID5Wc2HD,1942.5,190.425,86.75,7053354.750
07-06-2020 17:00,wCURE6d3bPkepu2,3283.86,322.286,6202,6959296.000
13-06-2020 00:15,uHbuxQJl8lW7ozc,0,0,0,7252094.000
16-06-2020 00:30,1IF53ai7Xc0U56Y,0,0,0,6421214.000
03-06-2020 09:00,zBIq5rxdHJRwDNY,6370.14,624.029,809.286,6477263.286
26-05-2020 14:30,pkci93gMrogZuBj,5738.38,562.375,6222.62,7256741.625
16-06-2020 08:15,z9Y9gH1T5YWrNuG,4753.38,466.45,468.75,7239652.750
09-06-2020 06:00,uHbuxQJl8lW7ozc,171.75,16.5875,0.875,7225554.875
20-05-2020 20:45,wCURE6d3bPkepu2,0,0,8895,6824244.000
06-06-2020 08:45,1IF53ai7Xc0U56Y,6217.14,609.086,987.286,6349544.286
06-06-2020 14:00,adLQvlD726eNBSB,8882.57,867.743,5375.57,6443803.571
19-05-2020 14:00,WRmjgnKYAwPKWDb,8160,798.6,4758.71,7059210.714
06-06-2020 16:00,ZoEaEvLYb1n2sOq,2638.5,258.837,6102.5,7265177.500
16-06-2020 13:45,1IF53ai7Xc0U56Y,6151.88,602.625,4529,6425743.000
10-06-2020 02:00,wCURE6d3bPkepu2,0,0,0,6975980.000
21-05-2020 09:15,ih0vzX44oOqAx2f,8703.75,851.55,1167.38,6227108.375
24-05-2020 08:15,WRmjgnKYAwPKWDb,6082.43,596.014,538.857,7093564.857
19-05-2020 21:30,adLQvlD726eNBSB,0,0,0,6304513.000
06-06-2020 08:00,WRmjgnKYAwPKWDb,5545.5,543.5,512.25,7190782.250
26-05-2020 09:45,iCRJl6heRkivqQ3,10201.1,997.343,1729.86,7261859.857
27-05-2020 05:30,ZnxXDlPa8U1GXgE,0,0,0,6612649.000
06-06-2020 03:00,uHbuxQJl8lW7ozc,0,0,0,7202373.000
10-06-2020 06:30,adLQvlD726eNBSB,991.714,96.3571,26.2857,6470303.286
13-06-2020 01:45,wCURE6d3bPkepu2,0,0,0,6993908.000
05-06-2020 19:30,zVJPv84UY57bAof,0,0,7817,7279090.000
11-06-2020 01:15,ZoEaEvLYb1n2sOq,0,0,0,7296071.000
26-05-2020 12:30,ZnxXDlPa8U1GXgE,8254.88,806.763,4575.62,6609241.625
21-05-2020 22:30,ZoEaEvLYb1n2sOq,0,0,7617,7146685.000
07-06-2020 17:00,WRmjgnKYAwPKWDb,3297.12,323.413,7855.25,7204466.250
06-06-2020 13:00,bvBOhCH3iADSZry,12267.9,1196.54,4010.71,6471261.714
22-05-2020 15:45,sjndEbLyjtCKgGv,4638.14,455.171,6668.43,7072554.429
09-06-2020 16:00,adLQvlD726eNBSB,6413,628.237,7566.38,6469570.375
02-06-2020 23:00,ih0vzX44oOqAx2f,0,0,0,6321311.000
14-06-2020 12:00,ZoEaEvLYb1n2sOq,7185.5,703.625,3404.38,7319167.375
02-06-2020 13:00,bvBOhCH3iADSZry,11663.6,1138.33,4042.43,6442687.429
16-06-2020 03:15,wCURE6d3bPkepu2,0,0,0,7016444.000
31-05-2020 19:30,rGa61gmuvPhdLxV,0,0,5894,7236332.000
09-06-2020 07:15,ih0vzX44oOqAx2f,2614.57,256.429,152.857,6367061.857
16-06-2020 18:45,McdE0feGgRqW7Ca,0,0,6365,7402595.000
30-05-2020 08:15,1BY6WEcLGh8j5v7,4076.86,400.443,360,6365734.000
23-05-2020 14:00,1IF53ai7Xc0U56Y,10630.9,1038.14,6445.29,6246979.286
02-06-2020 00:45,7JYdWkrLSPkdwr4,0,0,0,7733624.000
17-06-2020 05:30,uHbuxQJl8lW7ozc,0,0,0,7281035.000
01-06-2020 16:15,iCRJl6heRkivqQ3,1966.25,192.725,5563.75,7310130.750
09-06-2020 03:45,1IF53ai7Xc0U56Y,0,0,0,6371833.000
12-06-2020 03:15,7JYdWkrLSPkdwr4,0,0,0,7806664.000
18-05-2020 06:45,YxYtjZvoooNbGkE,1139.62,110.8,41.75,7200270.750
07-06-2020 10:45,zVJPv84UY57bAof,13080.7,1275.37,2141.86,7287671.857
09-06-2020 15:30,pkci93gMrogZuBj,8679.57,849.257,7116.29,7361592.286
17-05-2020 14:45,1BY6WEcLGh8j5v7,9126.62,892.575,5698.38,6277303.375
28-05-2020 11:00,McdE0feGgRqW7Ca,9225.57,900.529,2996.71,7259385.714
29-05-2020 11:30,adLQvlD726eNBSB,9583.5,936.413,3343.5,6382352.500
21-05-2020 13:45,zBIq5rxdHJRwDNY,11344,1107.11,5650,6386512.000
14-06-2020 00:30,wCURE6d3bPkepu2,0,0,0,7002369.000
17-06-2020 15:15,iCRJl6heRkivqQ3,1587,155.214,5493.14,7425799.143
27-05-2020 16:30,McdE0feGgRqW7Ca,5048.57,494.986,6540.14,7256100.143
12-06-2020 22:00,adLQvlD726eNBSB,0,0,5988,6488722.000
10-06-2020 06:45,1IF53ai7Xc0U56Y,1358.12,132.412,54,6380076.000
11-06-2020 15:15,YxYtjZvoooNbGkE,6284.88,615.788,4613.38,7384300.375
02-06-2020 06:15,McdE0feGgRqW7Ca,415.5,40.15,6.25,7292758.250
22-05-2020 06:45,zVJPv84UY57bAof,1171.12,113.85,54.25,7165177.250
03-06-2020 17:15,ZoEaEvLYb1n2sOq,2967.25,291.325,7630,7243357.000
26-05-2020 07:15,rGa61gmuvPhdLxV,2434.5,238.725,126.875,7192228.875
11-06-2020 14:30,WRmjgnKYAwPKWDb,11141,1087.76,4119.29,7231486.286
28-05-2020 13:00,wCURE6d3bPkepu2,12926.1,1260.33,5428.62,6884623.625
02-06-2020 09:15,zBIq5rxdHJRwDNY,8364,818.125,1170.5,6470203.500
28-05-2020 14:30,ih0vzX44oOqAx2f,7861.43,769.314,6624.43,6285479.429
17-05-2020 11:45,uHbuxQJl8lW7ozc,8649.57,845.714,3640.57,7054979.571
08-06-2020 10:30,1BY6WEcLGh8j5v7,10967.9,1070.31,2297,6426047.000
16-05-2020 09:15,7JYdWkrLSPkdwr4,5668,555.486,1033.86,7610109.857
31-05-2020 05:15,1BY6WEcLGh8j5v7,0,0,0,6372128.000
10-06-2020 11:00,ZoEaEvLYb1n2sOq,4771.88,468.113,2116.88,7291795.875
07-06-2020 19:00,bvBOhCH3iADSZry,0,0,5169,6478293.000
16-06-2020 20:00,VHMLBKoKgIrUVDU,0,0,6332,7450201.000
16-05-2020 14:00,rGa61gmuvPhdLxV,6230.71,610.414,4611.86,7122477.857
07-06-2020 00:30,z9Y9gH1T5YWrNuG,0,0,0,7177289.000
24-05-2020 16:15,wCURE6d3bPkepu2,3984.86,390.614,7470.29,6855300.286
30-05-2020 11:00,YxYtjZvoooNbGkE,6267.14,613.986,1650.14,7294153.143
19-05-2020 16:00,ZoEaEvLYb1n2sOq,6496.88,636.425,6229.12,7129756.125
24-05-2020 08:00,pkci93gMrogZuBj,4940.14,484.414,377.143,7234052.143
16-06-2020 08:15,3PZuoBAID5Wc2HD,4671.38,458.475,490.375,7225532.375
28-05-2020 02:15,zVJPv84UY57bAof,0,0,0,7212082.000
07-06-2020 01:15,z9Y9gH1T5YWrNuG,0,0,0,7177289.000
15-06-2020 02:45,zVJPv84UY57bAof,0,0,0,7344280.000
31-05-2020 01:15,McdE0feGgRqW7Ca,0,0,0,7280565.000
24-05-2020 16:00,pkci93gMrogZuBj,4118.14,403.8,7442.29,7241117.286
17-06-2020 12:30,1IF53ai7Xc0U56Y,10214.4,998.05,3491.75,6431023.750
17-06-2020 10:15,pkci93gMrogZuBj,6713.12,657.538,1426.75,7410904.750
16-05-2020 14:00,uHbuxQJl8lW7ozc,6783.14,664.343,4635.71,7049703.714
04-06-2020 05:00,ZoEaEvLYb1n2sOq,0,0,0,7243501.000
15-05-2020 02:15,7JYdWkrLSPkdwr4,0,0,0,7602960.000
16-05-2020 19:30,sjndEbLyjtCKgGv,0,0,6431,7029613.000
23-05-2020 12:45,McdE0feGgRqW7Ca,9047.5,885.075,4962.62,7220914.625
16-05-2020 08:30,ZnxXDlPa8U1GXgE,5857.43,573.971,575.857,6529051.857
16-05-2020 10:30,WRmjgnKYAwPKWDb,10567.1,1032.91,1979.29,7036794.286
15-06-2020 23:15,YxYtjZvoooNbGkE,0,0,6633,7413335.000
27-05-2020 00:00,ZoEaEvLYb1n2sOq,0,0,0,7186690.000
04-06-2020 14:15,wCURE6d3bPkepu2,8073.43,789.186,5834.71,6936610.714
01-06-2020 12:15,z9Y9gH1T5YWrNuG,7442.71,728.171,3859,7137756.000
12-06-2020 20:15,uHbuxQJl8lW7ozc,0,0,5888,7252094.000
17-06-2020 21:45,ZoEaEvLYb1n2sOq,0,0,5871,7341753.000
28-05-2020 20:45,uHbuxQJl8lW7ozc,0,0,8374,7143632.000
02-06-2020 19:45,wCURE6d3bPkepu2,0,0,7525,6922869.000
15-05-2020 22:15,bvBOhCH3iADSZry,0,0,5707,6322510.000
04-06-2020 18:45,1BY6WEcLGh8j5v7,0,0,7571,6405380.000
06-06-2020 12:45,VHMLBKoKgIrUVDU,7388.75,722.538,4181.75,7375735.750
31-05-2020 18:00,rGa61gmuvPhdLxV,685.857,66.4571,5878.71,7236316.714
05-06-2020 02:45,WRmjgnKYAwPKWDb,0,0,0,7182665.000
26-05-2020 05:45,3PZuoBAID5Wc2HD,0,0,0,7070636.000
01-06-2020 09:00,7JYdWkrLSPkdwr4,7068.38,692.163,1127,7728948.000
11-06-2020 12:45,iCRJl6heRkivqQ3,5790,567.337,2906.88,7382685.875
17-05-2020 07:45,7JYdWkrLSPkdwr4,4335.29,425.557,249.143,7615786.143
17-06-2020 15:30,1IF53ai7Xc0U56Y,952.571,92.4857,5579,6433111.000
31-05-2020 20:30,WRmjgnKYAwPKWDb,0,0,5837,7153866.000
19-05-2020 21:45,zBIq5rxdHJRwDNY,0,0,6924,6371971.000
15-06-2020 02:15,ZnxXDlPa8U1GXgE,0,0,0,6751747.000
16-06-2020 05:30,YxYtjZvoooNbGkE,0,0,0,7413335.000
17-06-2020 00:45,bvBOhCH3iADSZry,0,0,0,6533549.000
01-06-2020 09:30,uHbuxQJl8lW7ozc,6088.43,596.557,1409.43,7166762.429
22-05-2020 21:00,zBIq5rxdHJRwDNY,0,0,0,6395807.000
03-06-2020 04:00,sjndEbLyjtCKgGv,0,0,0,7155447.000
05-06-2020 01:15,zBIq5rxdHJRwDNY,0,0,0,6492579.000
25-05-2020 02:00,iCRJl6heRkivqQ3,0,0,0,7251261.000
10-06-2020 05:30,McdE0feGgRqW7Ca,0,0,0,7355017.000
13-06-2020 14:45,YxYtjZvoooNbGkE,10878.4,1063.17,6868.14,7397927.143
14-06-2020 15:45,1BY6WEcLGh8j5v7,5337.29,523.171,3470.14,6467133.143
31-05-2020 11:00,McdE0feGgRqW7Ca,5413.88,530.55,2435.38,7283000.375
16-06-2020 20:45,uHbuxQJl8lW7ozc,0,0,6292,7281035.000
06-06-2020 15:45,ih0vzX44oOqAx2f,3208.5,315.175,5925.75,6350401.750
22-05-2020 01:00,uHbuxQJl8lW7ozc,0,0,0,7087976.000
14-06-2020 14:45,McdE0feGgRqW7Ca,6618.71,648.314,6043.29,7387966.286
12-06-2020 15:15,wCURE6d3bPkepu2,4967,487.025,5056.62,6993110.625
09-06-2020 11:45,McdE0feGgRqW7Ca,12892.1,1257.4,3820.14,7350602.143
27-05-2020 09:15,sjndEbLyjtCKgGv,8525.25,834.112,1204.25,7107093.250
26-05-2020 18:15,3PZuoBAID5Wc2HD,153,14.8,8074.5,7078710.500
12-06-2020 00:00,uHbuxQJl8lW7ozc,0,0,0,7246206.000
25-05-2020 03:15,adLQvlD726eNBSB,0,0,0,6346131.000
10-06-2020 11:00,YxYtjZvoooNbGkE,4609,452.238,2137.25,7375405.250
20-05-2020 21:30,sjndEbLyjtCKgGv,0,0,8777,7058061.000
17-05-2020 11:45,wCURE6d3bPkepu2,11546.6,1126.61,3739,6799209.000
23-05-2020 03:30,VHMLBKoKgIrUVDU,0,0,0,7263721.000
10-06-2020 14:00,1BY6WEcLGh8j5v7,6583.29,644.714,4626.86,6443696.857
17-05-2020 18:30,WRmjgnKYAwPKWDb,0,0,7674,7049104.000
13-06-2020 10:00,YxYtjZvoooNbGkE,7574,740.688,1865.38,7392924.375
24-05-2020 22:45,3PZuoBAID5Wc2HD,0,0,8300,7061568.000
03-06-2020 05:15,iCRJl6heRkivqQ3,0,0,0,7317813.000
22-05-2020 00:30,uHbuxQJl8lW7ozc,0,0,0,7087976.000
22-05-2020 22:45,pkci93gMrogZuBj,0,0,0,7225200.000
29-05-2020 22:15,McdE0feGgRqW7Ca,0,0,0,7273213.000
06-06-2020 08:15,WRmjgnKYAwPKWDb,5625.14,551.329,647.857,7190917.857
15-06-2020 06:45,1BY6WEcLGh8j5v7,1375.12,134.088,48.875,6467723.875
07-06-2020 22:00,ZoEaEvLYb1n2sOq,0,0,8085,7273453.000
11-06-2020 16:15,VHMLBKoKgIrUVDU,4508.57,442.514,5302.29,7414597.286
26-05-2020 01:15,zBIq5rxdHJRwDNY,0,0,0,6420201.000
16-06-2020 17:15,zVJPv84UY57bAof,1749.43,171.486,6152.57,7357252.571
20-05-2020 08:45,bvBOhCH3iADSZry,6509.71,637.686,802.857,6347709.857
14-06-2020 04:15,bvBOhCH3iADSZry,0,0,0,6517642.000
18-05-2020 04:30,McdE0feGgRqW7Ca,0,0,0,7179627.000
10-06-2020 23:30,ih0vzX44oOqAx2f,0,0,6277,6381032.000
17-05-2020 09:30,zVJPv84UY57bAof,8334.12,815.562,1317.5,7129852.500
16-06-2020 06:45,zVJPv84UY57bAof,994.429,96.5857,30.1429,7351130.143
21-05-2020 12:00,pkci93gMrogZuBj,10327.7,1008.21,3798.57,7213996.571
24-05-2020 23:30,rGa61gmuvPhdLxV,0,0,8002,7183295.000
07-06-2020 01:15,sjndEbLyjtCKgGv,0,0,0,7185656.000
16-05-2020 03:15,7JYdWkrLSPkdwr4,0,0,0,7609076.000
09-06-2020 03:45,uHbuxQJl8lW7ozc,0,0,0,7225554.000
16-06-2020 09:00,WRmjgnKYAwPKWDb,5982.14,586.143,909.857,7262224.857
04-06-2020 23:30,z9Y9gH1T5YWrNuG,0,0,0,7163262.000
10-06-2020 18:45,zVJPv84UY57bAof,0,0,6560,7317016.000
18-05-2020 04:45,1BY6WEcLGh8j5v7,0,0,0,6278650.000
29-05-2020 07:30,zBIq5rxdHJRwDNY,2110.12,206.875,182.125,6442176.125
15-05-2020 22:00,3PZuoBAID5Wc2HD,0,0,0,6994033.000
17-06-2020 04:30,zVJPv84UY57bAof,0,0,0,7357362.000
26-05-2020 20:15,sjndEbLyjtCKgGv,0,0,0,7105889.000
25-05-2020 05:00,3PZuoBAID5Wc2HD,0,0,0,7061568.000
28-05-2020 16:45,adLQvlD726eNBSB,4158.43,408.529,8375.43,6378748.429
19-05-2020 23:15,ih0vzX44oOqAx2f,0,0,6790,6217277.000
14-06-2020 02:00,zBIq5rxdHJRwDNY,0,0,0,6557822.000
16-06-2020 16:00,adLQvlD726eNBSB,5095.38,499.6,5940.12,6517942.125
18-05-2020 08:00,7JYdWkrLSPkdwr4,1264.75,123.037,306.125,7623369.125
24-05-2020 21:15,zBIq5rxdHJRwDNY,0,0,7277,6411758.000
28-05-2020 06:30,VHMLBKoKgIrUVDU,861.571,83.6,24.1429,7304402.143
21-05-2020 09:30,VHMLBKoKgIrUVDU,10063.4,983.962,1491.12,7250015.125
23-05-2020 22:15,ih0vzX44oOqAx2f,0,0,8395,6248938.000
19-05-2020 10:15,bvBOhCH3iADSZry,6982.43,683.643,1368.43,6341906.429
02-06-2020 15:45,adLQvlD726eNBSB,5968.86,584.786,6748.29,6413579.286
17-06-2020 22:45,pkci93gMrogZuBj,0,0,5952,7415430.000
11-06-2020 23:45,ih0vzX44oOqAx2f,0,0,5521,6386553.000
31-05-2020 12:30,VHMLBKoKgIrUVDU,7738.57,756.486,3694.43,7332023.429
28-05-2020 05:15,ZoEaEvLYb1n2sOq,0,0,0,7193291.000
18-05-2020 10:45,adLQvlD726eNBSB,5857.5,574.05,880.875,6293190.875
15-05-2020 21:15,rGa61gmuvPhdLxV,0,0,6373,7117866.000
22-05-2020 16:30,zVJPv84UY57bAof,2250.88,220.7,6985.5,7172108.500
13-06-2020 19:30,WRmjgnKYAwPKWDb,0,0,8399,7247179.000
12-06-2020 23:45,ZnxXDlPa8U1GXgE,0,0,5883,6735785.000
21-05-2020 17:30,ZnxXDlPa8U1GXgE,593.571,57.4429,7794.71,6571839.714
19-05-2020 15:30,zBIq5rxdHJRwDNY,6591.57,645.686,6045.57,6371092.571
04-06-2020 23:00,sjndEbLyjtCKgGv,0,0,0,7171518.000
19-05-2020 02:00,ZnxXDlPa8U1GXgE,0,0,0,6548162.000
13-06-2020 00:45,ZnxXDlPa8U1GXgE,0,0,0,6735785.000
25-05-2020 10:00,YxYtjZvoooNbGkE,10624.7,1038.56,1918.14,7254569.143
08-06-2020 21:15,1BY6WEcLGh8j5v7,0,0,7864,6431614.000
08-06-2020 00:00,bvBOhCH3iADSZry,0,0,0,6478293.000
15-06-2020 05:30,ZoEaEvLYb1n2sOq,0,0,0,7323052.000
14-06-2020 23:15,bvBOhCH3iADSZry,0,0,3958,6521600.000
22-05-2020 04:30,z9Y9gH1T5YWrNuG,0,0,0,7057147.000
03-06-2020 04:30,bvBOhCH3iADSZry,0,0,0,6445487.000
31-05-2020 08:15,1BY6WEcLGh8j5v7,3402.38,334.212,312.375,6372440.375
11-06-2020 23:30,3PZuoBAID5Wc2HD,0,0,5717,7196186.000
23-05-2020 01:00,ZoEaEvLYb1n2sOq,0,0,0,7153713.000
30-05-2020 06:15,sjndEbLyjtCKgGv,315.125,30.425,3.625,7129032.625
10-06-2020 21:00,McdE0feGgRqW7Ca,0,0,6606,7361623.000
17-05-2020 19:15,1BY6WEcLGh8j5v7,0,0,7045,6278650.000
26-05-2020 11:00,bvBOhCH3iADSZry,11895.1,1160.1,2815.12,6395151.125
31-05-2020 14:30,rGa61gmuvPhdLxV,2417.62,237.125,5138.5,7235576.500
23-05-2020 03:30,iCRJl6heRkivqQ3,0,0,0,7234593.000
02-06-2020 14:30,WRmjgnKYAwPKWDb,8317.75,813.413,5719.88,7165419.875
16-05-2020 07:30,McdE0feGgRqW7Ca,2504.88,245.625,169.5,7165604.500
23-05-2020 21:00,1BY6WEcLGh8j5v7,0,0,7966,6320403.000
15-06-2020 09:45,adLQvlD726eNBSB,8821.12,862.675,1844.25,6506930.250
27-05-2020 22:45,1IF53ai7Xc0U56Y,0,0,6824,6281462.000
01-06-2020 11:00,ZoEaEvLYb1n2sOq,13059.9,1273.33,2809.71,7225453.714
31-05-2020 11:30,bvBOhCH3iADSZry,12579.5,1226.49,2639,6430320.000
11-06-2020 14:45,wCURE6d3bPkepu2,6005.43,588.5,4316.57,6986719.571
17-05-2020 22:00,7JYdWkrLSPkdwr4,0,0,7526,7623063.000
08-06-2020 11:15,adLQvlD726eNBSB,11218,1094.64,3442.29,6456826.286
29-05-2020 21:00,zBIq5rxdHJRwDNY,0,0,0,6449905.000
26-05-2020 05:15,zVJPv84UY57bAof,0,0,0,7197609.000
31-05-2020 09:00,1BY6WEcLGh8j5v7,5717.57,560.329,686.857,6372814.857
18-05-2020 19:00,rGa61gmuvPhdLxV,0,0,5365,7136902.000
04-06-2020 09:00,ZnxXDlPa8U1GXgE,7724,755.957,946.714,6671830.714
12-06-2020 08:00,wCURE6d3bPkepu2,1818.25,178.012,151.75,6988205.750
20-05-2020 09:00,zVJPv84UY57bAof,7908.57,774.129,1032.57,7149369.571
03-06-2020 16:30,YxYtjZvoooNbGkE,2602.75,255.238,7374.25,7326303.250
25-05-2020 12:30,3PZuoBAID5Wc2HD,12819.5,1249.91,5025.75,7066593.750
26-05-2020 22:45,zBIq5rxdHJRwDNY,0,0,0,6427702.000
09-06-2020 10:30,z9Y9gH1T5YWrNuG,12449.1,1214.13,1982.14,7193406.143
09-06-2020 13:30,zBIq5rxdHJRwDNY,9273.62,905.987,5458.25,6528727.250
17-06-2020 08:15,VHMLBKoKgIrUVDU,3922.75,385.438,397.125,7450598.125
03-06-2020 16:00,VHMLBKoKgIrUVDU,5757,564.114,7305,7355049.000
20-05-2020 21:00,iCRJl6heRkivqQ3,0,0,8887,7219605.000
01-06-2020 09:30,z9Y9gH1T5YWrNuG,6027.38,590.562,1372.88,7135269.875
19-05-2020 01:45,adLQvlD726eNBSB,0,0,0,6297816.000
28-05-2020 20:45,3PZuoBAID5Wc2HD,0,0,8528,7093979.000
11-06-2020 18:00,zBIq5rxdHJRwDNY,627.625,60.775,5632,6543535.000
27-05-2020 10:00,rGa61gmuvPhdLxV,6072.6,595.04,1760,7201629.000
28-05-2020 19:45,zVJPv84UY57bAof,0,0,8391,7220473.000
12-06-2020 02:00,ih0vzX44oOqAx2f,0,0,0,6386553.000
04-06-2020 05:00,adLQvlD726eNBSB,0,0,0,6422267.000
29-05-2020 17:15,7JYdWkrLSPkdwr4,2327.43,228.2,7914.71,7714742.714
15-06-2020 02:15,rGa61gmuvPhdLxV,0,0,0,7337972.000
21-05-2020 09:30,zBIq5rxdHJRwDNY,9872.12,965.35,1414.5,6382276.500
05-06-2020 17:30,z9Y9gH1T5YWrNuG,3745.62,368.125,7591.5,7170853.500
28-05-2020 02:30,sjndEbLyjtCKgGv,0,0,0,7112565.000
07-06-2020 14:00,ZoEaEvLYb1n2sOq,8678,848.55,5854.88,7271222.875
09-06-2020 22:15,ih0vzX44oOqAx2f,0,0,7846,6374755.000
15-06-2020 01:30,7JYdWkrLSPkdwr4,0,0,0,7828158.000
09-06-2020 01:00,7JYdWkrLSPkdwr4,0,0,0,7786793.000
12-06-2020 04:30,YxYtjZvoooNbGkE,0,0,0,7385279.000
10-06-2020 21:15,z9Y9gH1T5YWrNuG,0,0,6412,7205465.000
22-05-2020 09:15,ih0vzX44oOqAx2f,5108.14,500.743,984.429,6234527.429
17-06-2020 14:15,3PZuoBAID5Wc2HD,6049.14,592.714,4940.29,7236313.286
24-05-2020 03:45,uHbuxQJl8lW7ozc,0,0,0,7103746.000
15-05-2020 11:45,wCURE6d3bPkepu2,8761.43,855.9,2567.14,6785165.143
16-05-2020 19:00,z9Y9gH1T5YWrNuG,0,0,6488,7020740.000
18-05-2020 03:30,ZoEaEvLYb1n2sOq,0,0,0,7118208.000
05-06-2020 02:30,zBIq5rxdHJRwDNY,0,0,0,6492579.000
17-05-2020 00:30,zVJPv84UY57bAof,0,0,0,7128535.000
26-05-2020 03:45,3PZuoBAID5Wc2HD,0,0,0,7070636.000
24-05-2020 03:30,1BY6WEcLGh8j5v7,0,0,0,6320403.000
01-06-2020 08:15,ZoEaEvLYb1n2sOq,5704.12,559.087,626,7223270.000
05-06-2020 01:30,VHMLBKoKgIrUVDU,0,0,0,7363821.000
27-05-2020 22:30,z9Y9gH1T5YWrNuG,0,0,0,7103885.000
24-05-2020 09:30,7JYdWkrLSPkdwr4,8625.62,843.825,1362.75,7668582.750
01-06-2020 08:30,rGa61gmuvPhdLxV,5529.88,542.163,771.875,7237103.875
19-05-2020 08:15,sjndEbLyjtCKgGv,2819.38,276.613,370.875,7042775.875
29-05-2020 08:15,1BY6WEcLGh8j5v7,4160.57,408.643,397.714,6358207.714
27-05-2020 16:45,VHMLBKoKgIrUVDU,2892.29,283.8,6570.29,7304185.286
19-05-2020 04:30,adLQvlD726eNBSB,0,0,0,6297816.000
31-05-2020 18:00,3PZuoBAID5Wc2HD,674.286,65.3429,5801.71,7115289.714
05-06-2020 19:15,rGa61gmuvPhdLxV,0,0,7741,7273090.000
17-06-2020 09:30,zVJPv84UY57bAof,7105.86,695.814,969.571,7358331.571
24-05-2020 20:45,ZoEaEvLYb1n2sOq,0,0,7985,7170169.000
24-05-2020 13:15,sjndEbLyjtCKgGv,12059.1,1175.76,5126.14,7086575.143
20-05-2020 07:15,wCURE6d3bPkepu2,2439.12,239.175,118.75,6815467.750
11-06-2020 17:45,VHMLBKoKgIrUVDU,993.143,96.4714,5680.86,7414975.857
28-05-2020 20:30,7JYdWkrLSPkdwr4,0,0,8278,7706828.000
05-06-2020 02:30,z9Y9gH1T5YWrNuG,0,0,0,7163262.000
17-06-2020 16:00,VHMLBKoKgIrUVDU,3239.86,318.3,5639.86,7455840.857
31-05-2020 04:15,sjndEbLyjtCKgGv,0,0,0,7136255.000
16-06-2020 08:45,3PZuoBAID5Wc2HD,6075,595.237,774.375,7225816.375
07-06-2020 03:30,bvBOhCH3iADSZry,0,0,0,6473124.000
05-06-2020 17:00,7JYdWkrLSPkdwr4,4102.14,402.729,7196.14,7763817.143
17-05-2020 21:00,bvBOhCH3iADSZry,0,0,6928,6335576.000
08-06-2020 16:15,rGa61gmuvPhdLxV,3431.5,336.7,7716,7295389.000
25-05-2020 03:45,uHbuxQJl8lW7ozc,0,0,0,7111852.000
07-06-2020 22:45,iCRJl6heRkivqQ3,0,0,8277,7356511.000
07-06-2020 01:45,YxYtjZvoooNbGkE,0,0,0,7348812.000
11-06-2020 10:00,VHMLBKoKgIrUVDU,5214.14,511.129,945.714,7410240.714
24-05-2020 08:45,McdE0feGgRqW7Ca,4980.62,488.475,826.625,7225462.625
09-06-2020 16:15,wCURE6d3bPkepu2,5691.29,557.771,7439.43,6975409.429
27-05-2020 05:30,pkci93gMrogZuBj,0,0,0,7258294.000
22-05-2020 09:15,ZnxXDlPa8U1GXgE,5327.71,522.229,1019.86,6572883.857
24-05-2020 00:15,ih0vzX44oOqAx2f,0,0,0,6248938.000
17-05-2020 08:00,zVJPv84UY57bAof,4855.57,476.2,361.429,7128896.429
30-05-2020 17:30,wCURE6d3bPkepu2,1864,182.7,7205.43,6903085.429
30-05-2020 00:45,WRmjgnKYAwPKWDb,0,0,0,7140899.000
03-06-2020 00:45,zVJPv84UY57bAof,0,0,0,7255217.000
06-06-2020 10:00,ZnxXDlPa8U1GXgE,9947.38,971.487,1755.25,6688454.250
08-06-2020 10:00,7JYdWkrLSPkdwr4,12046.8,1174.88,1882.62,7780392.625
07-06-2020 17:00,uHbuxQJl8lW7ozc,3510.14,344.814,8053.43,7216908.429
10-06-2020 18:45,WRmjgnKYAwPKWDb,0,0,6389,7227367.000
17-05-2020 08:30,uHbuxQJl8lW7ozc,5774.29,565.871,608.286,7051947.286
17-05-2020 04:00,McdE0feGgRqW7Ca,0,0,0,7172021.000
13-06-2020 11:45,3PZuoBAID5Wc2HD,11505.7,1122.84,4026.43,7206112.429
31-05-2020 13:30,7JYdWkrLSPkdwr4,5272,515.938,4362.75,7726340.750
10-06-2020 03:00,zVJPv84UY57bAof,0,0,0,7310456.000
02-06-2020 19:00,1BY6WEcLGh8j5v7,0,0,7029,6390468.000
14-06-2020 15:15,ZoEaEvLYb1n2sOq,9886.75,965.688,6362.5,7322125.500
24-05-2020 16:15,rGa61gmuvPhdLxV,3143.5,308.587,7503.88,7182796.875
20-05-2020 10:45,McdE0feGgRqW7Ca,11256.7,1099.27,2750.71,7194848.714
26-05-2020 18:15,iCRJl6heRkivqQ3,0,0,7866,7267996.000
07-06-2020 02:45,uHbuxQJl8lW7ozc,0,0,0,7208855.000
31-05-2020 19:15,pkci93gMrogZuBj,0,0,5915,7294791.000
16-06-2020 23:00,1IF53ai7Xc0U56Y,0,0,6318,6427532.000
06-06-2020 19:30,bvBOhCH3iADSZry,0,0,5873,6473124.000
23-05-2020 13:45,1BY6WEcLGh8j5v7,12066.9,1176.53,5567.86,6318004.857
17-06-2020 07:30,z9Y9gH1T5YWrNuG,3185.57,313.014,119,7245504.000
21-05-2020 13:00,iCRJl6heRkivqQ3,10816,1055.8,4907.29,7224512.286
20-05-2020 00:00,7JYdWkrLSPkdwr4,0,0,1709,7635208.000
31-05-2020 21:00,7JYdWkrLSPkdwr4,0,0,5843,7727821.000
08-06-2020 05:00,adLQvlD726eNBSB,0,0,0,6453384.000
19-05-2020 06:45,uHbuxQJl8lW7ozc,674.857,65.5286,11,7064212.000
23-05-2020 21:30,7JYdWkrLSPkdwr4,0,0,8450,7667220.000
25-05-2020 10:45,1IF53ai7Xc0U56Y,12007.5,1170.74,2875.62,6260355.625
16-06-2020 04:15,zBIq5rxdHJRwDNY,0,0,0,6571833.000
14-06-2020 20:45,7JYdWkrLSPkdwr4,0,0,7306,7828158.000
15-06-2020 15:30,uHbuxQJl8lW7ozc,5846.25,572.8,6164.25,7274001.250
10-06-2020 04:00,zVJPv84UY57bAof,0,0,0,7310456.000
15-05-2020 06:15,ih0vzX44oOqAx2f,300,28.9571,3.14286,6185187.667
03-06-2020 04:00,pkci93gMrogZuBj,0,0,0,7307650.000
27-05-2020 00:15,zVJPv84UY57bAof,0,0,0,7205383.000
17-05-2020 17:15,zBIq5rxdHJRwDNY,1697.43,166.343,7420,6359570.000
26-05-2020 13:15,WRmjgnKYAwPKWDb,9619.71,939.129,5247.29,7115243.286
04-06-2020 03:15,rGa61gmuvPhdLxV,0,0,0,7257137.000
11-06-2020 06:15,adLQvlD726eNBSB,172.286,16.6286,2,6476946.000
31-05-2020 04:00,VHMLBKoKgIrUVDU,0,0,0,7328329.000
11-06-2020 00:45,McdE0feGgRqW7Ca,0,0,0,7361623.000
03-06-2020 01:30,ZoEaEvLYb1n2sOq,0,0,0,7235727.000
02-06-2020 11:00,uHbuxQJl8lW7ozc,9293.5,908.712,2739.12,7173681.125
29-05-2020 11:30,wCURE6d3bPkepu2,7886.88,771.513,3227.75,6890936.750
03-06-2020 15:00,1IF53ai7Xc0U56Y,11352.7,1108.09,6468.71,6331252.714
01-06-2020 03:15,zVJPv84UY57bAof,0,0,0,7242024.000
12-06-2020 12:45,uHbuxQJl8lW7ozc,8174.14,800.043,3224.29,7249430.286
17-06-2020 00:00,1IF53ai7Xc0U56Y,0,0,0,6427532.000
29-05-2020 16:15,sjndEbLyjtCKgGv,6464.86,633.314,7647.43,7128550.429
09-06-2020 17:45,iCRJl6heRkivqQ3,1443.43,140.843,8215.86,7373170.857
18-05-2020 04:45,sjndEbLyjtCKgGv,0,0,0,7037054.000
11-06-2020 02:45,z9Y9gH1T5YWrNuG,0,0,0,7205465.000
20-05-2020 00:45,7JYdWkrLSPkdwr4,0,0,0,7635208.000
14-06-2020 15:00,ZoEaEvLYb1n2sOq,8571.14,838.243,6113.86,7321876.857
27-05-2020 00:00,sjndEbLyjtCKgGv,0,0,0,7105889.000
16-05-2020 17:45,adLQvlD726eNBSB,777.5,75.4125,6683,6284421.000
18-05-2020 07:30,3PZuoBAID5Wc2HD,3508.75,344.688,212.375,7008695.375
12-06-2020 21:30,z9Y9gH1T5YWrNuG,0,0,5803,7216867.000
21-05-2020 12:30,bvBOhCH3iADSZry,6214.86,608.886,4037.43,6359075.429
04-06-2020 17:00,7JYdWkrLSPkdwr4,3909.86,384.186,7713.57,7756335.571
05-06-2020 02:00,zBIq5rxdHJRwDNY,0,0,0,6492579.000
17-06-2020 11:00,1BY6WEcLGh8j5v7,6260.57,613.086,1787.86,6481585.857
16-06-2020 09:45,adLQvlD726eNBSB,9107.71,890.9,1475.71,6513477.714
01-06-2020 14:45,1BY6WEcLGh8j5v7,2753.5,270.262,5030.75,6382961.750
24-05-2020 08:00,7JYdWkrLSPkdwr4,4748.57,465.529,410.714,7667630.714
17-06-2020 07:15,pkci93gMrogZuBj,2108.43,206.829,57.8571,7409535.857
02-06-2020 14:30,McdE0feGgRqW7Ca,8948.71,874.629,5938.14,7298690.143
29-05-2020 23:45,VHMLBKoKgIrUVDU,0,0,8172,7321059.000
03-06-2020 13:15,iCRJl6heRkivqQ3,10422.5,1018.15,4613.75,7322426.750
04-06-2020 10:45,rGa61gmuvPhdLxV,13270.1,1293.84,2306.86,7259443.857
24-05-2020 15:15,7JYdWkrLSPkdwr4,6725.62,658.562,7117.38,7674337.375
20-05-2020 02:30,ZoEaEvLYb1n2sOq,0,0,0,7130332.000
15-06-2020 11:00,adLQvlD726eNBSB,12283,1198.29,3082.25,6508168.250
22-05-2020 18:15,zVJPv84UY57bAof,107.857,10.4,7170.43,7172293.429
20-05-2020 07:45,ZnxXDlPa8U1GXgE,4365.88,428.587,281.5,6555417.500
15-06-2020 23:45,McdE0feGgRqW7Ca,0,0,6872,7396230.000
01-06-2020 06:30,zBIq5rxdHJRwDNY,976.375,94.825,23.125,6463262.125
16-06-2020 14:30,WRmjgnKYAwPKWDb,9260.29,904.657,4953.57,7266268.571
23-05-2020 22:30,zVJPv84UY57bAof,0,0,8544,7180838.000
19-05-2020 12:45,rGa61gmuvPhdLxV,11380.5,1110.95,3726.75,7140628.750
22-05-2020 16:30,VHMLBKoKgIrUVDU,2272.43,222.814,7169.86,7263530.857
12-06-2020 08:45,pkci93gMrogZuBj,4149.5,407.562,371.75,7375327.750
24-05-2020 06:30,7JYdWkrLSPkdwr4,774.714,75.1429,21.5714,7667241.571
02-06-2020 14:00,1IF53ai7Xc0U56Y,6817.62,667.737,5449.62,6322893.625
13-06-2020 22:00,uHbuxQJl8lW7ozc,0,0,8437,7260531.000
15-05-2020 14:45,1BY6WEcLGh8j5v7,6742.25,659.875,4528.5,6264087.500
25-05-2020 21:00,adLQvlD726eNBSB,0,0,9163,6355294.000
21-05-2020 11:15,ZnxXDlPa8U1GXgE,13596.3,1325.61,3070,6567115.000
14-06-2020 23:30,ih0vzX44oOqAx2f,0,0,7165,6407683.000
12-06-2020 07:00,WRmjgnKYAwPKWDb,913.125,88.6875,41.125,7233027.125
14-06-2020 14:45,adLQvlD726eNBSB,6492.88,636.025,6220.88,6503716.875
14-06-2020 23:45,1IF53ai7Xc0U56Y,0,0,7487,6414368.000
21-05-2020 18:15,VHMLBKoKgIrUVDU,0,0,7837,7256361.000
03-06-2020 14:45,zBIq5rxdHJRwDNY,9913.14,968.657,6138.71,6482592.714
31-05-2020 17:45,1IF53ai7Xc0U56Y,1062.88,103.325,5852.25,6311395.250
30-05-2020 01:15,1IF53ai7Xc0U56Y,0,0,0,6298211.000
23-05-2020 08:45,pkci93gMrogZuBj,7537.43,737.986,812.857,7226012.857
13-06-2020 08:00,z9Y9gH1T5YWrNuG,5110.43,501,399.857,7217266.857
20-05-2020 04:00,WRmjgnKYAwPKWDb,0,0,0,7060932.000
11-06-2020 02:15,rGa61gmuvPhdLxV,0,0,0,7310769.000
03-06-2020 03:15,zBIq5rxdHJRwDNY,0,0,0,6476454.000
12-06-2020 20:30,1BY6WEcLGh8j5v7,0,0,5441,6455679.000
20-05-2020 04:00,1BY6WEcLGh8j5v7,0,0,0,6290097.000
05-06-2020 06:15,z9Y9gH1T5YWrNuG,303.25,29.2875,4.75,7163266.750
06-06-2020 12:15,7JYdWkrLSPkdwr4,7898.88,771.862,3705.25,7767845.250
10-06-2020 09:45,3PZuoBAID5Wc2HD,5948,582.825,1504.88,7185423.875
05-06-2020 23:45,zBIq5rxdHJRwDNY,0,0,7723,6500302.000
11-06-2020 19:45,7JYdWkrLSPkdwr4,0,0,5573,7806664.000
14-06-2020 17:15,iCRJl6heRkivqQ3,1687.57,165.329,7290.71,7407145.714
09-06-2020 15:15,z9Y9gH1T5YWrNuG,8089.29,791.743,6345,7197769.000
23-05-2020 02:00,uHbuxQJl8lW7ozc,0,0,0,7095253.000
27-05-2020 09:15,pkci93gMrogZuBj,8905.5,871.237,1198.12,7259492.125
08-06-2020 17:15,McdE0feGgRqW7Ca,2337.62,229.037,8434.62,7346636.625
16-06-2020 22:30,McdE0feGgRqW7Ca,0,0,6365,7402595.000
10-06-2020 02:45,bvBOhCH3iADSZry,0,0,0,6493347.000
17-05-2020 16:45,ZoEaEvLYb1n2sOq,3618.62,355.425,7267.5,7118011.500
11-06-2020 21:00,3PZuoBAID5Wc2HD,0,0,5717,7196186.000
08-06-2020 07:00,ih0vzX44oOqAx2f,1546.38,151.012,77.5,6358769.500
15-06-2020 19:45,bvBOhCH3iADSZry,0,0,6192,6527792.000
16-05-2020 06:30,pkci93gMrogZuBj,692,67.0571,16.5714,7175493.571
22-05-2020 16:45,7JYdWkrLSPkdwr4,1933.62,189.537,7000,7658635.000
13-06-2020 01:15,VHMLBKoKgIrUVDU,0,0,0,7420914.000
30-05-2020 22:30,McdE0feGgRqW7Ca,0,0,7352,7280565.000
16-05-2020 17:30,wCURE6d3bPkepu2,1180.25,114.775,6498.75,6795425.750
16-06-2020 02:15,uHbuxQJl8lW7ozc,0,0,0,7274743.000
12-06-2020 03:45,3PZuoBAID5Wc2HD,0,0,0,7196186.000
28-05-2020 04:30,pkci93gMrogZuBj,0,0,0,7264985.000
17-06-2020 10:00,zVJPv84UY57bAof,6358.14,622.871,1272,7358634.000
05-06-2020 07:45,WRmjgnKYAwPKWDb,2467.86,241.986,226.714,7182891.714
07-06-2020 07:45,3PZuoBAID5Wc2HD,2508.29,245.971,237.429,7159219.429
15-06-2020 06:15,z9Y9gH1T5YWrNuG,463.375,44.825,6.75,7232474.750
14-06-2020 20:00,WRmjgnKYAwPKWDb,0,0,7405,7254584.000
15-05-2020 00:15,zVJPv84UY57bAof,0,0,0,7116151.000
09-06-2020 15:15,1BY6WEcLGh8j5v7,7637,747.643,6272.14,6437886.143
31-05-2020 20:30,ZoEaEvLYb1n2sOq,0,0,5796,7222644.000
24-05-2020 18:00,uHbuxQJl8lW7ozc,629.571,60.9571,8086.29,7111832.286
25-05-2020 00:15,ZnxXDlPa8U1GXgE,0,0,0,6595756.000
30-05-2020 04:45,3PZuoBAID5Wc2HD,0,0,0,7102189.000
27-05-2020 11:45,sjndEbLyjtCKgGv,11029.7,1076.19,3345.86,7109234.857
11-06-2020 11:45,3PZuoBAID5Wc2HD,8476.86,829.529,2107,7192576.000
11-06-2020 00:15,bvBOhCH3iADSZry,0,0,0,6499210.000
16-05-2020 06:30,WRmjgnKYAwPKWDb,720.875,69.875,15.75,7034830.750
31-05-2020 06:45,adLQvlD726eNBSB,1076.43,104.6,48,6394819.000
15-06-2020 02:45,WRmjgnKYAwPKWDb,0,0,0,7254584.000
08-06-2020 11:30,adLQvlD726eNBSB,10991,1072.39,3719,6457103.000
03-06-2020 17:15,1IF53ai7Xc0U56Y,2745.25,269.5,7747,6332531.000
11-06-2020 12:30,1BY6WEcLGh8j5v7,7434.86,727.943,2538.71,6447519.714
05-06-2020 05:45,3PZuoBAID5Wc2HD,0,0,0,7144703.000
16-06-2020 02:30,uHbuxQJl8lW7ozc,0,0,0,7274743.000
23-05-2020 09:30,1IF53ai7Xc0U56Y,9079.75,888.175,1527.38,6242061.375
23-05-2020 00:15,ZnxXDlPa8U1GXgE,0,0,0,6579139.000
06-06-2020 20:45,uHbuxQJl8lW7ozc,0,0,0,7208855.000
14-06-2020 16:15,McdE0feGgRqW7Ca,4331.86,425.3,7115.14,7389038.143
02-06-2020 15:15,adLQvlD726eNBSB,5436.86,532.914,6461.86,6413292.857
11-06-2020 21:45,adLQvlD726eNBSB,0,0,5790,6482734.000
06-06-2020 03:15,1IF53ai7Xc0U56Y,0,0,0,6348557.000
16-05-2020 23:15,iCRJl6heRkivqQ3,0,0,6438,7190848.000
11-06-2020 15:45,7JYdWkrLSPkdwr4,6119.29,599.514,4923.14,7806014.143
27-05-2020 22:45,rGa61gmuvPhdLxV,0,0,0,7206549.000
28-05-2020 14:15,WRmjgnKYAwPKWDb,4649.43,456.257,6560.86,7131098.857
17-05-2020 23:15,zVJPv84UY57bAof,0,0,7480,7136015.000
30-05-2020 04:30,ZnxXDlPa8U1GXgE,0,0,0,6636066.000
20-05-2020 13:15,3PZuoBAID5Wc2HD,12424.2,1211.38,5837.6,7026349.600
26-05-2020 07:30,ZnxXDlPa8U1GXgE,3370.71,331.286,193,6604859.000
26-05-2020 18:15,adLQvlD726eNBSB,164.5,15.9,8222,6363516.000
26-05-2020 21:45,ZnxXDlPa8U1GXgE,0,0,0,6612649.000
27-05-2020 10:15,zBIq5rxdHJRwDNY,5369.29,526.243,1857,6429559.000
11-06-2020 17:45,pkci93gMrogZuBj,1003.71,97.5429,5625.43,7374919.429
16-05-2020 08:00,adLQvlD726eNBSB,4440.14,436,348.143,6278086.143
01-06-2020 12:00,iCRJl6heRkivqQ3,5567.62,545.65,3572.25,7308139.250
24-05-2020 13:00,uHbuxQJl8lW7ozc,12129.4,1182.94,4819.25,7108565.250
14-06-2020 01:30,iCRJl6heRkivqQ3,0,0,0,7399855.000
16-06-2020 18:00,YxYtjZvoooNbGkE,694.875,67.35,6202.62,7419537.625
08-06-2020 04:30,wCURE6d3bPkepu2,0,0,0,6959527.000
03-06-2020 06:30,ih0vzX44oOqAx2f,602.714,58.3429,15.4286,6321326.429
14-06-2020 13:00,rGa61gmuvPhdLxV,8760.71,857.143,4118.43,7334788.429
10-06-2020 04:15,7JYdWkrLSPkdwr4,0,0,0,7794729.000
17-05-2020 04:15,YxYtjZvoooNbGkE,0,0,0,7192732.000
18-05-2020 16:45,adLQvlD726eNBSB,2916.71,286.2,5309.86,6297619.857
15-05-2020 15:15,McdE0feGgRqW7Ca,5285.29,518.086,5483,7164447.000
01-06-2020 11:30,uHbuxQJl8lW7ozc,8479.43,828.7,3097.14,7168450.143
24-05-2020 14:45,WRmjgnKYAwPKWDb,8671.43,848.129,6775.14,7099801.143
26-05-2020 21:00,WRmjgnKYAwPKWDb,0,0,0,7117880.000
28-05-2020 02:15,adLQvlD726eNBSB,0,0,0,6370373.000
11-06-2020 23:15,adLQvlD726eNBSB,0,0,5790,6482734.000
15-06-2020 00:15,zBIq5rxdHJRwDNY,0,0,0,6565137.000
15-05-2020 15:00,3PZuoBAID5Wc2HD,5306,520.2,5119.5,6992878.500
25-05-2020 08:15,7JYdWkrLSPkdwr4,6099,597.575,485,7675726.000
01-06-2020 18:15,1BY6WEcLGh8j5v7,240.714,23.2571,5505.14,6383436.143
05-06-2020 17:00,3PZuoBAID5Wc2HD,4363.86,428.543,7461.86,7152164.857
27-05-2020 20:45,7JYdWkrLSPkdwr4,0,0,6638,7698550.000
09-06-2020 20:30,bvBOhCH3iADSZry,0,0,7361,6493347.000
18-05-2020 13:00,1BY6WEcLGh8j5v7,7234,708.325,2270.38,6280920.375
13-06-2020 18:00,VHMLBKoKgIrUVDU,591.429,57.2429,8636.86,7429550.857
12-06-2020 17:15,z9Y9gH1T5YWrNuG,1794.71,175.871,5660,7216724.000
27-05-2020 02:30,WRmjgnKYAwPKWDb,0,0,0,7117880.000
07-06-2020 01:30,zVJPv84UY57bAof,0,0,0,7285530.000
16-05-2020 23:15,pkci93gMrogZuBj,0,0,6173,7181650.000
14-06-2020 08:45,ih0vzX44oOqAx2f,5102.29,500.3,713.714,6401231.714
08-06-2020 23:00,ih0vzX44oOqAx2f,0,0,8217,6366909.000
14-06-2020 06:00,uHbuxQJl8lW7ozc,40,3.87143,0.285714,7260531.286
09-06-2020 16:30,z9Y9gH1T5YWrNuG,5196.86,509.429,7189.86,7198613.857
07-06-2020 00:45,7JYdWkrLSPkdwr4,0,0,0,7770457.000
15-05-2020 01:30,zVJPv84UY57bAof,0,0,0,7116151.000
27-05-2020 20:00,ih0vzX44oOqAx2f,0,0,6564,6278855.000
02-06-2020 11:45,sjndEbLyjtCKgGv,6209.14,608.329,3252.57,7151260.571
29-05-2020 22:45,1BY6WEcLGh8j5v7,0,0,7564,6365374.000
31-05-2020 19:45,pkci93gMrogZuBj,0,0,5915,7294791.000
27-05-2020 19:45,YxYtjZvoooNbGkE,0,0,0,7276029.000
03-06-2020 03:15,ZoEaEvLYb1n2sOq,0,0,0,7235727.000
06-06-2020 06:00,bvBOhCH3iADSZry,134.286,12.9571,0.714286,6467251.714
23-05-2020 17:15,zVJPv84UY57bAof,2921.57,286.729,8371.71,7180665.714
16-06-2020 14:15,zBIq5rxdHJRwDNY,4099.14,402.614,4255.86,6576088.857
15-06-2020 02:30,bvBOhCH3iADSZry,0,0,0,6521600.000
09-06-2020 18:30,bvBOhCH3iADSZry,82.4286,7.94286,7360,6493346.000
16-06-2020 06:45,adLQvlD726eNBSB,1043.86,101.443,34.8571,6512036.857
08-06-2020 18:45,wCURE6d3bPkepu2,0,0,8443,6967970.000
04-06-2020 20:45,ZoEaEvLYb1n2sOq,0,0,0,7251540.000
01-06-2020 17:15,YxYtjZvoooNbGkE,988.286,96.0143,5711,7311450.000
21-05-2020 12:00,iCRJl6heRkivqQ3,10861,1060.53,3870.71,7223475.714
28-05-2020 10:30,pkci93gMrogZuBj,8602.86,840.443,2422,7267407.000
13-06-2020 11:45,uHbuxQJl8lW7ozc,13295.4,1296.29,3796.25,7255890.250
05-06-2020 09:30,7JYdWkrLSPkdwr4,9656,943.643,1292.71,7757913.714
15-06-2020 16:45,1IF53ai7Xc0U56Y,3999.25,392.962,6579.88,6420947.875
23-05-2020 19:00,zVJPv84UY57bAof,0,0,8544,7180838.000
18-05-2020 12:15,1IF53ai7Xc0U56Y,8893.5,870.062,1881.38,6206234.375
05-06-2020 02:30,YxYtjZvoooNbGkE,0,0,0,7334886.000
31-05-2020 22:00,adLQvlD726eNBSB,0,0,5933,6400704.000
22-05-2020 13:15,ih0vzX44oOqAx2f,11148.1,1088.05,4505,6238048.000
07-06-2020 19:45,ZnxXDlPa8U1GXgE,0,0,8209,6701263.000
16-06-2020 10:00,zBIq5rxdHJRwDNY,11644.3,1136.41,1635.86,6573468.857
23-05-2020 12:45,iCRJl6heRkivqQ3,9029.75,883.375,4952.25,7239545.250
09-06-2020 11:00,1IF53ai7Xc0U56Y,11558,1127.63,3060.71,6374893.714
25-05-2020 17:30,rGa61gmuvPhdLxV,686.429,66.5143,8771.43,7192066.429
31-05-2020 23:45,rGa61gmuvPhdLxV,0,0,5894,7236332.000
01-06-2020 00:15,1BY6WEcLGh8j5v7,0,0,0,6377931.000
03-06-2020 20:00,YxYtjZvoooNbGkE,0,0,7827,7326756.000
15-06-2020 19:00,pkci93gMrogZuBj,0,0,6795,7403217.000
03-06-2020 10:15,rGa61gmuvPhdLxV,6084.88,596.163,1530.38,7250860.375
30-05-2020 18:15,zBIq5rxdHJRwDNY,274.857,26.5571,7392.71,6457297.714
08-06-2020 19:00,YxYtjZvoooNbGkE,0,0,8343,7365310.000
08-06-2020 18:00,zVJPv84UY57bAof,841.143,81.6143,8353.29,7302143.286
11-06-2020 19:45,bvBOhCH3iADSZry,0,0,5197,6504407.000
01-06-2020 21:30,adLQvlD726eNBSB,0,0,6127,6406831.000
19-05-2020 15:30,adLQvlD726eNBSB,6836.86,669.614,6195.14,6304011.143
10-06-2020 18:00,WRmjgnKYAwPKWDb,558.571,54.0714,6380.14,7227358.143
14-06-2020 09:45,McdE0feGgRqW7Ca,8413.88,823.375,1463,7383386.000
28-05-2020 17:30,YxYtjZvoooNbGkE,1132.57,110.143,8326.57,7284355.571
15-06-2020 17:30,WRmjgnKYAwPKWDb,1464.62,142.838,6664,7261248.000
09-06-2020 11:30,ZnxXDlPa8U1GXgE,8777,858.229,3409,6713107.000
17-06-2020 23:30,zVJPv84UY57bAof,0,0,5910,7363272.000
20-05-2020 19:00,ih0vzX44oOqAx2f,0,0,8664,6225941.000
04-06-2020 13:15,7JYdWkrLSPkdwr4,13412.1,1307.67,4839.71,7753461.714
06-06-2020 14:15,McdE0feGgRqW7Ca,12369.7,1206.81,5516.43,7330197.429
08-06-2020 13:00,ih0vzX44oOqAx2f,9358,914.263,4914.5,6363606.500
31-05-2020 20:00,bvBOhCH3iADSZry,0,0,5586,6433267.000
31-05-2020 12:30,1BY6WEcLGh8j5v7,6080.62,595.737,3781.75,6375909.750
18-05-2020 00:45,WRmjgnKYAwPKWDb,0,0,0,7049104.000
19-05-2020 16:15,McdE0feGgRqW7Ca,5537.86,542.814,6571.14,7191662.143
29-05-2020 07:30,1BY6WEcLGh8j5v7,2100.75,205.975,180.25,6357990.250
12-06-2020 16:00,ih0vzX44oOqAx2f,2832.86,278.057,5270.14,6391823.143
01-06-2020 05:45,ZoEaEvLYb1n2sOq,0,0,0,7222644.000
25-05-2020 11:45,McdE0feGgRqW7Ca,12837.3,1251.61,3985.71,7236676.714
08-06-2020 00:15,bvBOhCH3iADSZry,0,0,0,6478293.000
01-06-2020 13:15,1IF53ai7Xc0U56Y,9464.75,924.663,4653.75,6316085.750
02-06-2020 04:15,7JYdWkrLSPkdwr4,0,0,0,7733624.000
27-05-2020 20:00,1IF53ai7Xc0U56Y,0,0,6824,6281462.000
25-05-2020 07:00,uHbuxQJl8lW7ozc,1670,163.414,71,7111923.000
05-06-2020 23:45,ZnxXDlPa8U1GXgE,0,0,0,6686699.000
13-06-2020 11:15,rGa61gmuvPhdLxV,12840.9,1251.99,3137.25,7325418.250
11-06-2020 03:30,1BY6WEcLGh8j5v7,0,0,0,6444981.000
17-06-2020 17:15,rGa61gmuvPhdLxV,1579.25,154.55,5847.75,7356794.750
20-05-2020 22:30,zVJPv84UY57bAof,0,0,8842,7157179.000
25-05-2020 09:15,pkci93gMrogZuBj,8834.12,864.35,1166,7242873.000
08-06-2020 04:15,zBIq5rxdHJRwDNY,0,0,0,6514911.000
13-06-2020 11:15,VHMLBKoKgIrUVDU,13252.1,1292.09,3373.29,7424287.286
24-05-2020 00:45,sjndEbLyjtCKgGv,0,0,0,7081449.000
30-05-2020 12:15,1IF53ai7Xc0U56Y,10570.1,1031.89,2943.86,6301154.857
04-06-2020 02:30,YxYtjZvoooNbGkE,0,0,0,7326756.000
30-05-2020 16:30,1IF53ai7Xc0U56Y,4266.43,418.686,6954.43,6305165.429
12-06-2020 13:15,ZnxXDlPa8U1GXgE,8004.12,783.462,3617,6733519.000
06-06-2020 01:15,McdE0feGgRqW7Ca,0,0,0,7324681.000
12-06-2020 09:45,WRmjgnKYAwPKWDb,6468.25,633.625,903.375,7233889.375
31-05-2020 04:00,ZnxXDlPa8U1GXgE,0,0,0,6643383.000
04-06-2020 15:00,sjndEbLyjtCKgGv,11256.6,1098.17,6486.5,7169779.500
20-05-2020 22:15,1BY6WEcLGh8j5v7,0,0,8249,6298346.000
02-06-2020 17:30,z9Y9gH1T5YWrNuG,950.625,92.3,7402.62,7147230.625
15-06-2020 15:00,sjndEbLyjtCKgGv,6612.29,647.643,5704.86,7248515.857
31-05-2020 06:00,ZnxXDlPa8U1GXgE,104.125,10.0375,0.75,6643383.750
13-06-2020 03:30,3PZuoBAID5Wc2HD,0,0,0,7202086.000
17-06-2020 21:30,iCRJl6heRkivqQ3,0,0,5957,7426263.000
27-05-2020 08:45,WRmjgnKYAwPKWDb,7581.86,742.3,865.857,7118745.857
18-05-2020 20:00,iCRJl6heRkivqQ3,0,0,5400,7203767.000
15-06-2020 04:15,zBIq5rxdHJRwDNY,0,0,0,6565137.000
17-05-2020 15:00,7JYdWkrLSPkdwr4,9075.88,887.737,6332.5,7621869.500
18-05-2020 04:00,VHMLBKoKgIrUVDU,0,0,0,7227097.000
17-05-2020 16:45,bvBOhCH3iADSZry,3442.38,338.2,6741.62,6335389.625
19-05-2020 04:00,rGa61gmuvPhdLxV,0,0,0,7136902.000
26-05-2020 03:30,3PZuoBAID5Wc2HD,0,0,0,7070636.000
22-05-2020 08:15,ZnxXDlPa8U1GXgE,4780.86,468.786,606.714,6572470.714
14-06-2020 06:45,McdE0feGgRqW7Ca,1095.29,106.443,37.8571,7381960.857
14-06-2020 00:00,YxYtjZvoooNbGkE,0,0,1047.5,7399439.000
12-06-2020 11:15,pkci93gMrogZuBj,7939.57,777.157,1909.29,7376865.286
21-05-2020 16:30,1IF53ai7Xc0U56Y,4351.75,427.262,7619.62,6233046.625
14-06-2020 20:00,ZnxXDlPa8U1GXgE,0,0,7404,6751747.000
12-06-2020 19:00,7JYdWkrLSPkdwr4,0,0,5753,7812417.000
01-06-2020 07:00,YxYtjZvoooNbGkE,2060.29,201.971,95.7143,7305834.714
30-05-2020 22:00,1BY6WEcLGh8j5v7,0,0,6754,6372128.000
17-05-2020 04:00,7JYdWkrLSPkdwr4,0,0,0,7615537.000
12-06-2020 12:00,McdE0feGgRqW7Ca,10693.4,1044.21,2679.43,7370052.429
15-05-2020 07:30,1BY6WEcLGh8j5v7,1842.29,180.586,162.429,6259721.429
10-06-2020 00:45,pkci93gMrogZuBj,0,0,0,7362716.000
31-05-2020 05:00,z9Y9gH1T5YWrNuG,0,0,0,7127597.000
11-06-2020 02:30,z9Y9gH1T5YWrNuG,0,0,0,7205465.000
05-06-2020 08:30,1BY6WEcLGh8j5v7,6095.38,597.025,499.25,6405879.250
19-05-2020 03:45,ih0vzX44oOqAx2f,0,0,0,6210487.000
19-05-2020 09:00,McdE0feGgRqW7Ca,5265.43,516.157,679.714,7185770.714
04-06-2020 18:00,ZoEaEvLYb1n2sOq,875.75,85.025,8021,7251522.000
16-05-2020 19:30,1IF53ai7Xc0U56Y,0,0,6592,6196594.000
18-05-2020 17:00,zVJPv84UY57bAof,2228.71,218.514,5261.86,7141276.857
30-05-2020 08:30,1BY6WEcLGh8j5v7,3374.88,331.812,452,6365826.000
04-06-2020 01:15,z9Y9gH1T5YWrNuG,0,0,0,7155113.000
17-06-2020 11:30,bvBOhCH3iADSZry,6996.43,685.186,2135.57,6535684.571
07-06-2020 11:15,pkci93gMrogZuBj,13720,1337.71,2723.86,7340641.857
04-06-2020 11:45,adLQvlD726eNBSB,10971.9,1071.55,3442.75,6425709.750
17-06-2020 13:15,ZoEaEvLYb1n2sOq,8219.86,804.443,4034.71,7339916.714
01-06-2020 00:45,YxYtjZvoooNbGkE,0,0,0,7305739.000
17-06-2020 04:15,ZnxXDlPa8U1GXgE,0,0,0,6764808.000
10-06-2020 05:30,pkci93gMrogZuBj,0,0,0,7362716.000
29-05-2020 15:15,1BY6WEcLGh8j5v7,7373.86,722,6476.71,6364286.714
01-06-2020 15:45,rGa61gmuvPhdLxV,1476.62,144.088,5332.5,7241664.500
28-05-2020 08:00,sjndEbLyjtCKgGv,4920.25,482.475,410.875,7112975.875
16-05-2020 03:30,VHMLBKoKgIrUVDU,0,0,0,7212666.000
03-06-2020 15:30,iCRJl6heRkivqQ3,7209.12,705.763,6924.5,7324737.500
11-06-2020 23:15,zVJPv84UY57bAof,0,0,5671,7322687.000
03-06-2020 07:45,rGa61gmuvPhdLxV,3302.86,324.743,241.286,7249571.286
17-06-2020 23:30,bvBOhCH3iADSZry,0,0,5460,6539009.000
15-05-2020 00:00,WRmjgnKYAwPKWDb,0,0,0,7028673.000
08-06-2020 16:00,McdE0feGgRqW7Ca,5062,495.357,7924.14,7346126.143
15-06-2020 05:00,z9Y9gH1T5YWrNuG,0,0,0,7232468.000
07-06-2020 10:00,ih0vzX44oOqAx2f,6484.57,635.243,1475.29,6352148.286
23-05-2020 12:45,bvBOhCH3iADSZry,8297.88,812.062,4509.88,6373417.875
23-05-2020 13:30,ZnxXDlPa8U1GXgE,11632.4,1134.59,5697.57,6584836.571
12-06-2020 17:45,z9Y9gH1T5YWrNuG,1539.14,150.2,5754.71,7216818.714
16-05-2020 04:15,1BY6WEcLGh8j5v7,0,0,0,6265313.000
17-05-2020 13:30,pkci93gMrogZuBj,12090.4,1179.4,5047.86,7186697.857
03-06-2020 07:00,pkci93gMrogZuBj,1433.88,139.838,60.875,7307710.875
12-06-2020 20:15,sjndEbLyjtCKgGv,0,0,5847,7227101.000
15-06-2020 05:45,z9Y9gH1T5YWrNuG,0,0,0,7232468.000
10-06-2020 04:15,VHMLBKoKgIrUVDU,0,0,0,7402816.000
07-06-2020 22:00,McdE0feGgRqW7Ca,0,0,7042,7338202.000
09-06-2020 23:00,ZoEaEvLYb1n2sOq,0,0,7955,7289679.000
03-06-2020 05:00,1BY6WEcLGh8j5v7,0,0,0,6390468.000
11-06-2020 11:00,ZnxXDlPa8U1GXgE,7253.29,710.229,1509.14,6725719.143
13-06-2020 17:30,McdE0feGgRqW7Ca,1252.14,122.1,8534.14,7381862.143
17-06-2020 08:30,VHMLBKoKgIrUVDU,4175.29,410.171,499.286,7450700.286
11-06-2020 02:00,z9Y9gH1T5YWrNuG,0,0,0,7205465.000
26-05-2020 15:15,VHMLBKoKgIrUVDU,4107,403.171,6901,7296426.000
20-05-2020 08:30,McdE0feGgRqW7Ca,6830.38,668.987,696.125,7192794.125
18-05-2020 06:15,ZnxXDlPa8U1GXgE,402,38.8714,6.28571,6542744.286
04-06-2020 23:45,iCRJl6heRkivqQ3,0,0,0,7334000.000
13-06-2020 03:45,zVJPv84UY57bAof,0,0,0,7328550.000
08-06-2020 16:00,iCRJl6heRkivqQ3,5006.86,489.957,7779.14,7364290.143
04-06-2020 21:15,zVJPv84UY57bAof,0,0,0,7271273.000
11-06-2020 16:15,zBIq5rxdHJRwDNY,4516.14,443.243,5236.29,6543139.286
28-05-2020 13:15,1BY6WEcLGh8j5v7,9341.88,911.9,5487.38,6355320.375
11-06-2020 04:15,VHMLBKoKgIrUVDU,0,0,0,7409295.000
23-05-2020 11:45,uHbuxQJl8lW7ozc,12081.7,1178.41,3715,7098968.000
30-05-2020 02:30,3PZuoBAID5Wc2HD,0,0,0,7102189.000
19-05-2020 15:00,1BY6WEcLGh8j5v7,6554,641.913,5354.75,6289002.750
17-06-2020 01:00,WRmjgnKYAwPKWDb,0,0,0,7267579.000
30-05-2020 16:00,VHMLBKoKgIrUVDU,6691.43,655.4,6633.57,7327692.571
11-06-2020 15:45,1BY6WEcLGh8j5v7,5787.43,567.229,4650.14,6449631.143
03-06-2020 04:00,YxYtjZvoooNbGkE,0,0,0,7318929.000
16-05-2020 10:30,zVJPv84UY57bAof,8549.12,836.413,1855,7123971.000
16-05-2020 22:15,WRmjgnKYAwPKWDb,0,0,6615,7041430.000
18-05-2020 02:30,bvBOhCH3iADSZry,0,0,0,6335576.000
03-06-2020 07:00,VHMLBKoKgIrUVDU,1477,144.086,63,7347807.000
22-05-2020 12:00,zBIq5rxdHJRwDNY,12931,1261.14,3250.57,6391849.571
03-06-2020 05:15,uHbuxQJl8lW7ozc,0,0,0,7178405.000
01-06-2020 09:15,iCRJl6heRkivqQ3,5820.62,570.5,1250.62,7305817.625
22-05-2020 07:30,z9Y9gH1T5YWrNuG,4389.38,431.15,248.5,7057395.500
13-06-2020 21:45,McdE0feGgRqW7Ca,0,0,8595,7381923.000
22-05-2020 14:15,WRmjgnKYAwPKWDb,9954.14,971.371,5630.86,7082988.857
15-05-2020 07:00,ZnxXDlPa8U1GXgE,1904.57,186.7,81,6522253.000
26-05-2020 21:00,z9Y9gH1T5YWrNuG,0,0,0,7097183.000
26-05-2020 10:00,pkci93gMrogZuBj,10639.3,1039.94,1939.86,7252458.857
15-05-2020 13:30,ih0vzX44oOqAx2f,7921.5,775.375,3882.5,6189058.857
01-06-2020 17:00,YxYtjZvoooNbGkE,1311.43,127.586,5684.29,7311423.286
06-06-2020 18:30,ZnxXDlPa8U1GXgE,0,0,6355,6693054.000
13-06-2020 22:30,ih0vzX44oOqAx2f,0,0,8255,6400518.000
25-05-2020 11:45,sjndEbLyjtCKgGv,12518.6,1220.56,3881.57,7093232.571
01-06-2020 17:00,z9Y9gH1T5YWrNuG,1293.57,125.857,5840,7139737.000
22-05-2020 12:00,WRmjgnKYAwPKWDb,12776.5,1246.01,3342.38,7080700.375
05-06-2020 00:30,sjndEbLyjtCKgGv,0,0,0,7171518.000
15-06-2020 14:15,WRmjgnKYAwPKWDb,6278.62,614.625,5125.75,7259709.750
17-05-2020 10:00,iCRJl6heRkivqQ3,9923.5,970.275,1795.38,7192643.375
21-05-2020 17:15,ZoEaEvLYb1n2sOq,752.625,72.9875,7572.25,7146640.250
10-06-2020 21:45,iCRJl6heRkivqQ3,0,0,6559,7379779.000
28-05-2020 18:30,1IF53ai7Xc0U56Y,74.5,7.1875,8495.5,6289957.500
15-06-2020 08:00,zBIq5rxdHJRwDNY,6383,625.329,378.571,6565515.571
24-05-2020 09:30,VHMLBKoKgIrUVDU,9140.38,893.938,1415,7273747.000
09-06-2020 01:45,z9Y9gH1T5YWrNuG,0,0,0,7191424.000
21-05-2020 17:30,zVJPv84UY57bAof,593.143,57.4,7915,7165094.000
06-06-2020 21:45,1IF53ai7Xc0U56Y,0,0,6542,6355099.000
23-05-2020 04:45,adLQvlD726eNBSB,0,0,0,6328951.000
02-06-2020 12:45,uHbuxQJl8lW7ozc,11014.6,1075.83,4156,7175098.000
25-05-2020 19:30,YxYtjZvoooNbGkE,0,0,8813,7261464.000
19-05-2020 07:30,iCRJl6heRkivqQ3,2732.86,268.157,177.429,7203944.429
03-06-2020 19:15,1BY6WEcLGh8j5v7,0,0,7341,6397809.000
10-06-2020 03:45,YxYtjZvoooNbGkE,0,0,0,7373268.000
08-06-2020 08:15,ZnxXDlPa8U1GXgE,3355.86,329.929,454.429,6701717.429
27-05-2020 16:00,ZnxXDlPa8U1GXgE,6815.29,667.514,6163.86,6618812.857
22-05-2020 03:45,3PZuoBAID5Wc2HD,0,0,0,7037301.000
08-06-2020 11:30,VHMLBKoKgIrUVDU,10768.1,1051.24,3644.5,7389852.500
22-05-2020 13:30,ZoEaEvLYb1n2sOq,10354.6,1010.61,4759.25,7151444.250
09-06-2020 06:30,WRmjgnKYAwPKWDb,895.286,86.9429,24.8571,7213025.857
07-06-2020 08:30,adLQvlD726eNBSB,3756.57,369.171,500.714,6445531.714
09-06-2020 05:45,iCRJl6heRkivqQ3,0,0,0,7364955.000
16-06-2020 21:30,WRmjgnKYAwPKWDb,0,0,6264,7267579.000
15-06-2020 18:15,WRmjgnKYAwPKWDb,231.143,22.3286,6727.86,7261311.857
08-06-2020 15:30,uHbuxQJl8lW7ozc,5998.29,587.514,7456.29,7224605.286
18-05-2020 02:30,z9Y9gH1T5YWrNuG,0,0,0,7028226.000
08-06-2020 10:15,WRmjgnKYAwPKWDb,10232.6,998.457,2199.57,7206881.571
10-06-2020 03:45,bvBOhCH3iADSZry,0,0,0,6493347.000
28-05-2020 14:15,zBIq5rxdHJRwDNY,6235.29,610.414,6122.14,6440205.143
06-06-2020 04:45,wCURE6d3bPkepu2,0,0,0,6946769.000
15-05-2020 01:45,McdE0feGgRqW7Ca,0,0,0,7158964.000
06-06-2020 10:15,zVJPv84UY57bAof,9142.5,892.95,2022.62,7281112.625
10-06-2020 16:45,z9Y9gH1T5YWrNuG,2812.71,276.014,6178,7205231.000
12-06-2020 08:15,VHMLBKoKgIrUVDU,2843.57,278.9,210.286,7415221.286
20-05-2020 05:30,WRmjgnKYAwPKWDb,0,0,0,7060932.000
23-05-2020 04:00,rGa61gmuvPhdLxV,0,0,0,7167141.000
20-05-2020 02:15,bvBOhCH3iADSZry,0,0,0,6346907.000
09-06-2020 10:15,ZoEaEvLYb1n2sOq,10480.7,1023.01,2043.43,7283767.429
04-06-2020 05:15,ZoEaEvLYb1n2sOq,0,0,0,7243501.000
04-06-2020 20:30,rGa61gmuvPhdLxV,0,0,0,7265349.000
28-05-2020 15:30,uHbuxQJl8lW7ozc,8506.75,832.438,7509.62,7142767.625
16-05-2020 14:15,VHMLBKoKgIrUVDU,8806.29,861.557,5246.57,7217912.571
21-05-2020 20:45,rGa61gmuvPhdLxV,0,0,7766,7160399.000
22-05-2020 00:00,ZnxXDlPa8U1GXgE,0,0,0,6571864.000
15-05-2020 14:30,1BY6WEcLGh8j5v7,5429.86,532.229,4398.14,6263957.143
03-06-2020 11:30,uHbuxQJl8lW7ozc,10980.9,1072.64,2709.29,7181114.286
10-06-2020 17:00,WRmjgnKYAwPKWDb,2358.29,231.229,6217.57,7227195.571
27-05-2020 12:00,bvBOhCH3iADSZry,9487.62,926.825,3386.88,6403086.875
22-05-2020 04:15,ZnxXDlPa8U1GXgE,0,0,0,6571864.000
02-06-2020 13:15,z9Y9gH1T5YWrNuG,11597,1131.78,4661.25,7144489.250
01-06-2020 01:00,WRmjgnKYAwPKWDb,0,0,0,7153866.000
07-06-2020 13:30,1IF53ai7Xc0U56Y,10051.5,981.15,5576.25,6360675.250
24-05-2020 14:00,VHMLBKoKgIrUVDU,7146.14,699.586,6230.71,7278562.714
01-06-2020 13:45,7JYdWkrLSPkdwr4,5884,576.55,4884,7732705.000
02-06-2020 14:00,McdE0feGgRqW7Ca,6804.57,666.443,5582.86,7298334.857
14-06-2020 23:00,wCURE6d3bPkepu2,0,0,7329,7009698.000
11-06-2020 12:30,WRmjgnKYAwPKWDb,8017.88,784.8,2735.88,7230102.875
01-06-2020 11:45,wCURE6d3bPkepu2,7522.86,735.657,3608.86,6913013.857
08-06-2020 23:45,VHMLBKoKgIrUVDU,0,0,8488,7394696.000
08-06-2020 06:15,pkci93gMrogZuBj,446.75,43.225,6.5,7346138.500
03-06-2020 19:30,zVJPv84UY57bAof,0,0,7836,7263053.000
26-05-2020 01:15,3PZuoBAID5Wc2HD,0,0,0,7070636.000
24-05-2020 11:45,pkci93gMrogZuBj,10562.1,1030.63,3304,7236979.000
28-05-2020 12:15,zVJPv84UY57bAof,13075,1275.25,4448.83,7216530.833
02-06-2020 20:45,zBIq5rxdHJRwDNY,0,0,7421,6476454.000
10-06-2020 23:15,z9Y9gH1T5YWrNuG,0,0,6412,7205465.000
15-06-2020 09:00,pkci93gMrogZuBj,7296.86,714.386,1071.57,7397493.571
10-06-2020 17:15,iCRJl6heRkivqQ3,2532.86,248.386,6447.86,7379667.857
07-06-2020 23:00,rGa61gmuvPhdLxV,0,0,8172,7287673.000
17-05-2020 08:15,zBIq5rxdHJRwDNY,5089.29,498.929,478,6352628.000
05-06-2020 14:00,pkci93gMrogZuBj,10713.9,1045.72,5207.75,7328898.750
19-05-2020 01:15,sjndEbLyjtCKgGv,0,0,0,7042405.000
03-06-2020 07:30,7JYdWkrLSPkdwr4,2803.29,274.957,169.143,7741042.143
03-06-2020 00:30,adLQvlD726eNBSB,0,0,0,6414276.000
17-06-2020 05:45,wCURE6d3bPkepu2,0,0,0,7022718.000
23-05-2020 08:00,uHbuxQJl8lW7ozc,4528.86,444.529,328,7095581.000
08-06-2020 19:30,uHbuxQJl8lW7ozc,0,0,8405,7225554.000
18-05-2020 21:45,WRmjgnKYAwPKWDb,0,0,5348,7054452.000
26-05-2020 20:00,ZnxXDlPa8U1GXgE,0,0,0,6612649.000
06-06-2020 08:15,ZoEaEvLYb1n2sOq,5377.38,527.163,592,7259667.000
10-06-2020 18:30,ZnxXDlPa8U1GXgE,0,0,6438,6724210.000
20-05-2020 12:15,ZoEaEvLYb1n2sOq,12727.4,1240.91,4433,7134765.000
17-06-2020 08:30,adLQvlD726eNBSB,4253.14,417.786,512.857,6518910.857
03-06-2020 20:00,1IF53ai7Xc0U56Y,0,0,7875,6332659.000
08-06-2020 19:30,7JYdWkrLSPkdwr4,0,0,8283,7786793.000
09-06-2020 13:00,z9Y9gH1T5YWrNuG,10550.6,1029.8,4521.25,7195945.250
30-05-2020 19:15,3PZuoBAID5Wc2HD,0,0,7299,7109488.000
09-06-2020 17:30,VHMLBKoKgIrUVDU,2075.57,203.471,8026.71,7402722.714
23-05-2020 03:15,McdE0feGgRqW7Ca,0,0,0,7215952.000
17-06-2020 21:15,McdE0feGgRqW7Ca,0,0,5992,7408587.000
15-05-2020 00:15,pkci93gMrogZuBj,0,0,0,7169102.000
11-06-2020 15:00,zBIq5rxdHJRwDNY,7452.43,729.529,4468.57,6542371.571
17-06-2020 20:15,YxYtjZvoooNbGkE,0,0,5886,7425442.000
28-05-2020 11:45,1BY6WEcLGh8j5v7,12244.2,1194.14,3740.38,6353573.375
28-05-2020 07:45,zBIq5rxdHJRwDNY,3953.71,388.5,286.429,6434369.429
11-06-2020 16:45,ih0vzX44oOqAx2f,3077.57,302.243,5297.57,6386329.571
12-06-2020 15:30,wCURE6d3bPkepu2,5845.14,572.786,5188.14,6993242.143
10-06-2020 18:00,1BY6WEcLGh8j5v7,517.286,50.0714,5902.57,6444972.571
26-05-2020 15:15,zVJPv84UY57bAof,5041.75,494.15,6630.25,7204239.250
15-05-2020 08:45,WRmjgnKYAwPKWDb,5739.71,562.643,627.286,7029300.286
17-06-2020 10:00,bvBOhCH3iADSZry,5737.14,562.243,1171.29,6534720.286
26-05-2020 20:30,VHMLBKoKgIrUVDU,0,0,0,7297615.000
28-05-2020 12:00,bvBOhCH3iADSZry,11920.1,1162.61,3925.29,6409758.286
31-05-2020 06:00,adLQvlD726eNBSB,128.25,12.375,0.625,6394771.625
04-06-2020 11:15,McdE0feGgRqW7Ca,9468.5,925.35,2941.5,7311310.500
01-06-2020 06:00,ZnxXDlPa8U1GXgE,86.7143,8.37143,0.714286,6649525.714
27-05-2020 03:30,YxYtjZvoooNbGkE,0,0,0,7269333.000
23-05-2020 12:45,pkci93gMrogZuBj,9082.5,888.487,4861,7230061.000
04-06-2020 08:45,uHbuxQJl8lW7ozc,4740,464.7,737.571,7186992.571
11-06-2020 04:30,ZnxXDlPa8U1GXgE,0,0,0,6724210.000
06-06-2020 00:15,3PZuoBAID5Wc2HD,0,0,0,7152486.000
21-05-2020 15:00,pkci93gMrogZuBj,8042.43,786.829,6795.86,7216993.857
01-06-2020 19:30,3PZuoBAID5Wc2HD,0,0,5965,7121269.000
04-06-2020 23:15,sjndEbLyjtCKgGv,0,0,0,7171518.000
15-06-2020 04:45,1BY6WEcLGh8j5v7,0,0,0,6467675.000
19-05-2020 20:00,z9Y9gH1T5YWrNuG,0,0,6892,7040465.000
09-06-2020 06:15,rGa61gmuvPhdLxV,471.143,45.5429,9.42857,7295973.429
07-06-2020 07:30,sjndEbLyjtCKgGv,2081.57,204.057,180,7185836.000
16-06-2020 08:30,zVJPv84UY57bAof,5655.25,554.263,586.875,7351686.875
12-06-2020 08:00,rGa61gmuvPhdLxV,1844.86,180.614,151.857,7316583.857
01-06-2020 11:00,1IF53ai7Xc0U56Y,11808,1152.11,2945.86,6314377.857
20-05-2020 06:00,WRmjgnKYAwPKWDb,123.25,11.9125,0.25,7060932.250
07-06-2020 14:30,1IF53ai7Xc0U56Y,7881.43,770.443,6468.14,6361567.143
05-06-2020 23:00,ZnxXDlPa8U1GXgE,0,0,0,6686699.000
21-05-2020 15:30,ZoEaEvLYb1n2sOq,7732.88,756.95,6965.88,7146033.875
14-06-2020 22:15,sjndEbLyjtCKgGv,0,0,7307,7242811.000
10-06-2020 02:30,7JYdWkrLSPkdwr4,0,0,0,7794729.000
01-06-2020 20:30,3PZuoBAID5Wc2HD,0,0,5965,7121269.000
19-05-2020 14:15,ih0vzX44oOqAx2f,9786.12,956.913,4924.62,6215411.625
03-06-2020 20:45,WRmjgnKYAwPKWDb,0,0,7710,7174627.000
07-06-2020 00:45,VHMLBKoKgIrUVDU,0,0,0,7377989.000
18-05-2020 10:00,iCRJl6heRkivqQ3,1745.12,171.05,625.875,7198992.875
15-05-2020 01:30,pkci93gMrogZuBj,0,0,0,7169102.000
23-05-2020 15:00,1BY6WEcLGh8j5v7,5902.12,578.4,6562,6318999.000
22-05-2020 00:00,ZoEaEvLYb1n2sOq,0,0,0,7146685.000
02-06-2020 13:00,7JYdWkrLSPkdwr4,12426.4,1211.94,4300.75,7737924.750
16-05-2020 06:00,ZnxXDlPa8U1GXgE,67.125,6.4875,0,6528476.000
19-05-2020 04:45,YxYtjZvoooNbGkE,0,0,0,7205598.000
14-06-2020 22:30,1IF53ai7Xc0U56Y,0,0,7487,6414368.000
25-05-2020 20:15,3PZuoBAID5Wc2HD,0,0,9068,7070636.000
17-05-2020 06:45,3PZuoBAID5Wc2HD,942.857,91.5714,24.2857,7000713.286
09-06-2020 20:30,WRmjgnKYAwPKWDb,0,0,7977,7220978.000
16-05-2020 08:00,1IF53ai7Xc0U56Y,4387,430.786,342.857,6190344.857
14-06-2020 22:00,uHbuxQJl8lW7ozc,0,0,7306,7267837.000
12-06-2020 13:45,uHbuxQJl8lW7ozc,9472.43,926.414,4039.86,7250245.857
30-05-2020 12:45,3PZuoBAID5Wc2HD,10837,1057.93,3511.14,7105700.143
12-06-2020 13:15,YxYtjZvoooNbGkE,7790.29,762.614,3563.43,7388842.429
21-05-2020 17:00,VHMLBKoKgIrUVDU,1078,104.787,7774,7256298.000
17-06-2020 09:00,pkci93gMrogZuBj,5045.14,494.643,683,7410161.000
02-06-2020 11:00,WRmjgnKYAwPKWDb,9611.43,939.643,2627.43,7162327.429
23-05-2020 21:00,wCURE6d3bPkepu2,0,0,8605,6847830.000
05-06-2020 16:30,zBIq5rxdHJRwDNY,6549.43,641.529,7122.43,6499701.429
21-05-2020 10:15,bvBOhCH3iADSZry,5717.29,560.014,1846.43,6356884.429
14-06-2020 03:15,3PZuoBAID5Wc2HD,0,0,0,7210719.000
04-06-2020 12:30,ih0vzX44oOqAx2f,9128.62,891.462,4025.75,6333035.750
06-06-2020 13:00,pkci93gMrogZuBj,12199.7,1189.9,4404.43,7335891.429
06-06-2020 02:00,7JYdWkrLSPkdwr4,0,0,0,7764140.000
24-05-2020 16:00,wCURE6d3bPkepu2,3072.88,301.5,7367.12,6855197.125
11-06-2020 02:15,WRmjgnKYAwPKWDb,0,0,0,7227367.000
31-05-2020 04:30,bvBOhCH3iADSZry,0,0,0,6427681.000
15-06-2020 13:45,uHbuxQJl8lW7ozc,3809.43,374.386,5040.57,7272877.571
18-05-2020 00:30,rGa61gmuvPhdLxV,0,0,0,7131537.000
28-05-2020 20:30,zBIq5rxdHJRwDNY,0,0,7911,6441994.000
09-06-2020 03:15,VHMLBKoKgIrUVDU,0,0,0,7394696.000
31-05-2020 23:15,bvBOhCH3iADSZry,0,0,5586,6433267.000
11-06-2020 04:00,wCURE6d3bPkepu2,0,0,0,6982403.000
15-06-2020 23:15,VHMLBKoKgIrUVDU,0,0,6814,7443869.000
21-05-2020 08:45,VHMLBKoKgIrUVDU,7882.57,771.629,846.714,7249370.714
31-05-2020 18:15,3PZuoBAID5Wc2HD,261.625,25.275,5812.5,7115300.500
04-06-2020 15:30,iCRJl6heRkivqQ3,8758.29,856.843,6996.14,7332692.143
01-06-2020 20:15,wCURE6d3bPkepu2,0,0,5939,6915344.000
14-06-2020 14:00,adLQvlD726eNBSB,14416.1,1405.59,5471.29,6502967.286
08-06-2020 04:30,ZoEaEvLYb1n2sOq,0,0,0,7273453.000
10-06-2020 00:15,7JYdWkrLSPkdwr4,0,0,0,7794729.000
31-05-2020 01:15,WRmjgnKYAwPKWDb,0,0,0,7148029.000
03-06-2020 06:30,adLQvlD726eNBSB,638.571,61.8143,16,6414292.000
22-05-2020 09:30,3PZuoBAID5Wc2HD,6131.29,600.786,1211.57,7038512.571
22-05-2020 05:45,VHMLBKoKgIrUVDU,0,0,0,7256361.000
29-05-2020 18:15,ZnxXDlPa8U1GXgE,128.714,12.4286,8149.14,6636065.143
02-06-2020 20:30,VHMLBKoKgIrUVDU,0,0,0,7347744.000
04-06-2020 17:30,bvBOhCH3iADSZry,2786.43,273.571,7359.57,6460083.571
27-05-2020 06:15,WRmjgnKYAwPKWDb,387.375,37.4625,7,7117887.000
17-05-2020 23:45,ZnxXDlPa8U1GXgE,0,0,7586,6542738.000
18-05-2020 19:30,adLQvlD726eNBSB,0,0,5506,6297816.000
28-05-2020 03:45,uHbuxQJl8lW7ozc,0,0,0,7135258.000
16-06-2020 16:00,pkci93gMrogZuBj,5086.57,498.757,5808.29,7409025.286
10-06-2020 08:00,ZoEaEvLYb1n2sOq,4314.29,423.3,401.571,7290080.571
08-06-2020 02:00,1BY6WEcLGh8j5v7,0,0,0,6423750.000
10-06-2020 05:00,rGa61gmuvPhdLxV,0,0,0,7304204.000
07-06-2020 19:30,1BY6WEcLGh8j5v7,0,0,5268,6423750.000
09-06-2020 19:15,zBIq5rxdHJRwDNY,0,0,8136,6531405.000
16-06-2020 12:45,adLQvlD726eNBSB,8103.12,792.175,3936.75,6515938.750
28-05-2020 16:00,1IF53ai7Xc0U56Y,2989.5,293.4,7939,6289401.000
11-06-2020 20:30,McdE0feGgRqW7Ca,0,0,5750,7367373.000
26-05-2020 14:45,rGa61gmuvPhdLxV,4273.25,419.613,6337.75,7198439.750
01-06-2020 17:00,WRmjgnKYAwPKWDb,1324.71,128.914,5742.57,7159608.571
13-06-2020 01:15,wCURE6d3bPkepu2,0,0,0,6993908.000
07-06-2020 07:15,WRmjgnKYAwPKWDb,1860.75,182.412,135.625,7196746.625
05-06-2020 11:30,ZoEaEvLYb1n2sOq,13248.8,1291.76,3030.12,7254570.125
31-05-2020 21:30,zBIq5rxdHJRwDNY,0,0,0,6463239.000
16-05-2020 21:45,YxYtjZvoooNbGkE,0,0,6475,7192732.000
17-05-2020 06:00,VHMLBKoKgIrUVDU,0,0,0,7219380.000
04-06-2020 17:15,zVJPv84UY57bAof,3906.38,383.85,8016.12,7271069.125
11-06-2020 15:30,7JYdWkrLSPkdwr4,7061.5,691.562,4757.38,7805848.375
21-05-2020 23:15,1IF53ai7Xc0U56Y,0,0,0,6233247.000
09-06-2020 07:00,ZoEaEvLYb1n2sOq,2152.38,211,92.5,7281816.500
03-06-2020 07:00,ZnxXDlPa8U1GXgE,1452.86,141.714,61.5714,6663029.571
01-06-2020 11:45,z9Y9gH1T5YWrNuG,8061,787.714,3585,7137482.000
19-05-2020 06:45,YxYtjZvoooNbGkE,727.143,70.6286,12.1429,7205610.143
08-06-2020 04:00,ih0vzX44oOqAx2f,0,0,0,6358692.000
20-05-2020 09:15,adLQvlD726eNBSB,8803,861.3,1336.75,6305849.750
05-06-2020 01:00,iCRJl6heRkivqQ3,0,0,0,7334000.000
08-06-2020 01:45,ih0vzX44oOqAx2f,0,0,0,6358692.000
16-05-2020 11:45,rGa61gmuvPhdLxV,8220.29,804.386,2781,7120647.000
04-06-2020 09:00,VHMLBKoKgIrUVDU,7704.14,754.043,973.857,7356634.857
06-06-2020 01:30,zBIq5rxdHJRwDNY,0,0,0,6500302.000
23-05-2020 01:00,adLQvlD726eNBSB,0,0,0,6328951.000
13-06-2020 07:30,ZnxXDlPa8U1GXgE,3369.71,331.314,199.571,6735984.571
23-05-2020 15:15,3PZuoBAID5Wc2HD,7658.88,749.763,7365.88,7051981.875
12-06-2020 22:45,z9Y9gH1T5YWrNuG,0,0,5803,7216867.000
13-06-2020 06:15,7JYdWkrLSPkdwr4,379.429,36.6429,6.57143,7812423.571
11-06-2020 04:45,adLQvlD726eNBSB,0,0,0,6476944.000
07-06-2020 07:45,ZnxXDlPa8U1GXgE,2481.88,243.363,233.625,6693287.625
09-06-2020 02:45,ZoEaEvLYb1n2sOq,0,0,0,7281724.000
06-06-2020 06:45,pkci93gMrogZuBj,1329.29,129.614,43.8571,7331530.857
22-05-2020 12:00,3PZuoBAID5Wc2HD,13163.5,1283.59,3360.88,7040661.875
09-06-2020 20:00,bvBOhCH3iADSZry,0,0,7361,6493347.000
14-06-2020 14:30,ZnxXDlPa8U1GXgE,8068,789.2,5845.86,6750188.857
16-06-2020 22:45,ZoEaEvLYb1n2sOq,0,0,6191,7335882.000
04-06-2020 21:30,adLQvlD726eNBSB,0,0,8314,6430581.000
20-05-2020 00:15,WRmjgnKYAwPKWDb,0,0,0,7060932.000
20-05-2020 20:00,VHMLBKoKgIrUVDU,0,0,8982,7248524.000
30-05-2020 11:45,iCRJl6heRkivqQ3,8824.12,862.962,2305.75,7293558.750
14-06-2020 04:45,adLQvlD726eNBSB,0,0,0,6497496.000
09-06-2020 07:00,bvBOhCH3iADSZry,2077.12,203.637,90.25,6486076.250
08-06-2020 22:00,VHMLBKoKgIrUVDU,0,0,8488,7394696.000
21-05-2020 22:45,1BY6WEcLGh8j5v7,0,0,7243,6305589.000
26-05-2020 09:00,zBIq5rxdHJRwDNY,7787.25,762.325,1000.75,6421201.750
23-05-2020 04:00,uHbuxQJl8lW7ozc,0,0,0,7095253.000
05-06-2020 07:30,sjndEbLyjtCKgGv,2134.5,209.275,162,7171680.000
16-06-2020 00:30,7JYdWkrLSPkdwr4,0,0,0,7834799.000
12-06-2020 01:15,zBIq5rxdHJRwDNY,0,0,0,6543550.000
22-05-2020 11:15,pkci93gMrogZuBj,7581.88,741.625,2411.88,7220387.875
16-05-2020 19:30,z9Y9gH1T5YWrNuG,0,0,6488,7020740.000
02-06-2020 01:15,ih0vzX44oOqAx2f,0,0,0,6313983.000
21-05-2020 20:15,iCRJl6heRkivqQ3,0,0,7837,7227442.000
17-05-2020 23:00,ZoEaEvLYb1n2sOq,0,0,7464,7118208.000
17-06-2020 04:30,1BY6WEcLGh8j5v7,0,0,0,6479798.000
16-06-2020 23:30,adLQvlD726eNBSB,0,0,6396,6518398.000
04-06-2020 04:00,McdE0feGgRqW7Ca,0,0,0,7308369.000
08-06-2020 13:15,ih0vzX44oOqAx2f,9809.43,957.586,5168.43,6363860.429
04-06-2020 16:00,sjndEbLyjtCKgGv,7963.12,779.438,7353.38,7170646.375
28-05-2020 04:30,ZoEaEvLYb1n2sOq,0,0,0,7193291.000
10-06-2020 20:15,zBIq5rxdHJRwDNY,0,0,6498,6537903.000
17-06-2020 23:30,7JYdWkrLSPkdwr4,0,0,5856,7846821.000
25-05-2020 07:00,McdE0feGgRqW7Ca,1718,168.271,74,7232765.000
01-06-2020 09:45,iCRJl6heRkivqQ3,7641,747.45,1557.75,7306124.750
11-06-2020 13:30,pkci93gMrogZuBj,4921.43,482.743,3371.71,7372665.714
17-05-2020 22:00,ZnxXDlPa8U1GXgE,0,0,7586,6542738.000
22-05-2020 18:15,wCURE6d3bPkepu2,120.25,11.6125,7168.5,6839223.500
26-05-2020 22:15,adLQvlD726eNBSB,0,0,0,6363516.000
09-06-2020 05:30,1IF53ai7Xc0U56Y,0,0,0,6371833.000
01-06-2020 11:15,ZnxXDlPa8U1GXgE,12631.1,1231.97,3078,6652603.000
26-05-2020 20:30,ZnxXDlPa8U1GXgE,0,0,0,6612649.000
08-06-2020 17:45,rGa61gmuvPhdLxV,1304.12,127.2,8242.75,7295915.750
16-05-2020 08:15,WRmjgnKYAwPKWDb,4961.25,486.4,450,7035265.000
22-05-2020 10:45,z9Y9gH1T5YWrNuG,8654.5,845.725,1975.88,7059122.875
19-05-2020 16:30,7JYdWkrLSPkdwr4,4571.5,448.6,6538.5,7634910.500
22-05-2020 03:15,wCURE6d3bPkepu2,0,0,0,6832055.000
23-05-2020 03:30,adLQvlD726eNBSB,0,0,0,6328951.000
15-05-2020 01:00,1IF53ai7Xc0U56Y,0,0,0,6183645.000
17-06-2020 09:30,z9Y9gH1T5YWrNuG,6939.57,679.557,961.429,7246346.429
12-06-2020 14:00,bvBOhCH3iADSZry,8093.43,792.143,3898.43,6508305.429
01-06-2020 06:00,iCRJl6heRkivqQ3,72.625,7,0.625,7304567.625
28-05-2020 16:15,adLQvlD726eNBSB,4704.14,460.971,8172.86,6378545.857
02-06-2020 06:30,sjndEbLyjtCKgGv,475.857,46,17.2857,7148025.286
30-05-2020 18:30,McdE0feGgRqW7Ca,39,3.7625,7351.75,7280564.750
24-05-2020 04:00,bvBOhCH3iADSZry,0,0,0,6376772.000
27-05-2020 22:00,VHMLBKoKgIrUVDU,0,0,6763,7304378.000
08-06-2020 14:00,sjndEbLyjtCKgGv,8236.71,805.214,5927.14,7198481.143
16-06-2020 17:15,ZoEaEvLYb1n2sOq,1738.57,170.4,6081.43,7335772.429
17-05-2020 17:00,VHMLBKoKgIrUVDU,2049.88,200.963,7585,7226965.000
01-06-2020 21:00,sjndEbLyjtCKgGv,0,0,5766,7148008.000
13-06-2020 23:15,z9Y9gH1T5YWrNuG,0,0,8363,7225230.000
16-05-2020 03:30,pkci93gMrogZuBj,0,0,0,7175477.000
06-06-2020 07:30,z9Y9gH1T5YWrNuG,3751.86,368.757,250.571,7171251.571
30-05-2020 11:00,pkci93gMrogZuBj,6745.57,660.7,1659.86,7283194.857
30-05-2020 08:45,1BY6WEcLGh8j5v7,3208.86,315.3,533.286,6365907.286
05-06-2020 21:00,rGa61gmuvPhdLxV,0,0,7741,7273090.000
06-06-2020 06:00,WRmjgnKYAwPKWDb,144.75,13.975,0.5,7190270.500
28-05-2020 13:15,ZoEaEvLYb1n2sOq,10912.1,1064.76,5554.14,7198845.143
25-05-2020 13:30,z9Y9gH1T5YWrNuG,11493.6,1122.11,6045.25,7086683.250
17-06-2020 04:30,VHMLBKoKgIrUVDU,0,0,0,7450201.000
20-05-2020 12:30,WRmjgnKYAwPKWDb,12582.6,1227.1,4859.12,7065791.125
23-05-2020 13:30,7JYdWkrLSPkdwr4,11966.9,1167.16,5674.29,7664444.286
13-06-2020 01:00,uHbuxQJl8lW7ozc,0,0,0,7252094.000
08-06-2020 05:30,ZnxXDlPa8U1GXgE,0,0,0,6701263.000
09-06-2020 21:15,zVJPv84UY57bAof,0,0,8289,7310456.000
03-06-2020 14:30,McdE0feGgRqW7Ca,9602.75,938.513,6021.62,7306380.625
10-06-2020 04:45,ih0vzX44oOqAx2f,0,0,0,6374755.000
17-06-2020 07:15,sjndEbLyjtCKgGv,2074.5,203.488,54.125,7255848.125
15-05-2020 20:15,uHbuxQJl8lW7ozc,0,0,6387,7045068.000
09-06-2020 11:45,1IF53ai7Xc0U56Y,12066.6,1177.58,3855.88,6375688.875
19-05-2020 13:15,zBIq5rxdHJRwDNY,7647.5,748.612,4153.88,6369200.875
16-06-2020 02:15,YxYtjZvoooNbGkE,0,0,0,7413335.000
18-05-2020 11:15,uHbuxQJl8lW7ozc,7279.14,712.743,1165,7059958.000
18-05-2020 19:00,ZoEaEvLYb1n2sOq,0,0,5319,7123527.000
28-05-2020 06:00,7JYdWkrLSPkdwr4,146.429,14.1571,0.857143,7698550.857
28-05-2020 14:15,uHbuxQJl8lW7ozc,5081.57,498.357,6455.86,7141713.857
09-06-2020 17:45,adLQvlD726eNBSB,1459.12,142.45,8221.12,6470225.125
24-05-2020 16:30,wCURE6d3bPkepu2,3792,371.843,7557.57,6855387.571
06-06-2020 14:15,pkci93gMrogZuBj,12490.7,1218.61,5442.57,7336929.571
31-05-2020 20:45,iCRJl6heRkivqQ3,0,0,5969,7304567.000
04-06-2020 16:30,wCURE6d3bPkepu2,6016,589.462,7724.5,6938500.500
08-06-2020 02:30,zBIq5rxdHJRwDNY,0,0,0,6514911.000
15-05-2020 21:45,wCURE6d3bPkepu2,0,0,6329,6788927.000
27-05-2020 01:15,ZoEaEvLYb1n2sOq,0,0,0,7186690.000
10-06-2020 16:15,uHbuxQJl8lW7ozc,5291.71,518.7,6211.57,7240074.571
19-05-2020 14:45,WRmjgnKYAwPKWDb,9803.88,958.675,5469.62,7059921.625
31-05-2020 03:45,3PZuoBAID5Wc2HD,0,0,0,7109488.000
29-05-2020 08:00,YxYtjZvoooNbGkE,3329.62,327.15,323.375,7284727.375
09-06-2020 19:30,YxYtjZvoooNbGkE,0,0,7958,7373268.000
20-05-2020 05:45,ZoEaEvLYb1n2sOq,0,0,0,7130332.000
20-05-2020 10:30,rGa61gmuvPhdLxV,10900.4,1065.31,2408,7146220.000
01-06-2020 16:00,z9Y9gH1T5YWrNuG,1675.86,163.986,5671.71,7139568.714
30-05-2020 17:15,iCRJl6heRkivqQ3,2722.86,267.057,7217.29,7298470.286
15-05-2020 10:15,ih0vzX44oOqAx2f,8989,878.55,1529.5,6186695.250
13-06-2020 14:45,VHMLBKoKgIrUVDU,10534.9,1029.77,7126.29,7428040.286
07-06-2020 20:00,3PZuoBAID5Wc2HD,0,0,8242,7167224.000
26-05-2020 23:45,bvBOhCH3iADSZry,0,0,0,6399700.000
24-05-2020 02:30,1BY6WEcLGh8j5v7,0,0,0,6320403.000
13-06-2020 03:15,bvBOhCH3iADSZry,0,0,0,6509779.000
09-06-2020 17:45,sjndEbLyjtCKgGv,1463.88,142.887,8118.88,7209043.875
23-05-2020 22:00,3PZuoBAID5Wc2HD,0,0,8652,7053268.000
24-05-2020 00:30,YxYtjZvoooNbGkE,0,0,0,7244680.000
14-06-2020 16:30,uHbuxQJl8lW7ozc,2884,283.086,7075.86,7267606.857
30-05-2020 22:15,iCRJl6heRkivqQ3,0,0,7345,7298598.000
04-06-2020 17:00,zVJPv84UY57bAof,4209.86,413.543,7913.57,7270966.571
17-06-2020 23:00,ZnxXDlPa8U1GXgE,0,0,5929,6770737.000
17-05-2020 15:45,1IF53ai7Xc0U56Y,4531.14,444.486,7058.43,6203652.429
31-05-2020 01:45,3PZuoBAID5Wc2HD,0,0,0,7109488.000
14-06-2020 21:15,zVJPv84UY57bAof,0,0,7320,7344280.000
03-06-2020 00:00,McdE0feGgRqW7Ca,0,0,0,7300359.000
04-06-2020 10:15,pkci93gMrogZuBj,7956.43,778.129,1804.14,7317240.143
18-05-2020 08:15,ZoEaEvLYb1n2sOq,1364.75,133,334.5,7118542.500
24-05-2020 03:30,1IF53ai7Xc0U56Y,0,0,0,6249207.000
19-05-2020 03:45,ZoEaEvLYb1n2sOq,0,0,0,7123527.000
03-06-2020 09:30,iCRJl6heRkivqQ3,5756.29,564.143,1104.29,7318917.286
19-05-2020 09:30,iCRJl6heRkivqQ3,8663.29,847.5,1000,7204767.000
05-06-2020 00:15,YxYtjZvoooNbGkE,0,0,0,7334886.000
28-05-2020 16:15,McdE0feGgRqW7Ca,4482.43,439.314,8106,7264495.000
31-05-2020 15:00,VHMLBKoKgIrUVDU,2318.38,227.312,5445.75,7333774.750
30-05-2020 10:15,zVJPv84UY57bAof,4394.43,431.443,1264.57,7229951.571
01-06-2020 22:45,adLQvlD726eNBSB,0,0,6127,6406831.000
31-05-2020 11:45,zVJPv84UY57bAof,7815.5,764.475,3147.62,7239124.625
21-05-2020 11:00,WRmjgnKYAwPKWDb,12091.1,1179.74,2748.14,7072473.143
29-05-2020 22:30,1IF53ai7Xc0U56Y,0,0,8253,6298211.000
08-06-2020 17:30,bvBOhCH3iADSZry,1795.29,175.857,7609.86,6485902.857
10-06-2020 02:45,iCRJl6heRkivqQ3,0,0,0,7373220.000
19-05-2020 19:00,bvBOhCH3iADSZry,0,0,6369,6346907.000
11-06-2020 07:45,VHMLBKoKgIrUVDU,2051.43,201.086,135.286,7409430.286
22-05-2020 21:00,adLQvlD726eNBSB,0,0,7378,6328951.000
15-06-2020 13:30,3PZuoBAID5Wc2HD,3279.71,321.971,4911.43,7223134.429
17-05-2020 11:00,YxYtjZvoooNbGkE,11214.4,1093.8,2765,7195497.000
17-06-2020 10:30,zBIq5rxdHJRwDNY,7096.71,694.986,1565.71,6579117.714
05-06-2020 03:45,1BY6WEcLGh8j5v7,0,0,0,6405380.000
03-06-2020 04:00,z9Y9gH1T5YWrNuG,0,0,0,7147274.000
30-05-2020 20:00,zVJPv84UY57bAof,0,0,7290,7235977.000
03-06-2020 11:45,rGa61gmuvPhdLxV,12524.8,1221.85,2998.62,7252328.625
04-06-2020 12:00,WRmjgnKYAwPKWDb,12342.6,1203.74,3634,7178261.000
15-06-2020 23:30,WRmjgnKYAwPKWDb,0,0,6731,7261315.000
13-06-2020 14:00,bvBOhCH3iADSZry,10903.1,1064.46,5741.88,6515520.875
25-05-2020 17:30,7JYdWkrLSPkdwr4,708,68.6286,8741.86,7683982.857
05-06-2020 00:45,7JYdWkrLSPkdwr4,0,0,0,7756621.000
20-05-2020 04:00,zBIq5rxdHJRwDNY,0,0,0,6371971.000
17-05-2020 01:30,rGa61gmuvPhdLxV,0,0,0,7124099.000
08-06-2020 20:30,ih0vzX44oOqAx2f,0,0,8217,6366909.000
27-05-2020 13:45,1BY6WEcLGh8j5v7,4691.14,460.186,4478.86,6348147.857
06-06-2020 02:30,ZoEaEvLYb1n2sOq,0,0,0,7259075.000
17-05-2020 15:45,3PZuoBAID5Wc2HD,4026.86,395.371,7101.43,7007790.429
08-06-2020 06:45,ZoEaEvLYb1n2sOq,1097.57,106.7,46.2857,7273499.286
16-05-2020 16:30,zBIq5rxdHJRwDNY,2634,258.3,6138,6351914.000
15-05-2020 02:15,ZnxXDlPa8U1GXgE,0,0,0,6522172.000
03-06-2020 01:00,pkci93gMrogZuBj,0,0,0,7307650.000
11-06-2020 20:15,1IF53ai7Xc0U56Y,0,0,5704,6392324.000
31-05-2020 17:30,iCRJl6heRkivqQ3,1418.62,138.512,5904,7304502.000
31-05-2020 21:45,zVJPv84UY57bAof,0,0,6047,7242024.000
22-05-2020 16:00,pkci93gMrogZuBj,3174.62,312.175,6903.75,7224879.750
08-06-2020 01:45,iCRJl6heRkivqQ3,0,0,0,7356511.000
03-06-2020 05:00,z9Y9gH1T5YWrNuG,0,0,0,7147274.000
18-05-2020 14:15,adLQvlD726eNBSB,5077.29,497.729,3777.57,6296087.571
24-05-2020 02:45,z9Y9gH1T5YWrNuG,0,0,0,7072762.000
15-06-2020 15:15,ih0vzX44oOqAx2f,6085.25,596.175,5715.88,6413398.875
11-06-2020 06:00,pkci93gMrogZuBj,0,0,0,7369294.000
09-06-2020 13:15,uHbuxQJl8lW7ozc,11174,1091.04,5316.71,7230870.714
10-06-2020 04:15,z9Y9gH1T5YWrNuG,0,0,0,7199053.000
17-05-2020 09:15,McdE0feGgRqW7Ca,6657.14,652.029,1144.86,7173165.857
13-06-2020 11:45,zBIq5rxdHJRwDNY,13587.1,1324.74,3782,6553169.000
21-05-2020 16:15,z9Y9gH1T5YWrNuG,3439.29,338.1,7595.57,7056856.571
13-06-2020 19:30,sjndEbLyjtCKgGv,0,0,8403,7235504.000
13-06-2020 16:00,ZoEaEvLYb1n2sOq,7315.75,716.175,7915.12,7315300.125
25-05-2020 07:45,sjndEbLyjtCKgGv,3616.38,354.95,260.375,7089611.375
04-06-2020 03:15,1BY6WEcLGh8j5v7,0,0,0,6397809.000
16-05-2020 05:00,uHbuxQJl8lW7ozc,0,0,0,7045068.000
14-06-2020 04:00,uHbuxQJl8lW7ozc,0,0,0,7260531.000
31-05-2020 12:45,VHMLBKoKgIrUVDU,13596.9,1325.7,3934,7332263.000
26-05-2020 15:00,ZoEaEvLYb1n2sOq,4510.29,442.7,6493.86,7185407.857
01-06-2020 22:30,iCRJl6heRkivqQ3,0,0,5781,7310348.000
09-06-2020 22:15,zVJPv84UY57bAof,0,0,8289,7310456.000
27-05-2020 08:00,zVJPv84UY57bAof,4946.25,485,392.375,7205775.375
08-06-2020 15:15,VHMLBKoKgIrUVDU,9694.62,948.038,7282.62,7393490.625
15-06-2020 21:30,ih0vzX44oOqAx2f,0,0,6564,6414247.000
02-06-2020 23:30,VHMLBKoKgIrUVDU,0,0,0,7347744.000
27-05-2020 11:30,McdE0feGgRqW7Ca,12292.2,1198.88,3142.38,7252702.375
17-05-2020 11:30,pkci93gMrogZuBj,12708.1,1239.34,3356.25,7185006.250
05-06-2020 05:15,WRmjgnKYAwPKWDb,0,0,0,7182665.000
31-05-2020 10:00,rGa61gmuvPhdLxV,6256.14,612.843,1415.43,7231853.429
16-05-2020 11:45,McdE0feGgRqW7Ca,9172.88,897.212,2883.25,7168318.250
28-05-2020 15:45,1BY6WEcLGh8j5v7,7180.57,703.157,7346,6357179.000
26-05-2020 12:00,3PZuoBAID5Wc2HD,12036.1,1173.97,4218.29,7074854.286
12-06-2020 16:00,ZoEaEvLYb1n2sOq,2858.57,280.629,5307.29,7306939.286
25-05-2020 08:15,uHbuxQJl8lW7ozc,5903.88,578.513,457,7112309.000
06-06-2020 21:00,WRmjgnKYAwPKWDb,0,0,6341,7196611.000
10-06-2020 05:45,zVJPv84UY57bAof,0,0,0,7310456.000
19-05-2020 04:00,ih0vzX44oOqAx2f,0,0,0,6210487.000
07-06-2020 10:45,ZnxXDlPa8U1GXgE,13113.5,1278.56,2178.38,6695232.375
18-05-2020 11:45,WRmjgnKYAwPKWDb,6227,610.062,1459.75,7050563.750
25-05-2020 02:00,VHMLBKoKgIrUVDU,0,0,0,7280512.000
08-06-2020 01:30,zVJPv84UY57bAof,0,0,0,7293790.000
14-06-2020 19:15,z9Y9gH1T5YWrNuG,0,0,7238,7232468.000
05-06-2020 10:30,McdE0feGgRqW7Ca,10659.4,1040.81,2143.25,7318904.250
07-06-2020 15:00,rGa61gmuvPhdLxV,9642.14,941.543,6672.57,7286173.571
18-05-2020 19:15,3PZuoBAID5Wc2HD,0,0,5435,7013918.000
04-06-2020 09:45,z9Y9gH1T5YWrNuG,6938,678.612,1463.88,7156576.875
11-06-2020 03:30,wCURE6d3bPkepu2,0,0,0,6982403.000
17-05-2020 23:00,bvBOhCH3iADSZry,0,0,6928,6335576.000
03-06-2020 14:45,uHbuxQJl8lW7ozc,9719,950.071,6109,7184514.000
17-05-2020 23:00,ZnxXDlPa8U1GXgE,0,0,7586,6542738.000
22-05-2020 10:30,zVJPv84UY57bAof,5740,562.529,1827.57,7166950.571
08-06-2020 21:30,3PZuoBAID5Wc2HD,0,0,8509,7175733.000
01-06-2020 21:15,wCURE6d3bPkepu2,0,0,5939,6915344.000
14-06-2020 05:30,wCURE6d3bPkepu2,0,0,0,7002369.000
28-05-2020 01:00,1BY6WEcLGh8j5v7,0,0,0,6349833.000
05-06-2020 23:00,zBIq5rxdHJRwDNY,0,0,7723,6500302.000
24-05-2020 13:00,ih0vzX44oOqAx2f,12043.9,1174.27,4826.71,6253764.714
19-05-2020 22:30,wCURE6d3bPkepu2,0,0,6956,6815349.000
21-05-2020 21:00,VHMLBKoKgIrUVDU,0,0,0,7256361.000
11-06-2020 15:00,sjndEbLyjtCKgGv,7524.88,736.575,4468.88,7220068.875
30-05-2020 13:00,3PZuoBAID5Wc2HD,9342.14,913.714,3723.29,7105912.286
22-05-2020 09:15,pkci93gMrogZuBj,5902,578.257,971.714,7218947.714
16-06-2020 02:45,z9Y9gH1T5YWrNuG,0,0,0,7239184.000
03-06-2020 14:45,1BY6WEcLGh8j5v7,8804,860.987,5742.75,6396210.750
29-05-2020 20:30,adLQvlD726eNBSB,0,0,8343,6387352.000
24-05-2020 23:15,z9Y9gH1T5YWrNuG,0,0,7876,7080638.000
21-05-2020 09:45,adLQvlD726eNBSB,10644.4,1040.1,1781.29,6315396.286
27-05-2020 07:15,uHbuxQJl8lW7ozc,1904.88,186.463,133.625,7128671.625
15-05-2020 04:00,7JYdWkrLSPkdwr4,0,0,0,7602960.000
01-06-2020 16:00,pkci93gMrogZuBj,1675.71,163.986,5244.71,7300035.714
09-06-2020 18:30,uHbuxQJl8lW7ozc,88.1429,8.51429,8308.43,7233862.429
17-05-2020 16:15,WRmjgnKYAwPKWDb,4881.14,478.757,7263.29,7048693.286
16-06-2020 13:15,z9Y9gH1T5YWrNuG,7248.29,709.729,4065.29,7243249.286
30-05-2020 03:15,3PZuoBAID5Wc2HD,0,0,0,7102189.000
17-06-2020 10:15,bvBOhCH3iADSZry,6215,608.938,1318.75,6534867.750
22-05-2020 03:15,7JYdWkrLSPkdwr4,0,0,0,7651635.000
02-06-2020 16:15,rGa61gmuvPhdLxV,5059.38,496.238,6951.75,7248920.750
01-06-2020 11:15,pkci93gMrogZuBj,6662.38,651.825,2943.62,7297734.625
17-06-2020 23:45,bvBOhCH3iADSZry,0,0,5460,6539009.000
31-05-2020 06:15,YxYtjZvoooNbGkE,459.125,44.4125,7,7299776.000
16-05-2020 08:15,rGa61gmuvPhdLxV,4699.57,461.029,436.429,7118302.429
12-06-2020 11:15,iCRJl6heRkivqQ3,8165.14,799.1,1929.57,7387400.571
14-06-2020 03:30,3PZuoBAID5Wc2HD,0,0,0,7210719.000
29-05-2020 16:45,YxYtjZvoooNbGkE,3626.43,356.414,7855.29,7292259.286
22-05-2020 12:15,3PZuoBAID5Wc2HD,9636.14,941.986,3639.43,7040940.429
15-05-2020 22:00,YxYtjZvoooNbGkE,0,0,6291,7186257.000
03-06-2020 08:30,zVJPv84UY57bAof,4530.5,444.762,553.5,7255770.500
15-06-2020 15:15,7JYdWkrLSPkdwr4,5934.75,581.475,5790.88,7833948.875
12-06-2020 13:00,bvBOhCH3iADSZry,7366.12,721.263,3132.88,6507539.875
28-05-2020 17:45,wCURE6d3bPkepu2,699.25,67.725,8486.62,6887681.625
18-05-2020 15:00,rGa61gmuvPhdLxV,7950.71,778.214,4138.43,7135675.429
20-05-2020 10:45,1BY6WEcLGh8j5v7,10358.3,1012.6,2560.14,6292657.143
17-06-2020 13:00,3PZuoBAID5Wc2HD,7425,726.987,3932.75,7235305.750
10-06-2020 19:00,1BY6WEcLGh8j5v7,0,0,5911,6444981.000
17-06-2020 00:15,iCRJl6heRkivqQ3,0,0,0,7420306.000
12-06-2020 10:15,ZoEaEvLYb1n2sOq,7609.12,744.9,1197.75,7302829.750
17-06-2020 17:00,zVJPv84UY57bAof,1322.71,128.843,5770.71,7363132.714
22-05-2020 17:00,rGa61gmuvPhdLxV,1442,140.562,6662.5,7167061.500
12-06-2020 04:15,ih0vzX44oOqAx2f,0,0,0,6386553.000
17-06-2020 19:30,bvBOhCH3iADSZry,0,0,5460,6539009.000
19-05-2020 16:30,iCRJl6heRkivqQ3,4700.5,461.262,6643.25,7210410.250
02-06-2020 06:30,rGa61gmuvPhdLxV,497.875,48.1375,16.875,7241985.875
24-05-2020 20:30,uHbuxQJl8lW7ozc,0,0,8106,7111852.000
13-06-2020 18:15,ih0vzX44oOqAx2f,291.125,28.125,8250,6400513.000
13-06-2020 04:00,pkci93gMrogZuBj,0,0,0,7380807.000
02-06-2020 01:15,pkci93gMrogZuBj,0,0,0,7300300.000
26-05-2020 22:45,YxYtjZvoooNbGkE,0,0,0,7269333.000
22-05-2020 06:30,7JYdWkrLSPkdwr4,898.571,87.2429,27.7143,7651662.714
31-05-2020 14:30,ih0vzX44oOqAx2f,2246.62,220.262,5227.12,6307494.125
08-06-2020 06:45,iCRJl6heRkivqQ3,1102.5,107.175,45.5,7356556.500
29-05-2020 20:30,7JYdWkrLSPkdwr4,0,0,8007,7714835.000
26-05-2020 11:00,YxYtjZvoooNbGkE,11919.8,1162.91,3076.38,7264540.375
08-06-2020 00:15,rGa61gmuvPhdLxV,0,0,0,7287673.000
20-05-2020 22:30,sjndEbLyjtCKgGv,0,0,8777,7058061.000
12-06-2020 01:00,rGa61gmuvPhdLxV,0,0,0,7316432.000
07-06-2020 00:30,1BY6WEcLGh8j5v7,0,0,0,6418482.000
16-06-2020 21:45,pkci93gMrogZuBj,0,0,6261,7409478.000
14-06-2020 19:00,sjndEbLyjtCKgGv,0,0,7307,7242811.000
05-06-2020 23:00,zVJPv84UY57bAof,0,0,7817,7279090.000
28-05-2020 18:15,z9Y9gH1T5YWrNuG,264.714,25.5857,8474,7112359.000
14-06-2020 19:30,rGa61gmuvPhdLxV,0,0,7302,7337972.000
26-05-2020 11:00,rGa61gmuvPhdLxV,12278.8,1197.88,3009.38,7195111.375
16-06-2020 20:30,zBIq5rxdHJRwDNY,0,0,5719,6577552.000
06-06-2020 01:45,7JYdWkrLSPkdwr4,0,0,0,7764140.000
14-06-2020 13:45,zBIq5rxdHJRwDNY,11909.4,1162.58,4896.62,6562718.625
09-06-2020 00:00,McdE0feGgRqW7Ca,0,0,0,7346782.000
17-06-2020 15:00,wCURE6d3bPkepu2,5077.75,497.8,5343.75,7028061.750
09-06-2020 07:45,bvBOhCH3iADSZry,2368.86,232.4,262,6486248.000
22-05-2020 18:30,YxYtjZvoooNbGkE,0,0,7087,7236121.000
02-06-2020 06:00,wCURE6d3bPkepu2,92.7143,8.94286,0.571429,6915344.571
12-06-2020 19:30,ZoEaEvLYb1n2sOq,0,0,5753,7307385.000
09-06-2020 00:30,ZnxXDlPa8U1GXgE,0,0,0,6709698.000
12-06-2020 19:15,1BY6WEcLGh8j5v7,0,0,5441,6455679.000
03-06-2020 16:15,sjndEbLyjtCKgGv,4077.38,399.925,7303,7162750.000
09-06-2020 19:30,bvBOhCH3iADSZry,0,0,7361,6493347.000
25-05-2020 20:30,z9Y9gH1T5YWrNuG,0,0,8802,7089440.000
07-06-2020 04:00,3PZuoBAID5Wc2HD,0,0,0,7158982.000
15-06-2020 00:15,zVJPv84UY57bAof,0,0,0,7344280.000
25-05-2020 00:45,3PZuoBAID5Wc2HD,0,0,0,7061568.000
26-05-2020 17:45,ZoEaEvLYb1n2sOq,494.75,47.8625,7760.75,7186674.750
16-06-2020 15:30,adLQvlD726eNBSB,6467.86,633.586,5679.71,6517681.714
06-06-2020 23:45,zVJPv84UY57bAof,0,0,0,7285530.000
05-06-2020 23:45,wCURE6d3bPkepu2,0,0,3874,6946769.000
08-06-2020 10:45,WRmjgnKYAwPKWDb,11490.3,1121.14,2761.14,7207443.143
15-05-2020 12:30,adLQvlD726eNBSB,10091.7,985.214,3178.14,6274533.143
04-06-2020 04:00,sjndEbLyjtCKgGv,0,0,0,7163293.000
04-06-2020 18:45,7JYdWkrLSPkdwr4,0,0,7999,7756621.000
15-06-2020 07:15,YxYtjZvoooNbGkE,2106.57,206.429,151.286,7406853.286
17-05-2020 16:30,wCURE6d3bPkepu2,4061.75,398.575,7228.25,6802698.250
19-05-2020 01:30,zBIq5rxdHJRwDNY,0,0,0,6365047.000
24-05-2020 04:45,zVJPv84UY57bAof,0,0,0,7180838.000
07-06-2020 00:00,YxYtjZvoooNbGkE,0,0,0,7348812.000
29-05-2020 07:45,1IF53ai7Xc0U56Y,2811.86,275.9,256.286,6290214.286
02-06-2020 09:45,ih0vzX44oOqAx2f,9622.57,941.014,1686.71,6315669.714
17-05-2020 04:30,1IF53ai7Xc0U56Y,0,0,0,6196594.000
14-06-2020 07:00,ih0vzX44oOqAx2f,1861.38,182.238,69.25,6400587.250
13-06-2020 19:45,sjndEbLyjtCKgGv,0,0,8403,7235504.000
15-05-2020 17:00,YxYtjZvoooNbGkE,2377.62,233.225,6157.25,7186123.250
27-05-2020 08:30,bvBOhCH3iADSZry,4887,479.414,628.429,6400328.429
06-06-2020 02:00,bvBOhCH3iADSZry,0,0,0,6467251.000
27-05-2020 00:30,rGa61gmuvPhdLxV,0,0,0,7199869.000
12-06-2020 09:30,rGa61gmuvPhdLxV,5379.29,527.257,764.571,7317196.571
14-06-2020 18:45,3PZuoBAID5Wc2HD,0,0,7504,7218223.000
27-05-2020 01:30,wCURE6d3bPkepu2,0,0,0,6872485.000
12-06-2020 01:45,wCURE6d3bPkepu2,0,0,0,6988054.000
16-06-2020 10:00,ZoEaEvLYb1n2sOq,11288.4,1102.09,1633.25,7331324.250
05-06-2020 08:45,WRmjgnKYAwPKWDb,7819.86,765.143,773.714,7183438.714
31-05-2020 03:00,7JYdWkrLSPkdwr4,0,0,0,7721978.000
13-06-2020 01:45,ZoEaEvLYb1n2sOq,0,0,0,7307385.000
09-06-2020 19:45,zVJPv84UY57bAof,0,0,8289,7310456.000
22-05-2020 04:45,z9Y9gH1T5YWrNuG,0,0,0,7057147.000
22-05-2020 00:15,YxYtjZvoooNbGkE,0,0,0,7229034.000
05-06-2020 17:00,ZnxXDlPa8U1GXgE,4009.86,393.4,7299,6686361.000
19-05-2020 03:15,ZnxXDlPa8U1GXgE,0,0,0,6548162.000
23-05-2020 10:30,zVJPv84UY57bAof,9363.12,915.325,2320.25,7174614.250
19-05-2020 22:00,sjndEbLyjtCKgGv,0,0,6879,7049284.000
18-05-2020 17:15,3PZuoBAID5Wc2HD,1668,163.214,5354.14,7013837.143
31-05-2020 17:15,sjndEbLyjtCKgGv,1790.5,175.5,5881.75,7142136.750
25-05-2020 13:15,zBIq5rxdHJRwDNY,11526.8,1124.63,5476.33,6417234.333
17-06-2020 00:15,ZnxXDlPa8U1GXgE,0,0,0,6764808.000
03-06-2020 19:45,bvBOhCH3iADSZry,0,0,7237,6452724.000
08-06-2020 13:15,pkci93gMrogZuBj,8984.86,877.686,5249.86,7351381.857
05-06-2020 02:30,1BY6WEcLGh8j5v7,0,0,0,6405380.000
15-06-2020 16:30,uHbuxQJl8lW7ozc,3499.88,344.038,6549,7274386.000
22-05-2020 09:00,rGa61gmuvPhdLxV,4814.6,472.28,838,7161237.000
31-05-2020 15:30,wCURE6d3bPkepu2,3348.5,328.988,5740,6908898.000
17-05-2020 09:30,VHMLBKoKgIrUVDU,8633.25,844.7,1373.38,7220753.375
09-06-2020 01:45,3PZuoBAID5Wc2HD,0,0,0,7175733.000
22-05-2020 09:00,WRmjgnKYAwPKWDb,4839.29,474.557,903.429,7078261.429
27-05-2020 09:00,ZoEaEvLYb1n2sOq,7891.43,772.429,993.429,7187683.429
28-05-2020 02:00,zBIq5rxdHJRwDNY,0,0,0,6434083.000
08-06-2020 06:15,zVJPv84UY57bAof,454.429,43.9286,6.14286,7293796.143
13-06-2020 16:45,sjndEbLyjtCKgGv,2123.12,208.025,8217.75,7235318.750
02-06-2020 07:15,3PZuoBAID5Wc2HD,1727.57,169.043,106.714,7121375.714
20-05-2020 08:00,ZoEaEvLYb1n2sOq,5110.71,501.1,392.571,7130724.571
02-06-2020 12:30,ZoEaEvLYb1n2sOq,8711.5,851.913,3752.38,7232192.375
23-05-2020 19:15,wCURE6d3bPkepu2,0,0,8605,6847830.000
22-05-2020 21:45,adLQvlD726eNBSB,0,0,7378,6328951.000
14-06-2020 14:30,1BY6WEcLGh8j5v7,7387.14,723.214,2561.43,6466224.429
15-06-2020 21:15,7JYdWkrLSPkdwr4,0,0,6641,7834799.000
30-05-2020 20:00,McdE0feGgRqW7Ca,0,0,7352,7280565.000
03-06-2020 10:30,rGa61gmuvPhdLxV,9038.14,884.129,1708.71,7251038.714
01-06-2020 17:00,McdE0feGgRqW7Ca,1345.62,130.963,5895.5,7292655.500
15-05-2020 02:00,7JYdWkrLSPkdwr4,0,0,0,7602960.000
03-06-2020 19:30,bvBOhCH3iADSZry,0,0,7237,6452724.000
07-06-2020 10:00,uHbuxQJl8lW7ozc,6715.38,657.775,1475.25,7210330.250
12-06-2020 01:30,ZoEaEvLYb1n2sOq,0,0,0,7301632.000
12-06-2020 01:45,WRmjgnKYAwPKWDb,0,0,0,7232986.000
30-05-2020 18:15,3PZuoBAID5Wc2HD,290.571,28.0857,7295.57,7109484.571
20-05-2020 03:30,zBIq5rxdHJRwDNY,0,0,0,6371971.000
28-05-2020 14:45,YxYtjZvoooNbGkE,7674.86,751.071,6832,7282861.000
03-06-2020 00:00,ZnxXDlPa8U1GXgE,0,0,0,6662968.000
20-05-2020 20:45,zVJPv84UY57bAof,0,0,8842,7157179.000
06-06-2020 10:15,uHbuxQJl8lW7ozc,8708.88,850.362,2036.75,7204409.750
04-06-2020 13:15,wCURE6d3bPkepu2,12499.3,1219.56,4895.29,6935671.286
02-06-2020 03:30,bvBOhCH3iADSZry,0,0,0,6438645.000
27-05-2020 05:45,1BY6WEcLGh8j5v7,0,0,0,6343669.000
10-06-2020 20:45,z9Y9gH1T5YWrNuG,0,0,6412,7205465.000
11-06-2020 03:45,YxYtjZvoooNbGkE,0,0,0,7379687.000
27-05-2020 06:30,1BY6WEcLGh8j5v7,792,76.8286,19,6343688.000
11-06-2020 10:30,7JYdWkrLSPkdwr4,5683.29,557,1191.86,7802282.857
16-05-2020 15:45,WRmjgnKYAwPKWDb,3861.75,379.512,6147.25,7040962.250
14-06-2020 01:00,zVJPv84UY57bAof,0,0,0,7336960.000
21-05-2020 09:15,McdE0feGgRqW7Ca,9075.43,887.786,1206.43,7202268.429
30-05-2020 00:00,ZoEaEvLYb1n2sOq,0,0,0,7209600.000
31-05-2020 09:45,zBIq5rxdHJRwDNY,6155.14,602.986,1264,6458565.000
25-05-2020 02:30,adLQvlD726eNBSB,0,0,0,6346131.000
20-05-2020 07:45,YxYtjZvoooNbGkE,4256.75,418.1,286.625,7212762.625
14-06-2020 07:15,zBIq5rxdHJRwDNY,3147.14,309.243,132.857,6557954.857
24-05-2020 11:30,1BY6WEcLGh8j5v7,12591.8,1227.71,3125.75,6323528.750
22-05-2020 14:45,3PZuoBAID5Wc2HD,10507.7,1027.13,6218.43,7043519.429
31-05-2020 02:30,3PZuoBAID5Wc2HD,0,0,0,7109488.000
28-05-2020 18:00,zVJPv84UY57bAof,486.125,47,8378,7220460.000
30-05-2020 19:15,WRmjgnKYAwPKWDb,0,0,7130,7148029.000
18-05-2020 15:00,ZnxXDlPa8U1GXgE,7872.5,770.612,4203.25,6546941.250
06-06-2020 07:15,z9Y9gH1T5YWrNuG,3304.62,324.688,162.625,7171163.625
10-06-2020 04:45,ZoEaEvLYb1n2sOq,0,0,0,7289679.000
27-05-2020 06:15,z9Y9gH1T5YWrNuG,376.25,36.35,6.5,7097189.500
06-06-2020 17:30,ZnxXDlPa8U1GXgE,451.429,43.6429,6333.14,6693032.143
27-05-2020 15:30,ih0vzX44oOqAx2f,8959.43,876.443,5670,6277961.000
20-05-2020 03:00,pkci93gMrogZuBj,0,0,0,7201349.000
20-05-2020 06:00,ZoEaEvLYb1n2sOq,96.7143,9.34286,0.428571,7130332.429
21-05-2020 21:45,zBIq5rxdHJRwDNY,0,0,7737,6388599.000
17-05-2020 16:45,ZnxXDlPa8U1GXgE,3781.71,371.414,7385.29,6542537.286
18-05-2020 18:45,1BY6WEcLGh8j5v7,0,0,4998,6283648.000
18-05-2020 22:15,bvBOhCH3iADSZry,0,0,4962,6340538.000
22-05-2020 10:45,sjndEbLyjtCKgGv,8294.62,810.6,1959.88,7067845.875
22-05-2020 10:15,uHbuxQJl8lW7ozc,8372.12,819.2,1676.75,7089652.750
17-06-2020 13:30,1IF53ai7Xc0U56Y,9940.12,971.35,4385.25,6431917.250
22-05-2020 10:30,bvBOhCH3iADSZry,6874.57,672.743,1750.14,6363898.143
01-06-2020 04:15,bvBOhCH3iADSZry,0,0,0,6433267.000
22-05-2020 08:45,7JYdWkrLSPkdwr4,3877.75,380.812,770.75,7652405.750
17-06-2020 20:30,iCRJl6heRkivqQ3,0,0,5957,7426263.000
31-05-2020 11:00,ZnxXDlPa8U1GXgE,7174.71,702,2347.43,6645730.429
07-06-2020 11:30,wCURE6d3bPkepu2,11830.1,1154.67,3100.38,6956194.375
06-06-2020 18:00,VHMLBKoKgIrUVDU,236.375,22.8125,6429,7377983.000
15-05-2020 07:45,wCURE6d3bPkepu2,2043.5,200.325,222.5,6782820.500
19-05-2020 13:00,rGa61gmuvPhdLxV,9075.71,887.6,3937.71,7140839.714
20-05-2020 19:45,ih0vzX44oOqAx2f,0,0,8664,6225941.000
25-05-2020 10:45,3PZuoBAID5Wc2HD,11998.1,1169.8,2885.38,7064453.375
26-05-2020 03:45,7JYdWkrLSPkdwr4,0,0,0,7684020.000
15-06-2020 07:15,iCRJl6heRkivqQ3,2143.25,209.975,151.75,7407375.750
14-06-2020 04:15,WRmjgnKYAwPKWDb,0,0,0,7247179.000
02-06-2020 23:30,iCRJl6heRkivqQ3,0,0,7465,7317813.000
09-06-2020 12:45,zBIq5rxdHJRwDNY,9451.38,923.275,4692.75,6527961.750
13-06-2020 08:45,ZoEaEvLYb1n2sOq,6877.14,673.329,858.714,7308243.714
02-06-2020 02:45,uHbuxQJl8lW7ozc,0,0,0,7170942.000
12-06-2020 23:45,adLQvlD726eNBSB,0,0,5132.57,6488722.000
07-06-2020 02:00,1IF53ai7Xc0U56Y,0,0,0,6355099.000
25-05-2020 04:15,1BY6WEcLGh8j5v7,0,0,0,6327940.000
17-06-2020 03:00,zBIq5rxdHJRwDNY,0,0,0,6577552.000
29-05-2020 09:15,z9Y9gH1T5YWrNuG,8980.86,878.529,1016.43,7113378.429
24-05-2020 18:45,uHbuxQJl8lW7ozc,0,0,8106,7111852.000
13-06-2020 17:45,wCURE6d3bPkepu2,926.5,89.9625,8427.12,7002335.125
22-05-2020 10:00,zBIq5rxdHJRwDNY,7977.57,779.986,1462,6390061.000
28-05-2020 04:15,uHbuxQJl8lW7ozc,0,0,0,7135258.000
08-06-2020 07:45,ZnxXDlPa8U1GXgE,4066.29,399.329,261,6701524.000
23-05-2020 18:45,rGa61gmuvPhdLxV,0,0,8152,7175293.000
13-06-2020 16:15,bvBOhCH3iADSZry,2711.14,266.086,7539.57,6517318.571
03-06-2020 20:30,7JYdWkrLSPkdwr4,0,0,7749,7748622.000
30-05-2020 20:45,YxYtjZvoooNbGkE,0,0,7266,7299769.000
04-06-2020 21:30,sjndEbLyjtCKgGv,0,0,0,7171518.000
09-06-2020 17:00,pkci93gMrogZuBj,3330.71,327.471,8006.29,7362482.286
24-05-2020 14:00,YxYtjZvoooNbGkE,9418,920.312,6014.5,7250694.500
21-05-2020 13:15,3PZuoBAID5Wc2HD,13309.9,1297.71,5226.5,7034720.500
31-05-2020 15:45,iCRJl6heRkivqQ3,3089,303.488,5539.12,7304137.125
02-06-2020 16:00,rGa61gmuvPhdLxV,6818.86,667.8,6793.86,7248762.857
01-06-2020 20:00,z9Y9gH1T5YWrNuG,0,0,5931,7139828.000
07-06-2020 10:30,zVJPv84UY57bAof,9446,923.814,1881.14,7287411.143
12-06-2020 02:00,uHbuxQJl8lW7ozc,0,0,0,7246206.000
20-05-2020 06:00,sjndEbLyjtCKgGv,99.1429,9.58571,0.428571,7049284.429
09-06-2020 11:15,sjndEbLyjtCKgGv,12624.7,1231.49,3291.29,7204216.286
04-06-2020 00:00,ZoEaEvLYb1n2sOq,0,0,0,7243501.000
27-05-2020 16:15,zBIq5rxdHJRwDNY,4900.5,480.225,5978.12,6433680.125
03-06-2020 22:00,McdE0feGgRqW7Ca,0,0,8010,7308369.000
30-05-2020 07:45,rGa61gmuvPhdLxV,2339.75,229.412,227.875,7223301.875
23-05-2020 15:45,YxYtjZvoooNbGkE,7791.86,762.771,7613.14,7243734.143
16-05-2020 08:45,adLQvlD726eNBSB,6839.12,669.812,764,6278502.000
19-05-2020 13:30,1BY6WEcLGh8j5v7,7291.43,713.914,4062.14,6287710.143
07-06-2020 04:30,z9Y9gH1T5YWrNuG,0,0,0,7177289.000
06-06-2020 09:30,zBIq5rxdHJRwDNY,8558,836.971,1306.86,6501608.857
01-06-2020 09:15,zBIq5rxdHJRwDNY,5917.38,579.95,1252.62,6464491.625
31-05-2020 23:30,zBIq5rxdHJRwDNY,0,0,0,6463239.000
17-05-2020 01:45,WRmjgnKYAwPKWDb,0,0,0,7041430.000
28-05-2020 03:15,rGa61gmuvPhdLxV,0,0,0,7206549.000
02-06-2020 07:00,sjndEbLyjtCKgGv,1711.71,167.486,60.2857,7148068.286
24-05-2020 08:00,iCRJl6heRkivqQ3,4865.12,477.163,387.625,7243607.625
27-05-2020 22:15,rGa61gmuvPhdLxV,0,0,0,7206549.000
16-05-2020 03:45,McdE0feGgRqW7Ca,0,0,0,7165435.000
15-05-2020 07:30,bvBOhCH3iADSZry,1865.14,182.8,162.857,6316965.857
23-05-2020 04:30,z9Y9gH1T5YWrNuG,0,0,0,7064219.000
05-06-2020 00:15,uHbuxQJl8lW7ozc,0,0,0,7194535.000
13-06-2020 01:45,pkci93gMrogZuBj,0,0,0,7380807.000
01-06-2020 07:00,uHbuxQJl8lW7ozc,2111.12,207,98.875,7165451.875
13-06-2020 23:00,pkci93gMrogZuBj,0,0,8354,7389161.000
20-05-2020 00:30,1IF53ai7Xc0U56Y,0,0,0,6216430.000
31-05-2020 09:45,adLQvlD726eNBSB,6649.62,651.188,1217.62,6395988.625
25-05-2020 14:30,sjndEbLyjtCKgGv,10647.9,1040.79,7080.14,7096431.143
16-06-2020 19:30,McdE0feGgRqW7Ca,0,0,6365,7402595.000
16-06-2020 10:30,rGa61gmuvPhdLxV,8414.88,823.462,2137,7346841.000
09-06-2020 21:00,uHbuxQJl8lW7ozc,0,0,8309,7233863.000
26-05-2020 00:30,YxYtjZvoooNbGkE,0,0,0,7261464.000
01-06-2020 00:45,ih0vzX44oOqAx2f,0,0,0,6308232.000
28-05-2020 21:15,3PZuoBAID5Wc2HD,0,0,8528,7093979.000
02-06-2020 06:45,zVJPv84UY57bAof,820.571,79.6286,31.7143,7247797.714
14-06-2020 14:15,ZnxXDlPa8U1GXgE,11710.6,1142.88,5602.12,6749945.125
16-06-2020 14:15,uHbuxQJl8lW7ozc,4756.62,466.625,4774.25,7279517.250
08-06-2020 23:45,1BY6WEcLGh8j5v7,0,0,7864,6431614.000
27-05-2020 20:00,adLQvlD726eNBSB,0,0,6857,6370373.000
07-06-2020 01:30,rGa61gmuvPhdLxV,0,0,0,7279501.000
06-06-2020 21:00,ih0vzX44oOqAx2f,0,0,6197,6350673.000
18-05-2020 02:45,zBIq5rxdHJRwDNY,0,0,0,6359657.000
19-05-2020 07:30,1IF53ai7Xc0U56Y,2711.14,265.929,188.857,6209994.857
18-05-2020 23:30,YxYtjZvoooNbGkE,0,0,5369,7205598.000
28-05-2020 08:15,WRmjgnKYAwPKWDb,6104.12,598.112,591,7125129.000
21-05-2020 20:30,pkci93gMrogZuBj,0,0,7778,7217976.000
05-06-2020 05:45,7JYdWkrLSPkdwr4,0,0,0,7756621.000
02-06-2020 22:00,pkci93gMrogZuBj,0,0,7350,7307650.000
13-06-2020 11:30,pkci93gMrogZuBj,13125.3,1279.7,3415.71,7384222.714
25-05-2020 16:45,ZnxXDlPa8U1GXgE,1341.12,130.5,8796.25,6604552.250
15-06-2020 12:30,ZoEaEvLYb1n2sOq,5858.14,574.071,4093.57,7327145.571
04-06-2020 04:15,1IF53ai7Xc0U56Y,0,0,0,6332659.000
28-05-2020 16:45,sjndEbLyjtCKgGv,3904.71,383.486,8074.14,7120639.143
28-05-2020 03:15,ZnxXDlPa8U1GXgE,0,0,0,6619376.000
17-05-2020 10:15,rGa61gmuvPhdLxV,9486.43,927.8,2014.29,7126113.286
03-06-2020 19:45,wCURE6d3bPkepu2,0,0,7907,6930776.000
13-06-2020 13:15,VHMLBKoKgIrUVDU,9266.57,905.529,5696.29,7426610.286
25-05-2020 05:00,adLQvlD726eNBSB,0,0,0,6346131.000
03-06-2020 02:30,ZnxXDlPa8U1GXgE,0,0,0,6662968.000
21-05-2020 15:00,ZoEaEvLYb1n2sOq,10241.6,1000.89,6623.5,7145691.500
15-05-2020 19:15,bvBOhCH3iADSZry,0,0,5707,6322510.000
31-05-2020 08:00,sjndEbLyjtCKgGv,2754.57,270.314,253.286,7136508.286
26-05-2020 04:00,uHbuxQJl8lW7ozc,0,0,0,7120696.000
09-06-2020 01:15,pkci93gMrogZuBj,0,0,0,7354476.000
24-05-2020 23:45,WRmjgnKYAwPKWDb,0,0,8091,7101117.000
01-06-2020 22:30,sjndEbLyjtCKgGv,0,0,5766,7148008.000
22-05-2020 09:15,7JYdWkrLSPkdwr4,5459,535.05,1018.88,7652653.875
25-05-2020 21:30,McdE0feGgRqW7Ca,0,0,8958,7241649.000
05-06-2020 12:45,zVJPv84UY57bAof,5317.29,521.371,4029.29,7275302.286
24-05-2020 02:30,WRmjgnKYAwPKWDb,0,0,0,7093026.000
25-05-2020 21:30,zBIq5rxdHJRwDNY,0,0,8443,6420201.000
02-06-2020 00:00,1IF53ai7Xc0U56Y,0,0,0,6317444.000
17-05-2020 21:30,McdE0feGgRqW7Ca,0,0,7606,7179627.000
04-06-2020 10:00,z9Y9gH1T5YWrNuG,10364.7,1011.84,1668.29,7156781.286
10-06-2020 07:45,VHMLBKoKgIrUVDU,4396.29,431.6,326.429,7403142.429
24-05-2020 15:45,1BY6WEcLGh8j5v7,3352,328.538,6880.62,6327283.625
09-06-2020 01:45,YxYtjZvoooNbGkE,0,0,0,7365310.000
